smiles,activity,docking_score,ml_prob
Brc1cc(CNc2ccc3c(c2)CNC3)c2cc[nH]c2c1,0,-6.982,0.043333333333333335
Brc1ccc(-c2ncc(OCC3CCNCC3)nc2-c2ccc(Br)cc2)cc1,0,-6.972,0.26666666666666666
Brc1cccc2cn(Cc3ncccn3)nc12,0,-5.595,0.043333333333333335
Brc1ccsc1CSc1cnn[nH]1,0,-4.081,0.03333333333333333
Brc1cnc(Sc2ncc[nH]2)nc1,0,-4.447,0.023333333333333334
Brc1cnn(C2CCN(Cc3csnn3)CC2)c1,0,-4.544,0.006666666666666667
Brc1csc(CNCCc2nnc[nH]2)c1,0,-4.901,0.016666666666666666
Brc1nc(Br)n(Cc2cscn2)n1,0,-3.747,0.03666666666666667
C#CCn1ccnc(N2CC[C@H](CO)C2)c1=O,0,-5.369,0.01
C#C[C@H](Nc1cc([C@H]2CCOC2)ccn1)c1cc(C2CC2)n(C)n1,0,-6.329,0.0
C#C[C@H](Nc1ccc2c(c1)CNC2)c1cccc2[nH]c(=O)[nH]c12,0,-7.627,0.01
C#C[C@H](Nc1ccc2c(c1)CNC2)c1cccc2c1CCNC2=O,0,-6.845,0.02
C#C[C@H](Nc1cccc(-c2nn[nH]n2)c1)c1cc(Cl)cc(NC(=O)OCc2ccccc2)c1,1,-7.589,1.0
C#C[C@H](Nc1cccc(C(=O)O)c1)c1cc(Cl)cc2[nH]ncc12,0,-6.591,0.02666666666666667
C#Cc1cc(CN)ccc1NS(=O)(=O)c1ccc(Oc2ccccc2Cl)cc1,0,-6.581,0.023333333333333334
C#Cc1cc(Cl)cc(C(=O)Nc2ccc3c(c2)CNC3)c1,0,-6.936,0.0033333333333333335
C#Cc1cc(NC(=O)OCc2ccccc2)cc(C(=O)Nc2cccc(CN)c2)c1,0,-7.26,0.02666666666666667
C#Cc1ccnc(NC(=O)c2cc(C3CC3)n(C)c2C)c1,0,-6.309,0.02
C(#C[C@H](Nc1ccc2c(c1)CNC2)c1cccc2[nH]ncc12)c1ccccc1,0,-7.483,0.15
C1=C(c2cccnc2)CN(Cc2c[nH]c3ccccc23)CC1,0,-6.674,0.01
C=C(C)c1cc(NC(=O)OCc2ccccc2)cc(C(=O)Nc2cccc(CN)c2)c1,0,-7.836,0.016666666666666666
C=C(C)c1ccc(Cl)cc1[C@H](Nc1ccc2c(c1)CNC2)C(=O)NCC(F)F,0,-6.7,0.0
C=C(C)c1cccc([C@@H](NC(=O)OCc2ccccc2)C(=O)Nc2cccc(CN)c2)c1,0,-7.218,0.03305555555555556
C=C1C[C@H](c2cc(Cl)cc(NC(=O)OCc3ccccc3)c2)[C@@H](c2cccc(-c3nn[nH]n3)c2)C1,1,-8.539,1.0
C=C1C[C@H](c2cccc(CN)c2)[C@@H](c2cc(Cl)cc(NC(=O)OCc3ccccc3)c2)C1,0,-7.789,0.019444444444444445
C=CCNC(=O)C1(NC(=O)c2cccc3c2CC(=O)N3)CCCCC1,0,-6.806,0.02
C=CC[C@H](Nc1cc(CN)ccn1)c1cc(Cl)cc(NC(=O)OCc2ccccc2)c1,0,-6.742,0.01
C=CC[C@H](Nc1cc(Cl)cc(NC(=O)OCc2ccccc2)c1)c1ccc(-c2nn[nH]n2)cc1,1,-7.809,1.0
C=CC[C@H](Nc1cc(Cl)cc(NC(=O)OCc2ccccc2)c1)c1cccc(-c2nn[nH]n2)c1,1,-7.223,1.0
C=CC[C@H](Nc1cc(Cl)cc(NC(=O)OCc2ccccc2)c1)c1cccc(CN)c1,0,-7.438,0.03
C=CC[C@H](Nc1cc([C@H]2CCOC2)ccn1)c1cc(C2CC2)n(C)n1,0,-6.237,0.013333333333333334
C=CC[C@H](Nc1ccc(-c2nn[nH]n2)cc1)c1cc(Cl)cc(NC(=O)OCc2ccccc2)c1,1,-7.525,1.0
C=CC[C@H](Nc1ccc2c(c1)CNC2)c1cc(Cl)cc2[nH]ncc12,0,-6.406,0.0
C=CC[C@H](Nc1cccc(-c2nn[nH]n2)c1)c1cc(Cl)cc(NC(=O)OCc2ccccc2)c1,1,-7.45,1.0
C=CC[C@H](Nc1cccc(-c2nn[nH]n2)c1)c1cc(Cl)cc2[nH]ncc12,0,-6.578,0.05
C=CC[C@H](Nc1cccc(C(=O)O)c1)c1cc(Cl)cc2[nH]ncc12,0,-6.789,0.04
C=CC[C@H](Nc1cccc(C2(C(=O)O)CCC2)c1)c1cc(Cl)cc(NC(=O)OCc2ccccc2)c1,0,-7.28,0.11
C=CC[C@H](Nc1cccc(CN)n1)c1cc(Cl)cc(NC(=O)OCc2ccccc2)c1,0,-7.443,0.013333333333333334
C=CC[C@H](Nc1cccc(Cl)c1)c1cccc(-c2nn[nH]n2)c1,0,-6.308,0.04666666666666667
C=CC[C@H](Nc1cncc(Cl)c1)c1cccc(-c2nn[nH]n2)c1,0,-6.591,0.03333333333333333
C=CC[C@H]1NCc2cc(NC(=O)c3cc(Cl)cc4[nH]ncc34)ccc21,0,-7.132,0.006666666666666667
C=CC[C@H]1NCc2cc(NC(=O)c3cc(F)cc4[nH]ncc34)ccc21,0,-7.319,0.0
C=CC[C@H]1NCc2cc(NC(=O)c3cc(F)cc4c3CC(=O)N4)ccc21,0,-7.114,0.0
C=CC[C@H]1NCc2cc(NC(=O)c3ccc4c(c3)CC(=O)N4)ccc21,0,-7.559,0.02
C=CC[C@H]1NCc2cc(NC(=O)c3cccc4c3CC(=O)N4)ccc21,0,-7.416,0.0
C=CC[C@H]1NCc2cc(NCc3cc(Cl)cc4[nH]ncc34)ccc21,0,-6.831,0.0
C=CC[C@H]1NCc2cc(N[C@H](C(=O)NC(C)C)c3cc(Cl)cc4[nH]ncc34)ccc21,0,-7.266,0.02666666666666667
C=CC[C@H]1NCc2cc(N[C@H](C(=O)NC(C)C)c3cccc4[nH]ncc34)ccc21,0,-6.984,0.02
C=CC[C@H]1NCc2cc(N[C@H](C(=O)NCC(F)F)c3cc(Cl)cc(C4CC4)c3)ccc21,0,-7.495,0.01
C=CC[C@H]1c2ccc(NC(=O)c3cc(Br)cc4[nH]ccc34)cc2CN1C(=O)OC(C)(C)C,0,-7.626,0.03666666666666667
C=CC[C@]1(NC(=O)c2cc(Cl)cc(NC(=O)OCc3ccccc3)c2)CCNC1,0,-6.891,0.0
C=C[C@H]1NCc2cc(NC(=O)c3cc(F)cc4[nH]ncc34)ccc21,0,-7.871,0.006666666666666667
C=Cc1cc2c(cc1NC(=O)c1cc(F)cc3[nH]ncc13)CNC2,0,-7.087,0.006666666666666667
CC(=Cc1cc(Cl)cc(NC(=O)OCc2ccccc2)c1)c1cccc(CN)c1,0,-6.844,0.043333333333333335
CC(=Cc1cccc(-c2nnn[nH]2)c1)c1cc(Cl)cc(NC(=O)OCc2ccccc2)c1,1,-7.397,1.0
CC(=Cc1cccc(CN)c1)c1cc(Cl)cc(NC(=O)OCc2ccccc2)c1,0,-7.772,0.03666666666666667
CC(=O)N(c1ccc2c(c1)CNC2)[C@H](C(=O)NCC(F)F)c1cc(Cl)cc(C2CC2)c1,0,-6.416,0.0
CC(=O)N(c1ccc2c(c1)CNC2)[C@]1(c2cc(Cl)cc(C3CC3)c2)CCCN(C)C1=O,0,-6.962,0.01
CC(=O)N(c1ccc2c(c1)CNC2)[C@]1(c2cc(Cl)cc(C3CC3)c2)CN(C)C1=O,0,-6.595,0.0
CC(=O)N1CCC([C@H](NC(=O)OCc2ccccc2)C(=O)Nc2cccc(CN)c2)CC1,0,-7.44,0.0
CC(=O)N1CCC[C@H]1C(=O)N[C@@H](C(=O)Nc1cccc(CN)c1)c1ccc(OCc2ccccc2)cc1,0,-7.587,0.01
CC(=O)N1CCCc2cc(NC(=O)c3cc(C4CC4)n(C)c3C)ccc21,0,-6.694,0.0
CC(=O)N1CCN([C@H]2CC[C@H](NS(=O)(=O)c3ccc(Cl)cc3C(=O)O)CC2)CC1,0,-6.738,0.01
CC(=O)N1CC[C@]2(C1)C(=O)Nc1cccc(C(=O)Nc3ccc4c(c3)CNC4)c12,0,-7.011,0.016666666666666666
CC(=O)N1Cc2ccc(NC(=O)c3cc(Cl)cc4[nH]ncc34)cc2C1,0,-6.729,0.0
CC(=O)NCc1cccc(NC(=O)c2cc(Cl)cc(NC(=O)OCc3ccccc3)c2)c1,0,-7.424,0.0
CC(=O)N[C@@H](C(=O)Nc1cccc(CN)c1)c1ccc(OCc2ccccc2)cc1,0,-7.365,0.013333333333333334
CC(=O)N[C@@H](CCCCN)C(=O)N[C@@H](CCCCN)C(=O)N[C@H](C(=O)NCc1ccccc1)c1ccc(OCc2ccc(C(F)(F)F)cc2)cc1,1,-8.306,1.0
CC(=O)N[C@H](C(=O)N[C@H]1C(=O)O[C@H]1C)c1ccc(OCc2ccccc2)cc1,0,-6.761,0.04666666666666667
CC(=O)N[C@]1(C)C(=O)Nc2cc(F)cc(C(=O)Nc3ccc4c(c3)CNC4)c21,0,-7.197,0.006666666666666667
CC(=O)Nc1cc(Br)cc(C(=O)Nc2ccc3c(c2)CNC3)c1,0,-6.417,0.02
CC(=O)Nc1cc(Cl)cc(C(=O)Nc2cccc(CN)c2)c1,0,-6.442,0.013333333333333334
CC(=O)Nc1cccc(-c2ccc(S(=O)(=O)Nc3ccc(Cl)cc3C(=O)O)cc2)c1,0,-6.835,0.21333333333333335
CC(=O)Nc1cccc(C(=O)Nc2ccc3c(c2)CNC3)c1,0,-6.18,0.04666666666666667
CC(=O)Nc1cccc(C(=O)Nc2ccc3c(c2)CNC3)n1,0,-6.16,0.043333333333333335
CC(=O)Nc1cccc(CNC(=O)C2CCN(c3ccc(C=O)cc3)CC2)c1,0,-7.372,0.01
CC(C)(C#N)CS(=O)(=O)N1CCC([C@H](NC(=O)OCc2ccccc2)C(=O)Nc2cccc(CN)c2)CC1,0,-7.715,0.013333333333333334
CC(C)(C#N)c1cc(C(=O)Nc2cccc(CN)c2)cc(C(F)(F)F)c1,0,-7.295,0.02
CC(C)(C)C(=O)OCc1ccc(-c2ncc(OCC3CCNCC3)nc2-c2ccc(COC(=O)C(C)(C)C)cc2)cc1,0,-7.613,0.12666666666666668
CC(C)(C)Cn1c(=O)[nH]c2cccc(C(=O)Nc3cccc(CN)c3)c21,0,-7.281,0.0033333333333333335
CC(C)(C)NC(=O)C[C@H]1NCc2cc(NC(=O)c3cc(Cl)cc4[nH]ncc34)ccc21,0,-7.507,0.0033333333333333335
CC(C)(C)NC(=O)[C@H](Nc1ccc2c(c1)CNC2)c1cc(Cl)cc(C2CC2)c1,0,-7.626,0.0033333333333333335
CC(C)(C)NC(=O)[C@H](Nc1ccc2c(c1)CNC2)c1cc(Cl)cc2[nH]ncc12,0,-6.768,0.006666666666666667
CC(C)(C)NC(=O)[C@H](Nc1cccc(-c2nn[nH]n2)c1)c1cc(Cl)cc(NC(=O)OCc2ccccc2)c1,1,-7.741,1.0
CC(C)(C)NS(=O)(=O)c1cccc(C(=O)Nc2cccc(CN)c2)c1,0,-7.557,0.013333333333333334
CC(C)(C)OC(=O)Cc1cc(CN)cc(NC(=O)c2cc(Cl)cc(NC(=O)OCc3ccccc3)c2)c1,0,-7.058,0.06333333333333334
CC(C)(C)OC(=O)Cn1ccnc(N2CC[C@@H](CO)C2)c1=O,0,-6.136,0.0
CC(C)(C)OC(=O)N1Cc2cc(NC(=O)c3cc(Cl)cc4[nH]ncc34)cc(Br)c2C1,0,-7.172,0.013333333333333334
CC(C)(C)OC(=O)N1Cc2cc(NC(=O)c3cc(Cl)cc4c3cnn4[C@@H]3CCCCO3)ccc2[C@H]1CO,0,-7.979,0.023333333333333334
CC(C)(C)OC(=O)N1Cc2ccc(NC(=O)c3cc(Cl)cc4[nH]ncc34)cc2C1,0,-7.136,0.0033333333333333335
CC(C)(C)OC(=O)N1Cc2ccc(NC(=O)c3ccc4c(Br)csc4c3)cc2C1,0,-6.829,0.02666666666666667
CC(C)(C)OC(=O)N1Cc2ccc(N[C@H](C(=O)O)c3cc(Cl)cc4[nH]ncc34)cc2C1,0,-6.685,0.03333333333333333
CC(C)(C)OC(=O)NCc1cc(Br)cc(NC(=O)c2cc(Cl)cc(NC(=O)OCc3ccccc3)c2)c1,0,-7.045,0.07666666666666666
CC(C)(C)OC(=O)NCc1cc(Cl)cc(C(=O)O)c1,0,-5.959,0.013333333333333334
CC(C)(C)OC(=O)NCc1cc(NC(=O)c2cc(Cl)cc(NC(=O)OCc3ccccc3)c2)cc(-c2nn[nH]n2)c1,1,-8.305,1.0
CC(C)(C)OC(=O)NCc1ccc(I)c(NC(=O)c2cc(Cl)cc(NC(=O)OCc3ccccc3)c2)c1,0,-7.811,0.10666666666666667
CC(C)(C)OC(=O)NCc1cccc(NC(=O)C[C@H](N)c2ccc(OCc3ccccc3)c(Br)c2)c1,0,-7.12,0.06333333333333334
CC(C)(C)OC(=O)NCc1cccc(NC(=O)[C@@H](NC(=O)OCc2ccccc2)c2ccc(O)cc2)c1,0,-8.23,0.06
CC(C)(C)OC(=O)NCc1cccc(NC(=O)[C@@H](NC(=O)OCc2ccccc2)c2cccc(O)c2)c1,0,-7.769,0.06666666666666667
CC(C)(C)OC(=O)NCc1cccc(NC(=O)[C@H](NC(=O)OCc2ccccc2)C2CCNCC2)c1,0,-7.063,0.016666666666666666
CC(C)(C)OC(=O)NCc1cccc(NC(=O)c2cc(N)cc(Cl)c2)c1,0,-6.879,0.006666666666666667
CC(C)(C)OC(=O)Nc1cccc2[nH]cc(CN3CCC(c4cscn4)CC3)c12,0,-7.051,0.013333333333333334
CC(C)(C)O[C@H]1CCCN(C(=O)Nc2ccc3c(c2)CNC3)C1,0,-6.175,0.0033333333333333335
CC(C)(C)Oc1ccc(S(=O)(=O)Nc2ccc(Cl)cc2C(=O)O)cc1,0,-6.252,0.016666666666666666
CC(C)(C)SSC[C@@H](NC(=O)c1ccc(C2(C(F)(F)F)N=N2)cc1)C(=O)Nc1nc2cc(O)c(O)cc2s1,0,-7.923,0.15333333333333332
CC(C)(C)c1[nH]c2ccc(F)cc2c1Cc1ccc(-c2nnn[nH]2)cc1,0,-8.221,0.11666666666666667
CC(C)(C)c1cc(Br)cc(C(=O)Nc2ccc3c(c2)CNC3)c1,0,-6.721,0.0033333333333333335
CC(C)(C)c1cc(CN2CCC(c3cscn3)CC2)n[nH]1,0,-6.146,0.006666666666666667
CC(C)(C)c1cc(N2CCN(c3cccc4[nH]ncc34)CC2)nc(C(=O)O)n1,0,-7.295,0.016666666666666666
CC(C)(C)c1ccc(-c2ccc3c(C(=O)NCC4CCNCC4)c[nH]c3c2)cc1,0,-7.318,0.10666666666666667
CC(C)(C)c1ccc(-c2ccc3cc(C(=O)NCC4CCNCC4)[nH]c3c2)cc1,0,-8.207,0.12333333333333334
CC(C)(C)c1ccc(-c2ncc(OCC3CCNCC3)nc2-c2ccc(C(C)(C)C)cc2)cc1,1,-7.861,1.0
CC(C)(C)c1ccc(Cl)cc1C(=O)Nc1ccc2c(c1)CNC2,0,-6.951,0.0033333333333333335
CC(C)(C)c1ccc2[nH]cc(CN3CCC(c4cscn4)CC3)c2c1,0,-6.16,0.016666666666666666
CC(C)(C)c1nc2c(C(=O)Nc3ccc4c(c3)CNC4)cc(Br)cc2[nH]1,0,-7.057,0.006666666666666667
CC(C)(C)c1ncc(-c2ccc([C@@H](NC(=O)OCc3ccccc3)C(=O)Nc3cccc(CN)c3)cc2)o1,0,-7.812,0.09296296296296297
CC(C)(C)c1noc2nc(C(=O)Nc3ccc4c(c3)CNC4)ccc12,0,-7.113,0.0033333333333333335
CC(C)(CNCc1c[nH]c2ccccc12)c1cccnc1,0,-6.14,0.006666666666666667
CC(C)(CO)NC(=O)[C@@H](NC(=O)OCc1ccccc1)c1ccc(OCc2ccccc2)cc1,0,-7.891,0.01
CC(C)(CO)NC(=O)c1cc(Cl)cc(NC(=O)c2cc(Cl)ccc2O)c1,0,-7.602,0.19666666666666666
CC(C)(CO)NC(=O)c1cc(Cl)cc(NC(=O)c2ccc(O)nc2)c1,0,-6.51,0.03666666666666667
CC(C)(O)c1cncc(NC(=O)c2cccc3c2CC(=O)N3)c1,0,-6.935,0.0033333333333333335
CC(C)(c1nc2c(C(=O)Nc3ccc4c(c3)CNC4)cc(F)cc2[nH]1)S(C)(=O)=O,0,-7.228,0.01
CC(C)CC(=O)N1CCC([C@H](NC(=O)OCc2ccccc2)C(=O)Nc2cccc(CN)c2)CC1,0,-7.441,0.006666666666666667
CC(C)CCN1Cc2ccc(NC(=O)c3cc(Cl)cc4[nH]ncc34)cc2C1,0,-7.24,0.0
CC(C)CNC(=O)[C@H](Nc1ccc2c(c1)CNC2)c1cc(Cl)cc2[nH]ncc12,0,-6.612,0.0
CC(C)CNC(=O)[C@H](Nc1cccc(-c2nn[nH]n2)c1)c1cc(Cl)cc(NC(=O)OCc2ccccc2)c1,1,-7.494,1.0
CC(C)CNC(=O)[C@H](Nc1cccc(-c2nnn[nH]2)c1)c1cc(Cl)cc(C2CC2)c1,0,-7.546,0.056666666666666664
CC(C)CNC(=O)c1cc(Cl)c(F)cc1NS(=O)(=O)c1ccc(Oc2ccccc2Cl)cc1,0,-7.123,0.08666666666666667
CC(C)CNC(=O)c1cc(Cl)cc2[nH]c(-c3cccc(C#N)c3)nc12,0,-6.609,0.023333333333333334
CC(C)CNC(=O)c1cc(Cl)ccc1C=Cc1ccc(Oc2ccccc2Cl)cc1,0,-7.64,0.13
CC(C)CNC(=O)c1cc(Cl)ccc1NS(=O)(=O)c1ccc(Oc2ccccc2Cl)cc1,0,-6.838,0.006666666666666667
CC(C)CO[C@]1(C)C(=O)Nc2cc(F)cc(C(=O)Nc3ccc4c(c3)CNC4)c21,0,-6.333,0.0
CC(C)COc1ccc(Cl)cc1C(=O)Nc1ccc2c(c1)CNC2,0,-6.429,0.0
CC(C)C[C@@H]1NC(=O)[C@H]([C@@H](C)O)NC(=O)[C@H](Cc2ccc(O)cc2)NC(=O)CSC[C@@H](C(N)=O)NC(=O)[C@H](Cc2ccccc2)NC(=O)[C@H](Cc2ccccc2)NC(=O)[C@H]([C@@H](C)O)NC(=O)CN(C)C(=O)[C@H](CC(N)=O)NC(=O)[C@H](Cc2cnc[nH]2)NC(=O)[C@H](Cc2ccccc2)NC(=O)[C@@H]2CCCN2C1=O,0,-9.19,0.3119828042328043
CC(C)C[C@H](NC(=O)c1cc(Cl)cc(NC(=O)OCc2ccccc2)c1)c1nnn[nH]1,0,-7.245,0.03333333333333333
CC(C)Cc1nc2c(C(=O)Nc3ccc4c(c3)CNC4)cc(Br)cc2[nH]1,0,-7.122,0.006666666666666667
CC(C)Cn1cc2c(C(=O)Nc3ccc4c(c3)CNC4)cc(Cl)cc2n1,0,-7.052,0.0
CC(C)N1C(=O)C[C@H](C(=O)Nc2cccc(CN)c2)[C@H]1c1ccc(Cl)c(F)c1,0,-7.313,0.0
CC(C)N1CCC([C@H](NC(=O)OCc2ccccc2)C(=O)Nc2cccc(CN)c2)CC1,0,-7.699,0.03
CC(C)N1CCc2nc(NC(=O)[C@H](NC(=O)OCc3ccccc3)c3ccc(OCc4ccccc4)cc3)sc2C1,0,-7.072,0.05333333333333334
CC(C)N1CCc2nc(NC(=O)c3cc(Cl)cc(NC(=O)OCc4ccccc4)c3)sc2C1,0,-7.465,0.01
CC(C)NC(=O)C[C@H]1NCc2cc(NC(=O)c3cc(Cl)cc4[nH]ncc34)ccc21,0,-7.317,0.0
CC(C)NC(=O)[C@H](Nc1ccc2c(c1)C(=O)OC2)c1cc(Cl)cc2[nH]ncc12,0,-6.673,0.0033333333333333335
CC(C)NC(=O)[C@H](Nc1ccc2c(c1)CN(C)C2(C)C)c1cc(Cl)cc2[nH]ncc12,0,-7.112,0.0033333333333333335
CC(C)NC(=O)[C@H](Nc1ccc2c(c1)CN(C)C2)c1cc(Cl)cc2[nH]ncc12,0,-6.88,0.0
CC(C)NC(=O)[C@H](Nc1ccc2c(c1)CN(CC(F)F)C2)c1cc(Cl)cc2[nH]ncc12,0,-7.615,0.0
CC(C)NC(=O)[C@H](Nc1ccc2c(c1)CNC2)c1cc(Cl)cc2[nH]c(-c3ccccc3)nc12,1,-8.509,1.0
CC(C)NC(=O)[C@H](Nc1ccc2c(c1)CNC2)c1cc(Cl)cc2[nH]ncc12,0,-7.139,0.0
CC(C)NC(=O)[C@H](Nc1ccc2c(c1)CNC2)c1cc(F)cc2[nH]ccc12,0,-7.599,0.006666666666666667
CC(C)NC(=O)[C@H](Nc1ccc2c(c1)CNC2)c1cc(F)cc2[nH]ncc12,0,-7.275,0.0
CC(C)NC(=O)[C@H](Nc1ccc2c(c1)CNC2)c1cccc2cn[nH]c12,0,-6.599,0.006666666666666667
CC(C)NC(=O)[C@H](Nc1cccc(-c2nn[nH]n2)c1)c1cc(Cl)cc(NC(=O)OCc2ccccc2)c1,0,-7.224,0.5
CC(C)Nc1c(-c2cc(Cl)cc3[nH]ncc23)nc2ccc3c(n12)CNC3,0,-6.537,0.02
CC(C)Nc1nc2ccc(C(=O)Nc3nnnn3-c3ccccn3)cc2[nH]1,0,-7.268,0.03333333333333333
CC(C)OC(=O)Nc1cc(Cl)cc(C(=O)Nc2cccc(CN)c2)c1,0,-6.91,0.0
CC(C)O[C@]1(C)C(=O)Nc2cc(F)cc(C(=O)Nc3ccc4c(c3)CNC4)c21,0,-7.25,0.0
CC(C)Oc1cc(CN)ccc1NS(=O)(=O)c1ccc(Oc2ccccc2Cl)cc1,0,-6.465,0.07333333333333333
CC(C)Oc1ccc(Cl)cc1[C@H](Nc1ccc2c(c1)CNC2)C(=O)NCC(F)F,0,-6.662,0.006666666666666667
CC(C)Oc1ccc(S(=O)(=O)Nc2ccc(Cl)cc2C(=O)O)cc1,0,-5.905,0.023333333333333334
CC(C)Oc1ccccc1C(=O)N[C@H](C(=O)Nc1cccc(CN)c1)c1ccc(OCc2ccccc2)cc1,0,-8.15,0.056666666666666664
CC(C)Oc1cncc(N2CC[C@@H](CO)C2)c1,0,-5.448,0.0
CC(C)S(=O)(=O)N1CCC([C@@H](NC(=O)OCc2ccccc2)C(=O)Nc2cccc(CN)c2)CC1,0,-8.04,0.006666666666666667
CC(C)[C@@H]1C(=O)O[C@H]1C(=O)O,0,-4.872,0.11
CC(C)[C@@H]1CC[C@@H](C)C[C@H]1C(=O)Nc1cccc(CN)c1,0,-6.498,0.0
CC(C)[C@@H]1[C@H](C(=O)Nc2cccc(CN)c2)CCN1C(=O)OCc1ccccc1,0,-6.865,0.0
CC(C)[C@H](CC(=O)O)NC(=O)c1cc(Cl)cc(NC(=O)OCc2ccccc2)c1,0,-6.622,0.04
CC(C)[C@H](N)P(=O)(Oc1ccc(F)cc1)Oc1ccc(F)cc1,0,-6.621,0.05333333333333334
CC(C)[C@H](NC(=O)[C@@H]1CCCN1C(=O)OCc1ccccc1)P(=O)(Oc1ccc(F)cc1)Oc1ccc(F)cc1,0,-7.299,0.06
CC(C)[C@H](NC(=O)c1cc(Cl)cc(NC(=O)OCc2ccccc2)c1)C(=O)O,0,-6.707,0.016666666666666666
CC(C)[C@H](NC(=O)c1cc(Cl)cc(NC(=O)OCc2ccccc2)c1)c1nn[nH]n1,0,-7.219,0.016666666666666666
CC(C)[C@H]1C(=O)O[C@@H]1C(=O)O,0,-4.221,0.11
CC(C)c1cc(-c2ccc([C@@H](NC(=O)OCc3ccccc3)C(=O)Nc3cccc(CN)c3)cc2)on1,0,-7.316,0.14
CC(C)c1cc(-c2ccc3[nH]c(C(=O)O)cc3c2)cc(S(N)(=O)=O)c1,0,-7.337,0.05333333333333334
CC(C)c1cc(Br)cc(C(=O)Nc2ccc3c(c2)CNC3)c1,0,-6.476,0.0033333333333333335
CC(C)c1cc(NC(=O)OCc2ccccc2)cc(C(=O)Nc2cccc(CN)c2)c1,0,-7.29,0.01
CC(C)c1cc(S(=O)(=O)N[C@H](C(=O)Nc2cccc(CN)c2)c2ccc(OCc3ccccc3)cc2)on1,0,-7.922,0.03666666666666667
CC(C)c1ccc(Cl)cc1C(=O)Nc1ccc2c(c1)CNC2,0,-6.606,0.0
CC(C)c1ccc([C@@H](NC(=O)OCc2ccccc2)C(=O)Nc2cccc(CN)c2)cc1,0,-7.214,0.08296296296296296
CC(C)c1cnc(COc2ccc(S(=O)(=O)Nc3ccc(Cl)cc3C(=O)O)cc2)o1,0,-6.694,0.06
CC(C)c1nc2c(C(=O)Nc3ccc4c(c3)CNC4)cc(Br)cc2[nH]1,0,-6.731,0.006666666666666667
CC(C)c1nc2c(C(=O)Nc3cccc(-c4nnn[nH]4)c3)cccc2[nH]1,0,-6.856,0.03
CC(C)c1nc2c(C(=O)Nc3cccc(CN)c3)cccc2[nH]1,0,-6.756,0.0
CC(C)c1nc2cc(Cl)ccc2n1Cc1ccc(-c2nn[nH]n2)cc1,0,-6.799,0.05333333333333334
CC(C)c1ncc(OC2CCC2)c(C(=O)Nc2cccc(CN)c2)n1,0,-6.561,0.006666666666666667
CC(C)c1nccn1C[C@H]1CCCN1C(=O)Nc1ccc2c(c1)CNC2,0,-6.388,0.006666666666666667
CC(C)c1nn(-c2ccccc2)cc1C(=O)Nc1cccc(CN)c1,0,-7.63,0.0033333333333333335
CC(C)c1nn(C)cc1-c1cc(F)cc(C(=O)Nc2ccc3c(c2)CNC3)c1,0,-7.305,0.0033333333333333335
CC(C)c1nnc(-c2nc3c(C(=O)Nc4ccc5c(c4)CNC5)cc(F)cc3[nH]2)s1,0,-7.658,0.07666666666666666
CC(C)c1noc2nc(C3CC3)cc(C(=O)Nc3cccc(CN)c3)c12,0,-7.425,0.0
CC(C)c1occ(C(F)(F)F)c1C(=O)Nc1cccc(CN)c1,0,-6.774,0.016666666666666666
CC(C)n1cc(C(=O)Nc2cc(-c3cccnc3)ccn2)c2ccccc21,0,-7.786,0.09
CC(C)n1cc(C(=O)Nc2cc(-c3cccnc3)ccn2)cn1,0,-6.59,0.01
CC(C)n1cc(CNC(=O)[C@@H](NC(=O)OCc2ccccc2)c2ccc(OCc3ccccc3)cc2)cn1,0,-8.266,0.043333333333333335
CC(C)n1cc2c(C(=O)Nc3ccc4c(c3)CNC4)cc(Cl)cc2n1,0,-6.903,0.0033333333333333335
CC(C)n1cnc2cc(C(=O)Nc3ccc4c(c3)CNC4)ccc21,0,-7.444,0.006666666666666667
CC(C)n1ncc2c(C(=O)Nc3ccc4c(c3)CNC4)cc(Cl)cc21,0,-6.768,0.0033333333333333335
CC(C)n1nncc1-c1cc(F)cc(C(=O)Nc2ccc3c(c2)CNC3)c1,0,-6.66,0.01
CC(F)(F)c1cccc(NC(=O)c2cc(Cl)cc(NC(=O)OCc3ccccc3)c2)c1,0,-7.089,0.03666666666666667
CC(NC(=O)[C@H](CCCCN)NC(=O)[C@H](CCCNC(=N)N)NC(=O)c1ccccc1)(C(N)=O)c1ccccc1,1,-8.614,1.0
CC1(C)C(=O)N[C@H]2CCCN(C(=O)Nc3ccc4c(c3)CNC4)[C@H]21,0,-6.933,0.0033333333333333335
CC1(C)C(=O)Nc2ccc(C(=O)Nc3ccc4c(c3)CNC4)cc21,0,-7.613,0.016666666666666666
CC1(C)CCC(F)(F)C[C@H]1C(=O)Nc1cccc(CN)c1,0,-8.239,0.006666666666666667
CC1(C)CCC([C@@H](NC(=O)OCc2ccccc2)C(=O)Nc2cccc(CN)c2)CC1,0,-7.403,0.05333333333333334
CC1(C)CN(C(=O)Nc2ccc3c(c2)CNC3)CC(F)(F)C1,0,-7.225,0.013333333333333334
CC1(C)CNC[C@H](C(=O)Nc2cccc(CN)c2)C1,0,-6.388,0.0033333333333333335
CC1(C)C[C@H](C(=O)Nc2ccc3c(c2)C(=O)OC3)CCN1,0,-6.582,0.0
CC1(C)Cc2sc(NC(=O)Cc3ccc(S(N)(=O)=O)cc3)c(C#N)c2CN1CC1CCCCC1,0,-7.069,0.07
CC1(C)NCc2cc(NC(=O)c3cc(F)cc4[nH]ncc34)ccc21,0,-6.914,0.0
CC1(N2CCC(NS(=O)(=O)c3ccc(Cl)cc3C(=O)O)CC2)CCCCC1,0,-7.235,0.02
CC1(NC(=O)c2cccc3c2CC(=O)N3)CCOCC1,0,-6.266,0.0033333333333333335
CC1(NS(=O)(=O)c2ccc(Cl)cc2C(=O)O)CCN(c2ccccc2)CC1,0,-6.585,0.0
CC1([C@H]2CCCN(C(=O)Nc3ccc4c(c3)CNC4)C2)CC1,0,-7.049,0.0
CC1(c2nc(C(=O)Nc3cc(-c4cccnc4)ccn3)no2)CC1,0,-7.031,0.013333333333333334
CC1=C(c2cc(F)cc(C(=O)Nc3ccc4c(c3)CNC4)c2)CCCC1,0,-7.097,0.01
CC1=C(c2cc(NC(=O)c3cc(Cl)cc4[nH]ncc34)cc3c2CNC3)CCC1=O,0,-6.637,0.04
CC1=CC[C@H](c2cccc(-c3nn[nH]n3)c2)Nc2cc(Cl)ccc21,0,-6.428,0.03333333333333333
CC1=NN(c2ccc(NS(=O)(=O)c3ccc(Cl)cc3C(=O)O)cn2)C(=O)C1,0,-6.239,0.006666666666666667
CC1CCN(CCCCNC(=O)C2CCN(c3ccc(C=O)cc3)CC2)CC1,0,-7.27,0.016666666666666666
CC1CCN(CC[C@H]2CCCN2C(=O)Nc2ccc3c(c2)CNC3)CC1,0,-6.665,0.01
CC1OCCC1SSC[C@@H](NC(=O)c1ccc(C2(C(F)(F)F)N=N2)cc1)C(=O)Nc1nc2cc(O)c(O)cc2s1,0,-7.43,0.105
CCC(=O)N1CCc2ccc(NS(=O)(=O)c3ccc(Cl)cc3C(=O)O)cc21,0,-6.671,0.0
CCC(C)(C)C(=O)N[C@H](C(=O)Nc1cccc(CN)c1)c1ccc(OCc2ccccc2)cc1,0,-7.774,0.06666666666666667
CCC1(NC(=O)Cn2ccnc(N3CC[C@@H](CO)C3)c2=O)CC1,0,-5.786,0.0
CCC1([C@H](NC(=O)OCc2ccccc2)C(=O)NCc2cccc(CN)c2)CCCCC1,0,-7.395,0.10666666666666667
CCC1([C@H](NC(=O)OCc2ccccc2)C(=O)Nc2cccc(CN)c2)CCCCC1,0,-7.811,0.043333333333333335
CCC1CN(C(=O)Cn2ccnc(N3CC[C@@H](CO)C3)c2=O)C1,0,-6.18,0.0
CCC1CN(C(=O)c2cc(Cl)ccc2NS(=O)(=O)c2ccc(Oc3ccccc3Cl)cc2)C1,0,-6.814,0.02
CCCC(=O)Nc1cc(Cl)cc(C(=O)Nc2cccc(CN)c2)c1,0,-6.561,0.0033333333333333335
CCCCC(=O)Nc1nc(SC(=O)CCCC)c2nc[nH]c2n1,1,-6.23,1.0
CCCCC1C(C(=O)N(C)OC)C(c2ccccc2)CCN1C(=O)OC(C)(C)C,0,-6.575,0.023333333333333334
CCCCC1C(C(=O)OCC)C(c2ccccc2)CCN1C(=O)OC(C)(C)C,0,-6.302,0.023333333333333334
CCCCCC(=O)N[C@@H](C(=O)NCc1ccc(CN)cc1)c1ccc(OCc2ccc(Cl)c(Cl)c2)cc1.O=C(O)C(F)(F)F,1,-7.497,1.0
CCCCCC(=O)N[C@@H](C(=O)NCc1ccc(NC(=N)N)cc1)c1ccc(OCc2ccc(C(F)(F)F)cc2)cc1.O=C(O)C(F)(F)F,1,-9.108,1.0
CCCCCC(=O)N[C@@H](C(=O)NCc1ccc(NC(=N)N)cc1)c1ccc(OCc2ccc(Cl)c(Cl)c2)cc1.O=C(O)C(F)(F)F,1,-8.705,1.0
CCCCCC(=O)N[C@H](C(=O)NCc1ccc(CN)cc1)c1ccc(OCc2ccccc2)cc1.O=C(O)C(F)(F)F,1,-8.625,1.0
CCCCCC(=O)N[C@H](C(=O)NCc1ccc(CNC(=N)N)cc1)c1ccc(OCc2ccccc2)cc1.O=C(O)C(F)(F)F,0,-8.904,0.479010989010989
CCCCCC(=O)N[C@H](C(=O)NCc1ccc(NC(=N)N)cc1)c1ccc(OCc2c(Cl)cccc2Cl)cc1.O=C(O)C(F)(F)F,1,-8.639,1.0
CCCCCC(=O)N[C@H](C(=O)NCc1ccc(NC(=N)N)cc1)c1ccc(OCc2ccc(C#N)cc2)cc1.O=C(O)C(F)(F)F,0,-9.722,0.5533333333333333
CCCCCC(=O)N[C@H](C(=O)NCc1ccc(NC(=N)N)cc1)c1ccc(OCc2ccc(C(C)(C)C)cc2)cc1.O=C(O)C(F)(F)F,0,-8.035,0.469010989010989
CCCCCC(=O)N[C@H](C(=O)NCc1ccc(NC(=N)N)cc1)c1ccc(OCc2ccc(C(F)(F)F)cc2)cc1.O=C(O)C(F)(F)F,1,-8.854,1.0
CCCCCC(=O)N[C@H](C(=O)NCc1ccc(NC(=N)N)cc1)c1ccc(OCc2ccccc2)cc1.O=C(O)C(F)(F)F,0,-8.669,0.48
CCCCCC(=O)N[C@H](C(=O)NCc1ccc(NC(=N)N)nc1)c1ccc(OCc2ccccc2)cc1.O=C(O)C(F)(F)F,0,-9.113,0.305
CCCCCC(=O)N[C@H](C(=O)NCc1cccc(CN)c1)c1ccc(OCc2ccccc2)cc1,0,-7.87,0.06666666666666667
CCCCCCC(=O)N[C@H](C(=O)NCc1ccc(NC(=N)N)cc1)c1ccc(OCc2ccccc2)cc1.O=C(O)C(F)(F)F,1,-8.926,1.0
CCCCCCCC(=O)N[C@H](C(=O)NCc1ccc(NC(=N)N)cc1)c1ccc(OCc2ccccc2)cc1.O=C(O)C(F)(F)F,1,-9.117,1.0
CCCCCCCCCC(=O)N[C@H](C(=O)NCc1ccc(NC(=N)N)cc1)c1ccc(OCc2ccccc2)cc1.O=C(O)C(F)(F)F,1,-9.071,1.0
CCCCCCCCCCCCCCCC[N+](CC)(CO)CO.[Br-],0,-6.223,0.14
CCCCCN(C)C(=O)c1cc(Cl)ccc1NS(=O)(=O)c1ccc(Oc2ccccc2Cl)cc1,0,-7.131,0.02
CCCCCNC(=O)c1cc(Cl)ccc1NS(=O)(=O)c1ccc(Oc2ccccc2Cl)cc1,0,-7.255,0.023333333333333334
CCCCCn1cc(C(=O)Nc2cccc(CN)c2)c2ccccc21,0,-7.519,0.05333333333333334
CCCCN1Cc2ccc(NS(=O)(=O)c3ccc(Cl)cc3C(=O)O)cc2C1,0,-7.478,0.006666666666666667
CCCCNC(=O)[C@H](Nc1ccc2c(c1)CNC2)c1cc(Cl)cc(C2CC2)c1,0,-7.093,0.0033333333333333335
CCCCS(=O)(=O)N1CCC([C@H](NC(=O)OCc2ccccc2)C(=O)Nc2cccc(CN)c2)CC1,0,-7.549,0.0033333333333333335
CCCCSc1ccc(Cl)cc1C(=O)Nc1cccc(CN)c1,0,-6.315,0.03333333333333333
CCCC[C@@H](NC(=O)OC(C)(C)C)C(=O)N[C@@H](C(=O)NCc1ccc(CN)cc1)c1ccc(OCc2ccccc2)cc1,0,-8.485,0.17230158730158732
CCCC[C@H](N)C(=O)N[C@@H](C(=O)NCc1ccc(C(N)=O)cc1)c1ccc(OCc2ccccc2)cc1,0,-8.013,0.05333333333333334
CCCC[C@H](N)C(=O)N[C@H](C(=O)NCc1ccc(C(N)=O)cc1)c1ccc(OCc2ccccc2)cc1,0,-7.74,0.05333333333333334
CCCC[C@H](NC(=O)OC(C)(C)C)C(=O)N[C@H](C(=O)NCc1ccc(C(N)=O)cc1)c1ccc(OCc2ccccc2)cc1,0,-7.953,0.3013492063492063
CCCC[C@H](NC(C)=O)C(=O)N[C@H](C(=O)NCc1ccc(C(N)=O)cc1)c1ccc(OCc2ccccc2)cc1,0,-7.963,0.13666666666666666
CCCC[C@H](NC(C)=O)C(=O)N[C@H](C(=O)NCc1ccc(CN)cc1)c1ccc(OCc2ccccc2)cc1,0,-7.504,0.0525
CCCC[C@H](NC(C)=O)C(=O)N[C@H](C(=O)NCc1ccc(CN)cc1)c1ccccc1,0,-6.989,0.06
CCCC[C@H](NC(C)=O)C(=O)N[C@H](C(=O)Nc1ccc(C(N)=O)cc1)c1ccc(OCc2ccccc2)cc1,0,-6.9,0.08666666666666667
CCCN(C)C(=O)Cn1ccnc(N2CC[C@H](CO)C2)c1=O,0,-5.937,0.0
CCCN(C)C(=O)c1cc(Cl)ccc1NS(=O)(=O)c1ccc(Oc2ccccc2Cl)cc1,0,-7.013,0.016666666666666666
CCCN(C)CC(=O)N1CCC([C@@H](NC(=O)OCc2ccccc2)C(=O)Nc2cccc(CN)c2)CC1,0,-7.487,0.0033333333333333335
CCCN1C(=O)[C@](C#N)(Nc2ccc3c(c2)CNC3)c2ccccc21,0,-7.463,0.0
CCCN1C(=O)[C@](C#N)(Nc2cccc(-c3nn[nH]n3)c2)c2cc(Cl)ccc21,0,-7.533,0.02
CCCN1C(=O)[C@](Nc2ccc3c(c2)CNC3)(C(=O)NC)c2cc(Cl)ccc21,0,-6.421,0.0
CCCN1C(=O)[C@](Nc2ccc3c(c2)CNC3)(C(=O)NC)c2ccccc21,0,-6.649,0.0033333333333333335
CCCN1C(=O)[C@](Nc2ccc3c(c2)CNC3)(C(N)=O)c2cc(Cl)ccc21,0,-7.146,0.0
CCCNC(=O)Cn1ccnc(N2CC[C@H](CO)C2)c1=O,0,-5.48,0.0
CCCNC(=O)[C@H](Nc1ccc2c(c1)CNC2)c1cc(Cl)cc2[nH]ncc12,0,-7.465,0.0
CCCNC(=O)[C@H](Nc1cccc(-c2nn[nH]n2)c1)c1cc(Cl)cc(NC(=O)OCc2ccccc2)c1,1,-7.196,1.0
CCCOc1ccc([C@@H](CC(=O)Nc2cccc(CN)c2)NC(=O)OCc2ccccc2)cc1,0,-7.27,0.05333333333333334
CCCOc1ccc2[nH]cc(CN3CCC(c4cscn4)CC3)c2c1,0,-5.996,0.013333333333333334
CCC[C@H](C)N1Cc2ccc(NC(=O)c3cc(Cl)cc4[nH]ncc34)cc2C1,0,-7.904,0.0033333333333333335
CCC[C@H](Oc1ccc(Cl)cc1C)C(=O)Nc1cccc(CN)c1,0,-6.148,0.0
CCCc1sc(C(=O)Nc2ccc3c(c2)CNC3)cc1CC,0,-6.488,0.01
CCCc1sc(C(=O)Nc2cccc(-c3nnn[nH]3)c2)cc1CC,0,-7.186,0.023333333333333334
CCCn1cc(-c2cc(Cl)cc(NC(=O)OCc3ccccc3)c2)c(C(=O)O)n1,0,-7.16,0.03333333333333333
CCCn1cc2c(C(=O)Nc3ccc4c(c3)CNC4)cc(Cl)cc2n1,0,-6.549,0.0
CCCn1nc(C)c2c(C(=O)Nc3cccc(CN)c3)cc(C)nc21,0,-6.56,0.0
CCCn1ncc2c(C(=O)Nc3ccc4c(c3)CNC4)cc(Cl)cc21,0,-6.582,0.0
CCN(C(=O)Cn1ccnc(N2CC[C@H](CO)C2)c1=O)C(C)C,0,-5.994,0.0
CCN(C)S(=O)(=O)N1CCC([C@H](NC(=O)OCc2ccccc2)C(=O)Nc2cccc(CN)c2)CC1,0,-7.272,0.0
CCN(CC(=O)NC)C(=O)c1cc(Cl)ccc1NS(=O)(=O)c1ccc(Oc2ccccc2Cl)cc1,0,-7.39,0.02666666666666667
CCN(CC)C[C@H]1CCCN(C(=O)Nc2ccc3c(c2)CNC3)C1,0,-7.07,0.01
CCN1/C(=C/C=C/c2oc3ccc4ccccc4c3[n+]2CC)Oc2ccc3ccccc3c21,0,-8.491,0.17
CCN1C(=O)CCc2cc(NS(=O)(=O)c3ccc(Cl)cc3C(=O)O)ccc21,0,-6.926,0.0
CCN1CCN(c2ccc(NC(=O)C3CCN(c4ccc(C=O)cc4)CC3)cc2)CC1,0,-7.81,0.02
CCN1CCN(c2ccc(NS(=O)(=O)c3ccc(Cl)cc3C(=O)O)cc2)CC1,0,-6.424,0.0033333333333333335
CCN1CC[C@@H](COc2ccc([C@@H](NC(=O)OCc3ccccc3)C(=O)Nc3cccc(CN)c3)cc2)C1,0,-7.739,0.0
CCN1CC[C@H](COc2cccc([C@H](NC(=O)OCc3ccccc3)C(=O)Nc3cccc(CN)c3)c2)C1,0,-7.196,0.0
CCN1C[C@H]2C[C@@H]1CN2c1nc2ccccc2n(CC)c1=O,0,-6.065,0.01
CCNC(=O)Nc1cc(Cl)cc(C(=O)Nc2cc(C)cc(CN)c2)c1,0,-6.834,0.006666666666666667
CCNC(=O)Nc1cc(Cl)cc(C(=O)Nc2cc(CCCN)ccc2F)c1,0,-7.091,0.023333333333333334
CCNC(=O)Nc1cc(Cl)cc(C(=O)Nc2ccc([C@H](CC)Cc3nnn[nH]3)cc2)c1,0,-7.555,0.12
CCNC(=O)Nc1cc(Cl)cc(C(=O)Nc2ccc3c(c2)CNCCO3)c1,0,-6.765,0.006666666666666667
CCNC(=O)Nc1cc(Cl)cc(C(=O)Nc2cccc(-c3nn[nH]n3)c2)c1,0,-7.184,0.03
CCNC(=O)Nc1cc(Cl)cc(C(=O)Nc2cccc(-n3nn[nH]c3=O)c2)c1,0,-7.534,0.02
CCNC(=O)Nc1cc(Cl)cc(C(=O)Nc2cccc(C3CCNCC3)c2)c1,0,-7.68,0.01
CCNC(=O)Nc1cc(Cl)cc(C(=O)Nc2cccc(CN)c2)c1,0,-7.041,0.0033333333333333335
CCNC(=O)Nc1cc(Cl)cc(C(=O)O)c1,0,-5.6,0.02
CCNC(=O)[C@@H](NC(=O)OCc1ccccc1)c1ccc(OCc2ccccc2)cc1,0,-7.484,0.026388888888888885
CCNC(=O)c1ccc2c(c1)nc(N1CC[C@H](CO)C1)c(=O)n2CC,0,-6.703,0.0
CCNC(=O)c1ccc2nc(N3CC[C@H](CO)C3)c(=O)n(CC)c2c1,0,-6.708,0.0
CCNC(=O)c1ccnc(NC(=O)c2cc(C3CC3)n(C)c2C)c1,0,-6.814,0.0033333333333333335
CCNC(=O)c1cn(CC)c(=O)c(N2CC[C@@H](CO)C2)n1,0,-5.542,0.0033333333333333335
CCNCc1ccc(NC(=O)c2cc(Cl)cc3[nH]ncc23)cc1,0,-7.028,0.0
CCOC(=O)N1CCC[C@H]1c1cccc(-c2ccc3[nH]c(C(=O)O)cc3c2)c1,0,-7.34,0.04
CCOC(=O)Nc1cc(Cl)cc(C(=O)Nc2cccc(CN)c2)c1,0,-7.382,0.0
CCOC(=O)[C@H](Nc1ccc2c(c1)CNC2)c1cc(Cl)cc(C2CC2)c1,0,-6.452,0.0
CCOC(=O)[C@H]1[C@H](c2cc(Cl)cc(NC(=O)OCc3ccccc3)c2)[C@H]1c1cccc(-c2nnn[nH]2)c1,0,-7.269,0.17
CCOC(=O)[C@H]1[C@H](c2cccc(CN)c2)[C@H]1c1cc(Cl)cc(NC(=O)OCc2ccccc2)c1,0,-8.035,0.03666666666666667
CCOC(=O)c1[nH]c(C)c(C(=O)Nc2cccc(CN)c2)c1CC,0,-6.651,0.0
CCOC(=O)c1cc(C(=O)N[C@H](C(=O)Nc2cccc(CN)c2)c2ccc(OCc3ccccc3)cc2)n(C)n1,0,-8.465,0.06666666666666667
CCOC(=O)c1csc([C@H]2CCCN2C(=O)Nc2ccc3c(c2)CNC3)n1,0,-6.688,0.0033333333333333335
CCOC(=O)c1ncoc1CNC(=O)[C@H](Nc1ccc2c(c1)CNC2)c1cc(Cl)cc(C2CC2)c1,0,-6.683,0.056666666666666664
CCOC1CC(S(=O)(=O)N[C@H](C(=O)Nc2cccc(CN)c2)c2ccc(OCc3ccccc3)cc2)C1,0,-7.276,0.006666666666666667
CCOCC(=O)N1CCC([C@H](NC(=O)OCc2ccccc2)C(=O)Nc2cccc(CN)c2)CC1,0,-7.452,0.0033333333333333335
CCOCC(=O)N[C@H](C(=O)Nc1cccc(CN)c1)c1ccc(OCc2ccccc2)cc1,0,-7.505,0.02666666666666667
CCOCC1(c2nc3c(C(=O)Nc4ccc5c(c4)CNC5)cc(Cl)cc3[nH]2)CC1,0,-6.848,0.0033333333333333335
CCOCC1(c2nc3c(C(=O)Nc4ccc5c(c4)CNC5)cc(F)cc3[nH]2)CC1,0,-6.788,0.0033333333333333335
CCOCCCN1Cc2ccc(NC(=O)c3cc(Cl)cc4[nH]ncc34)cc2C1,0,-7.024,0.0033333333333333335
CCOCCNC(=O)[C@H](Nc1ccc2c(c1)CNC2)c1cc(Cl)cc2[nH]ncc12,0,-6.783,0.0
CCOCCNC(=O)c1cc(Cl)ccc1NS(=O)(=O)c1ccc(Oc2ccccc2Cl)cc1,0,-6.975,0.02
CCOCCS(=O)(=O)N1CCC([C@H](NC(=O)OCc2ccccc2)C(=O)Nc2cccc(CN)c2)CC1,0,-7.089,0.02
CCO[C@@H]1CC[C@H]1NC(=O)c1cccc2c1CC(=O)N2,0,-6.022,0.006666666666666667
CCOc1cc(N2CCN(C)CC2)ccc1NS(=O)(=O)c1ccc(Cl)cc1C(=O)O,0,-6.347,0.016666666666666666
CCOc1ccc(F)cc1-c1cn(CC)c(=O)c(N2CC[C@@H](CO)C2)n1,0,-6.562,0.0
CCOc1ccc(S(=O)(=O)n2nc(OC(=O)c3ccc(-c4ccccc4)cc3)cc2N)cc1,1,-7.508,1.0
CCOc1ccc([C@@H](NC(=O)OCc2ccccc2)C(=O)Nc2cccc(CN)c2)cc1,0,-6.867,0.03222222222222223
CCOc1cccc(-c2ccc(NS(=O)(=O)c3cc(F)c(Cl)cc3C(=O)O)cc2)c1,1,-6.906,1.0
CCOc1cccc(-c2ccc(S(=O)(=O)Nc3cc(F)c(Cl)cc3C(=O)O)cc2)c1,1,-6.628,1.0
CCOc1cccc(-c2ccc(S(=O)(=O)Nc3cc4c(cc3C(=O)O)CCC4)cc2)c1,0,-7.27,0.25333333333333335
CCOc1cccc(-c2ccc(S(=O)(=O)Nc3ccc(Cl)cc3C(=O)O)cc2)c1,1,-6.706,1.0
CCOc1cccc(-c2ccc(S(=O)(=O)Nc3ccc(Cl)cc3C(=O)O)cc2C)c1,1,-6.859,1.0
CCOc1cccc(-c2cccc(NC(=O)c3cc(C4CC4)n(C)c3C)n2)c1,0,-7.393,0.02
CCOc1cccc(N2CC[C@@H](CO)C2)c1,0,-5.399,0.006666666666666667
CCS(=O)(=O)N[C@@H](C(=O)Nc1cccc(CN)c1)c1ccc(OCc2ccccc2)cc1,0,-7.077,0.02666666666666667
CCS(=O)(=O)c1ccc(Cl)cc1C(=O)Nc1ccc2c(c1)CNC2,0,-6.915,0.0033333333333333335
CCS(=O)(=O)c1ccc(Cl)cc1C(=O)Nc1cccc(CN)c1,0,-6.575,0.0033333333333333335
CCS(=O)(=O)c1ccc(Cl)cc1[C@H](Nc1ccc2c(c1)CNC2)C(=O)NCC(F)F,0,-6.948,0.01
CCSc1ccc(Cl)cc1C(=O)Nc1ccc2c(c1)CNC2,0,-6.506,0.0033333333333333335
CCSc1nnc(SCCn2nc3ccccn3c2=O)s1,0,-5.465,0.03
CC[C@@H](C)c1nc(C)cc(N2CCC(n3ncc(N)c3C(F)(F)F)CC2)n1,0,-7.249,0.0
CC[C@@H](Cc1nnn[nH]1)c1ccc(NC(=O)c2cc(Cl)cc(NC(=O)OCc3ccccc3)c2)cc1,1,-7.936,1.0
CC[C@@H](NCc1c[nH]c2ccccc12)c1cccnc1,0,-5.782,0.0033333333333333335
CC[C@H](C#N)NC(=O)c1cc(Cl)ccc1NS(=O)(=O)c1ccc(Oc2ccccc2Cl)cc1,0,-7.139,0.07
CC[C@H](C(=O)Nc1cccc(CN)c1)n1cc(Br)c(C(F)(F)F)n1,0,-6.926,0.0
CC[C@H](C)[C@@H]1NC(=O)CN(C)C(=O)[C@H](Cc2ccc(O)cc2)NC(=O)CSC[C@@H](C(N)=O)NC(=O)[C@@H]2CCCN2C(=O)[C@H]([C@@H](C)CC)NC(=O)[C@H](Cc2ccc(OC)cc2)N(C)C(=O)[C@H](Cc2ccc(OC)cc2)N(C)C(=O)[C@H](CC(N)=O)NC(=O)[C@H](Cc2ccc(O)cc2)NC(=O)[C@H](CCCCN)NC(=O)[C@H](C)NC1=O,0,-9.257,0.40515384615384614
CC[C@H](C)[C@@H]1NC(=O)[C@H](C)NC(=O)[C@@H](Cc2ccc(O)cc2)NC(=O)CSC[C@@H](C(N)=O)NC(=O)[C@H](CC(N)=O)NC(=O)[C@H](CC(C)C)N(C)C(=O)[C@H](Cc2ccc(O)cc2)NC(=O)[C@H](CCCCN)NC(=O)[C@H](CC(N)=O)NC(=O)[C@H](Cc2ccc(O)cc2)NC(=O)[C@H](Cc2ccc(OC)cc2)N(C)C(=O)[C@H]([C@@H](C)CC)NC1=O,0,-8.134,0.4829629629629629
CC[C@H](C)[C@@H]1NC(=O)[C@H](CC(N)=O)NC(=O)[C@H](C(C)C)NC(=O)[C@H](CC(C)C)NC(=O)[C@H]([C@@H](C)O)NC(=O)[C@H](CC(N)=O)NC(=O)[C@H](Cc2ccc(OC)cc2)N(C)C(=O)[C@H]([C@@H](C)CC)NC(=O)[C@H](CCCCN)NC(=O)[C@H](Cc2c[nH]c3ccccc23)NC(=O)[C@H](Cc2ccc(O)cc2)NC(=O)CSC[C@@H](C(N)=O)NC1=O,1,-8.822,1.0
CC[C@H](CO)NC(=O)Cn1ccnc(N2CC[C@H](CO)C2)c1=O,0,-5.904,0.0033333333333333335
CC[C@H](Cc1nn[nH]n1)c1ccc(N[C@H](C(=O)NC)c2cc(Cl)cc(NC(=O)OCc3ccccc3)c2)cc1,0,-7.441,0.28
CC[C@H](Cc1nnn[nH]1)c1ccc(NC(=O)[C@H]2[C@H]3CCCCC[C@H]3[C@H]2NC(=O)OCc2ccccc2)cc1,0,-8.322,0.15
CC[C@H](Cc1nnn[nH]1)c1ccc(NC(=O)c2cc(Cl)cc(-n3cccc3)c2)cc1,0,-7.483,0.13333333333333333
CC[C@H](Cc1nnn[nH]1)c1ccc(NC(=O)c2cc(Cl)cc(C#N)c2)cc1,0,-7.458,0.0033333333333333335
CC[C@H](Cc1nnn[nH]1)c1ccc(NC(=O)c2cc(Cl)cc(C3CC3)c2)cc1,0,-7.227,0.03
CC[C@H](Cc1nnn[nH]1)c1ccc(NC(=O)c2cc(Cl)cc(Cl)c2OC)cc1,0,-7.358,0.023333333333333334
CC[C@H](Cc1nnn[nH]1)c1ccc(NC(=O)c2cc(Cl)cc(SC)c2)cc1,0,-6.939,0.04
CC[C@H](Cc1nnn[nH]1)c1ccc(NC(=O)c2cc(Cl)cc3[nH]ncc23)cc1,0,-7.127,0.013333333333333334
CC[C@H](Cc1nnn[nH]1)c1ccc(NC(=O)c2cc(Cl)cc3c2CCC3)cc1,0,-7.534,0.016666666666666666
CC[C@H](NC(=O)[C@H](Cc1cccc(NC(=N)N)c1)N(C)S(=O)(=O)c1ccc(C)cc1)C(=O)N[C@@H](C(N)=O)c1ccccc1,0,-8.19,0.36666666666666664
CC[C@H]1CCN(C(=O)c2cc(Cl)ccc2NS(=O)(=O)c2ccc(Oc3ccccc3Cl)cc2)C1,0,-7.277,0.02
CC[C@H]1CCN(c2nccn(CC)c2=O)C1,0,-4.839,0.0033333333333333335
CC[C@H]1CN(C(=O)Nc2ccc3c(c2)CNC3)C[C@@H]1c1ccc(OC)cc1,0,-6.779,0.01
CC[C@H]1CN(C(=O)c2ccc(C3(CN)CC3)cc2)Cc2ccccc21,0,-6.775,0.0033333333333333335
CC[C@H]1CN2CCC[C@H]2CN1c1nc2ccccc2n(CC)c1=O,0,-6.342,0.0033333333333333335
CCc1[nH]c(-c2ccccc2)cc1C(=O)Nc1cccc(-c2nnn[nH]2)c1,0,-7.305,0.16666666666666666
CCc1[nH]c2ccccc2c1CN1CCC(c2cscn2)CC1,0,-6.771,0.0033333333333333335
CCc1c(C(=O)Nc2cccc(CN)c2)c2cc(Cl)ccc2n1C,0,-6.762,0.0
CCc1cc(Br)cc2c(Cc3ccc(-c4nnn[nH]4)cc3)c[nH]c12,1,-6.999,1.0
CCc1cc(C(=O)Nc2ccc3c(c2)CNC3)cc2cn[nH]c12,0,-6.943,0.0
CCc1cc(C(=O)Nc2ccc3c(c2)CNC3)sc1-c1ccc(Cl)cc1,0,-7.08,0.043333333333333335
CCc1cc(C(=O)Nc2cccc(-c3nnn[nH]3)c2)ccc1Cl,0,-6.339,0.0
CCc1cc(C(=O)Nc2cccc(-c3nnn[nH]3)c2)nn1-c1ccccc1,0,-6.938,0.07666666666666666
CCc1cc(C(=O)Nc2cccc(-c3nnn[nH]3)c2)sc1-c1ccc(Cl)cc1,1,-7.551,1.0
CCc1cc(C(=O)Nc2cccc(-c3nnn[nH]3)c2)sc1C,0,-6.558,0.0033333333333333335
CCc1cc(C(=O)Nc2cccc(-n3nn[nH]c3=O)c2)sc1-c1ccc(Cl)cc1,0,-7.79,0.21333333333333335
CCc1cc(C(=O)Nc2cccc(CN)c2)sc1-c1ccc(Cl)cc1,0,-7.014,0.03666666666666667
CCc1cc(C(=O)Nc2cccc(CN)c2)sc1C,0,-6.033,0.006666666666666667
CCc1cc(COc2ccc(S(=O)(=O)Nc3ccc(Cl)cc3C(=O)O)cc2)no1,0,-6.895,0.023333333333333334
CCc1cc(Cl)cc(C(=O)Nc2ccc3c(c2)CNC3)c1,0,-6.485,0.0
CCc1cc(F)ccc1CC(=O)N1CCCc2cc(CCN)ccc21,0,-6.799,0.016666666666666666
CCc1cc(NC(=O)OCc2ccccc2)cc(C(=O)Nc2cccc(CN)c2)c1,0,-7.111,0.0033333333333333335
CCc1cc2c(cc1NC(=O)c1cc(F)cc3[nH]ncc13)CNC2,0,-6.718,0.0
CCc1ccc(-c2ccc([C@@H](NC(=O)OCc3ccccc3)C(=O)Nc3cccc(CN)c3)cc2)cc1,1,-7.876,1.0
CCc1ccc(-c2cn(CC)c(=O)c(N3CC[C@@H](CO)C3)n2)s1,0,-5.917,0.0
CCc1ccc(-c2nc3c(C(=O)Nc4ccc5c(c4)CNC5)cc(Cl)cc3[nH]2)cc1,0,-7.28,0.21
CCc1ccc(NS(=O)(=O)c2ccc(N3C(=O)c4ccccc4C3=O)cc2)cc1,0,-7.079,0.08
CCc1ccc(NS(=O)(=O)c2ccc(Oc3ccccc3Cl)cc2)c(C(=O)NC)c1,0,-6.791,0.08666666666666667
CCc1ccc(S(=O)(=O)N[C@@H](C(=O)Nc2cccc(CN)c2)c2ccc(OCc3ccccc3)cc2)cc1,0,-7.966,0.04
CCc1ccc([C@@H](CC(=O)Nc2cccc(CN)c2)NC(=O)OCc2ccccc2)cc1Br,0,-7.088,0.14
CCc1ccc([C@@H](NC(=O)OCc2ccccc2)C(=O)Nc2cccc(CN)c2)cc1,0,-7.368,0.013333333333333334
CCc1cccc(-c2nc3c(C(=O)Nc4ccc5c(c4)CNC5)cc(F)cc3[nH]2)c1,0,-7.736,0.2966666666666667
CCc1cccc(NC(=O)[C@]2(Oc3ccc(Br)cc3)CCNC3(CC3)C2)c1,0,-7.151,0.013333333333333334
CCc1cccc2c(CN3CCC(c4cscn4)CC3)c[nH]c12,0,-6.431,0.006666666666666667
CCc1ccccc1-c1ccc([C@@H](NC(=O)OCc2ccccc2)C(=O)Nc2cccc(CN)c2)cc1,1,-8.061,1.0
CCc1ccccc1COc1ccc(S(=O)(=O)Nc2ccc(Cl)cc2C(=O)O)cc1,1,-7.489,1.0
CCc1cnc2c(NC(=O)c3cccc4c3CC(=O)N4)cnn2c1,0,-6.801,0.0
CCc1cnccc1-c1nc2c(C(=O)Nc3ccc4c(c3)CNC4)cc(Cl)cc2[nH]1,0,-6.802,0.07333333333333333
CCc1n[nH]cc1-c1cccc([C@H](NC(=O)OCc2ccccc2)C(=O)Nc2cccc(CN)c2)c1,0,-8.292,0.11
CCc1nc(C(=O)Nc2cccc(CN)c2)nn1-c1c(Cl)cccc1Cl,0,-7.555,0.016666666666666666
CCc1nc(C)c(C(=O)Nc2cccc(-c3nnn[nH]3)c2)s1,0,-6.969,0.01
CCc1nc2c(C(=O)Nc3ccc4c(c3)CNC4)cc(Br)cc2[nH]1,0,-6.658,0.0033333333333333335
CCc1nc2ccc(Cl)cc2n1Cc1ccc2c(c1)CNC2,0,-5.918,0.013333333333333334
CCc1ncc(CN2CCC(c3nc4ccccc4s3)CC2)[nH]1,0,-6.501,0.0
CCc1ncc(Cl)cc1C(=O)Nc1ccc2c(c1)CNC2,0,-6.802,0.0
CCc1nccn1CC(=O)Nc1ccc2c(c1)CNC2,0,-5.794,0.013333333333333334
CCc1onc(-c2ccc(Br)cc2)c1C(=O)Nc1cccc(CN)c1,0,-6.291,0.016666666666666666
CCc1onc(C2CCOCC2)c1C(=O)Nc1cccc(CN)c1,0,-6.465,0.0
CCc1sc(C(=O)Nc2cccc(-c3nnn[nH]3)c2)cc1C,0,-6.826,0.0033333333333333335
CCn1c(=O)c(N2CC(S(=O)(=O)N3CCCC3)C2)nc2ccccc21,0,-6.532,0.0033333333333333335
CCn1c(=O)c(N2CC3(CCC3)C[C@@H]2C)nc2ccccc21,0,-6.047,0.006666666666666667
CCn1c(=O)c(N2CC3(CCCCC3)C[C@H]2CO)nc2ccccc21,0,-6.506,0.01
CCn1c(=O)c(N2CC3(COC3)[C@](F)(CO)C2)nc2ccccc21,0,-6.544,0.01
CCn1c(=O)c(N2CCCC[C@H](N3CCCC3)C2)nc2ccccc21,0,-6.471,0.0033333333333333335
CCn1c(=O)c(N2CCC[C@@H]2Cc2cccs2)nc2ccccc21,0,-6.274,0.0
CCn1c(=O)c(N2CCC[C@@H]2Cn2cncn2)nc2ccccc21,0,-6.15,0.0
CCn1c(=O)c(N2CCC[C@@H]2c2cncn2C)nc2ccccc21,0,-5.817,0.0033333333333333335
CCn1c(=O)c(N2CCC[C@H]2C(=O)NC2CC2)nc2ccccc21,0,-6.255,0.0
CCn1c(=O)c(N2CCC[C@H]2CN2CCCC2)nc2ccccc21,0,-6.003,0.0
CCn1c(=O)c(N2CCC[C@H]2c2cncc(Br)c2)nc2ccccc21,0,-5.988,0.006666666666666667
CCn1c(=O)c(N2CCC[C@H]2c2ncccn2)nc2ccccc21,0,-6.519,0.0033333333333333335
CCn1c(=O)c(N2CCC[C@H]2c2nncs2)nc2ccccc21,0,-5.896,0.0
CCn1c(=O)c(N2CCC[C@H]2c2noc(C)n2)nc2ccccc21,0,-5.728,0.0
CCn1c(=O)c(N2CC[C@@H](CN3CCCCC3)C2)nc2ccccc21,0,-6.83,0.0
CCn1c(=O)c(N2CC[C@@H](CO)C2)nc2ccc(C(=O)O)cc21,0,-6.272,0.0
CCn1c(=O)c(N2CC[C@@H](CO)C2)nc2ccccc21,0,-5.689,0.0
CCn1c(=O)c(N2CC[C@@H](Cc3ccncc3)C2)nc2ccccc21,0,-6.845,0.02
CCn1c(=O)c(N2CC[C@@]23CCN(C)C3)nc2ccccc21,0,-5.936,0.0033333333333333335
CCn1c(=O)c(N2CC[C@@]3(CCCN3C)C2)nc2ccccc21,0,-6.511,0.0
CCn1c(=O)c(N2CC[C@@]3(COC(=O)N3)C2)nc2ccccc21,0,-6.608,0.0
CCn1c(=O)c(N2CC[C@H](CO)C2)nc2cc(C(=O)N(C)C)ccc21,0,-6.131,0.0
CCn1c(=O)c(N2CC[C@H](CO)C2)nc2cc(C(=O)NCc3ccccc3)ccc21,0,-6.918,0.01
CCn1c(=O)c(N2CC[C@H](CO)C2)nc2cc(C(=O)NS(C)(=O)=O)ccc21,0,-7.01,0.0033333333333333335
CCn1c(=O)c(N2CC[C@H](CO)C2)nc2cc(C(=O)O)ccc21,0,-6.404,0.0
CCn1c(=O)c(N2CC[C@H](CO)C2)nc2cc(C(N)=O)ccc21,0,-6.254,0.0
CCn1c(=O)c(N2CC[C@H](CO)C2)nc2ccc(C(=O)N(C)C)cc21,0,-6.621,0.0
CCn1c(=O)c(N2CC[C@H](CO)C2)nc2ccc(C(=O)NCc3ccccc3)cc21,0,-7.261,0.01
CCn1c(=O)c(N2CC[C@H](CO)C2)nc2ccc(C(=O)NS(C)(=O)=O)cc21,0,-6.852,0.0033333333333333335
CCn1c(=O)c(N2CC[C@H](CO)C2)nc2ccc(C(=O)OC)cc21,0,-6.452,0.0
CCn1c(=O)c(N2CC[C@H](CO)C2)nc2ccc(C(N)=O)cc21,0,-6.412,0.0
CCn1c(=O)c(N2CC[C@H](N3CCCC3=O)C2)nc2ccccc21,0,-7.166,0.0
CCn1c(=O)c(N2CC[C@H](N3CCCS3(=O)=O)C2)nc2ccccc21,0,-6.656,0.0033333333333333335
CCn1c(=O)c(N2CC[C@H](N3CCN(C)CC3)C2)nc2ccccc21,0,-6.185,0.0033333333333333335
CCn1c(=O)c(N2CC[C@H](NC(=O)NC3CC3)C2)nc2ccccc21,0,-6.125,0.0
CCn1c(=O)c(N2CC[C@H](c3ccccc3)C2)nc2ccccc21,0,-7.209,0.006666666666666667
CCn1c(=O)c(N2CC[C@H](c3cnccn3)C2)nc2ccccc21,0,-6.289,0.0
CCn1c(=O)c(N2CC[C@H](c3nccn3C)C2)nc2ccccc21,0,-6.452,0.0
CCn1c(=O)c(N2CC[C@H](c3nncs3)C2)nc2ccccc21,0,-6.072,0.0033333333333333335
CCn1c(=O)c(N2CC[C@H]3[C@H]2[C@H]3C(F)(F)F)nc2ccccc21,0,0.0,0.01
CCn1c(=O)c(N2CC[C@]3(CCCN(C)C3)C2)nc2ccccc21,0,-6.634,0.0
CCn1c(=O)c(N2CC[C@]3(CCNC3=O)C2)nc2ccccc21,0,-6.73,0.0
CCn1c(=O)c(N2CC[C@]3(CCSC3)C2)nc2ccccc21,0,-6.288,0.0033333333333333335
CCn1c(=O)c(N2CC[C@]3(CNC(=O)O3)C2)nc2ccccc21,0,-6.523,0.0
CCn1c(=O)c(N2C[C@@H](CO)[C@H](c3cncn3C)C2)nc2ccccc21,0,-7.269,0.0033333333333333335
CCn1c(=O)c(N2C[C@@H]3CCO[C@]3(COC)C2)nc2ccccc21,0,-6.575,0.0
CCn1c(=O)c(N2C[C@@H]3CN(C4CCC4)C[C@@H]3C2)nc2ccccc21,0,-6.842,0.01
CCn1c(=O)c(N2C[C@@H]3CS(=O)(=O)C[C@@H]3C2)nc2ccccc21,0,-6.334,0.01
CCn1c(=O)c(N2C[C@@H]3C[C@]3(CO)C2)nc2ccccc21,0,-6.343,0.0033333333333333335
CCn1c(=O)c(N2C[C@@H]3[C@H](C2)[C@H]2CC[C@@H]3O2)nc2ccccc21,0,-6.574,0.02
CCn1c(=O)c(N2C[C@@H]3[C@H](C2)[C@H]3C(=O)OC)nc2ccccc21,0,-6.046,0.0
CCn1c(=O)c(N2C[C@H](C)C[C@H]2c2ccccc2)nc2ccccc21,0,-6.327,0.02
CCn1c(=O)c(N2C[C@H](O)C3(CC3)C2)nc2ccccc21,0,-6.401,0.0033333333333333335
CCn1c(=O)c(N2C[C@H]3CCCN3C(=O)[C@H]2C)nc2ccccc21,0,-6.253,0.0
CCn1c(=O)c(N2C[C@H]3CCC[C@H]2C3)nc2ccccc21,0,0.0,0.0033333333333333335
CCn1c(=O)c(N2C[C@H]3CCS(=O)(=O)[C@H]3C2)nc2ccccc21,0,-6.651,0.0
CCn1c(=O)c(N2C[C@H]3CN(C)CC[C@H]3C2)nc2ccccc21,0,-6.748,0.0033333333333333335
CCn1c(=O)c(N2C[C@H]3COC(C)(C)OC[C@H]3C2)nc2ccccc21,0,-7.183,0.0
CCn1c(=O)c(N2C[C@H]3COC[C@@]3(C)C2)nc2ccccc21,0,-6.241,0.0
CCn1c(=O)c(N2C[C@H]3C[C@@H](O)CC[C@H]3C2)nc2ccccc21,0,-6.72,0.0
CCn1c(=O)c(N2C[C@H]3C[C@@]3(C(F)F)C2)nc2ccccc21,0,-6.683,0.0033333333333333335
CCn1c(=O)c(N2C[C@H]3C[C@H]2C(F)(F)C3)nc2ccccc21,0,0.0,0.01
CCn1c(=O)c(N2C[C@H]3C[C@H]2CS(=O)(=O)C3)nc2ccccc21,0,0.0,0.006666666666666667
CCn1c(=O)c(N2C[C@H]3OCCN(C(C)=O)[C@H]3C2)nc2ccccc21,0,-6.325,0.0
CCn1c(=O)c(N2C[C@]3(CO)C[C@H]2CO3)nc2ccccc21,0,-5.866,0.006666666666666667
CCn1c(C)cc(C(=O)Nc2cc(CCCN)ccn2)c1C,0,-6.013,0.0
CCn1cc(-c2c[nH]c3ncccc23)nc(N2CC[C@@H](CO)C2)c1=O,0,-6.999,0.016666666666666666
CCn1cc(-c2cc(F)ccc2C)nc(N2CC[C@@H](CO)C2)c1=O,0,-6.856,0.0
CCn1cc(-c2ccc(C(F)F)nc2)nc(N2CC[C@@H](CO)C2)c1=O,0,-7.181,0.0
CCn1cc(-c2ccc(CN(C)C)cc2)nc(N2CC[C@@H](CO)C2)c1=O,0,-6.732,0.0
CCn1cc(-c2ccc(OC)c(C)c2)nc(N2CC[C@@H](CO)C2)c1=O,0,-6.645,0.0
CCn1cc(-c2ccc(S(C)(=O)=O)cc2)nc(N2CC[C@@H](CO)C2)c1=O,0,-6.529,0.0033333333333333335
CCn1cc(-c2ccc([C@@H](NC(=O)OCc3ccccc3)C(=O)Nc3cccc(CN)c3)cc2)cn1,0,-7.015,0.04666666666666667
CCn1cc(-c2ccc3c(c2)CCNC3)nc(N2CC[C@@H](CO)C2)c1=O,0,-7.239,0.0
CCn1cc(-c2ccc3nn(C)cc3c2)nc(N2CC[C@@H](CO)C2)c1=O,0,-6.161,0.006666666666666667
CCn1cc(-c2ccc3ocnc3c2)nc(N2CC[C@@H](CO)C2)c1=O,0,-6.884,0.0033333333333333335
CCn1cc(-c2cccc(-c3ccccc3)c2)nc(N2CC[C@@H](CO)C2)c1=O,0,-7.321,0.04
CCn1cc(-c2cccc(-n3cccn3)c2)nc(N2CC[C@@H](CO)C2)c1=O,0,-6.492,0.02
CCn1cc(-c2cccc(CN(C)C)c2)nc(N2CC[C@@H](CO)C2)c1=O,0,-6.799,0.0
CCn1cc(-c2cccc(OC)c2F)nc(N2CC[C@@H](CO)C2)c1=O,0,-6.272,0.006666666666666667
CCn1cc(-c2ccccc2)nc(N2CC[C@@H](CO)C2)c1=O,0,-6.156,0.0
CCn1cc(-c2ccccc2C(=O)OC)nc(N2CC[C@@H](CO)C2)c1=O,0,-6.602,0.0033333333333333335
CCn1cc(-c2ccccc2C(C)C)nc(N2CC[C@@H](CO)C2)c1=O,0,-6.543,0.0033333333333333335
CCn1cc(-c2ccccc2N)nc(N2CC[C@@H](CO)C2)c1=O,0,-6.747,0.0
CCn1cc(-c2ccnc(C)c2)nc(N2CC[C@@H](CO)C2)c1=O,0,-6.488,0.0
CCn1cc(-c2ccnc(N(C)C)c2)nc(N2CC[C@@H](CO)C2)c1=O,0,-6.589,0.0033333333333333335
CCn1cc(-c2ccncc2F)nc(N2CC[C@@H](CO)C2)c1=O,0,-6.405,0.0
CCn1cc(-c2cn(C)nc2C(F)(F)F)nc(N2CC[C@@H](CO)C2)c1=O,0,-5.957,0.016666666666666666
CCn1cc(-c2cn(C)nc2C)nc(N2CC[C@@H](CO)C2)c1=O,0,-5.675,0.0
CCn1cc(-c2cnc3ccnn3c2)nc(N2CC[C@@H](CO)C2)c1=O,0,-6.262,0.006666666666666667
CCn1cc(-c2cncc(OC)c2)nc(N2CC[C@@H](CO)C2)c1=O,0,-6.698,0.0033333333333333335
CCn1cc(-c2cnccc2C)nc(N2CC[C@@H](CO)C2)c1=O,0,-5.705,0.0
CCn1cc(-c2cnn(-c3ccccc3)c2)nc(N2CC[C@@H](CO)C2)c1=O,0,-7.517,0.023333333333333334
CCn1cc(-c2cnn(C)n2)nc(N2CC[C@@H](CO)C2)c1=O,0,-5.708,0.0
CCn1cc(C#N)nc(N2CC[C@@H](CO)C2)c1=O,0,-5.022,0.0033333333333333335
CCn1cc(C(=O)N2CCN(C)CC2)nc(N2CC[C@@H](CO)C2)c1=O,0,-5.963,0.013333333333333334
CCn1cc(C(=O)NC)nc(N2CC[C@@H](CO)C2)c1=O,0,-5.572,0.0
CCn1cc(C(=O)NCc2ccccc2)nc(N2CC[C@@H](CO)C2)c1=O,0,-6.918,0.0
CCn1cc(C(=O)Nc2ccccc2)nc(N2CC[C@@H](CO)C2)c1=O,0,-6.553,0.0
CCn1cc(C(=O)O)nc(N2CC[C@@H](CO)C2)c1=O,0,-5.368,0.006666666666666667
CCn1cc(C2=CCCNC2)nc(N2CC[C@@H](CO)C2)c1=O,0,-5.968,0.0
CCn1cc(Cl)nc(N2CC[C@@H](CO)C2)c1=O,0,-5.133,0.01
CCn1cc(S(=O)(=O)N[C@@H](C(=O)Nc2cccc(CN)c2)c2ccc(OCc3ccccc3)cc2)cn1,0,-7.344,0.01
CCn1ccc(-c2ccc([C@@H](NC(=O)OCc3ccccc3)C(=O)Nc3cccc(CN)c3)cc2)n1,0,-7.577,0.043333333333333335
CCn1ccnc(-n2cc([C@@H]3NC(=O)NC3=O)c3ccccc32)c1=O,0,-6.778,0.02
CCn1ccnc(N(C)[C@@H](CO)Cc2c[nH]c3ccccc23)c1=O,0,-6.209,0.0
CCn1ccnc(N2CC(=O)[C@@H](c3c[nH]c4ccccc34)C2)c1=O,0,-6.949,0.03666666666666667
CCn1ccnc(N2CCC(c3c[nH]c4ccccc34)CC2)c1=O,0,-6.822,0.006666666666666667
CCn1ccnc(N2CCC[C@H]2C(=O)O)c1=O,0,-5.059,0.006666666666666667
CCn1ccnc(N2CC[C@@H](C(=O)NC)C2)c1=O,0,-4.929,0.0
CCn1ccnc(N2CC[C@@H](CC#N)C2)c1=O,0,-4.977,0.006666666666666667
CCn1ccnc(N2CC[C@@H](CC(N)=O)C2)c1=O,0,-5.446,0.0
CCn1ccnc(N2CC[C@@H](CO)C2)c1=O,0,-5.051,0.0033333333333333335
CCn1ccnc(N2CC[C@@H](Cc3ccncc3)C2)c1=O,0,-5.903,0.0033333333333333335
CCn1ccnc(N2CC[C@H](C#N)C2)c1=O,0,-4.801,0.016666666666666666
CCn1ccnc(N2CC[C@H](C3CCOCC3)C2)c1=O,0,-5.286,0.0
CCn1ccnc(N2CC[C@H](c3c[nH]c4ccccc34)C2)c1=O,0,-7.233,0.0
CCn1ccnc(N2CC[C@H](c3ccc(C#N)cc3)C2)c1=O,0,-5.901,0.0
CCn1ccnc(N2CC[C@H](c3ccc(F)cc3)C2)c1=O,0,-6.036,0.0
CCn1ccnc(N2CC[C@H](c3ccc(OC)nc3)C2)c1=O,0,-5.869,0.0
CCn1ccnc(N2CC[C@H](c3cccc(C#N)c3)C2)c1=O,0,-6.871,0.0
CCn1ccnc(N2CC[C@H](c3cccnc3)C2)c1=O,0,-5.587,0.0033333333333333335
CCn1ccnc(N2CC[C@H](c3ccn[nH]3)C2)c1=O,0,-5.531,0.0
CCn1ccnc(N2CC[C@H](c3ccncc3)C2)c1=O,0,-5.564,0.0033333333333333335
CCn1ccnc(N2C[C@@H](O)[C@H](c3c[nH]c4ccccc34)C2)c1=O,0,-7.912,0.0
CCn1ccnc(N2C[C@@H](OC(=O)OC)[C@H](c3c[nH]c4ccccc34)C2)c1=O,0,-7.137,0.006666666666666667
CCn1ccnc(N2C[C@H](c3c[nH]c4ccccc34)[C@H](N3C(=O)c4ccccc4C3=O)C2)c1=O,0,-7.592,0.056666666666666664
CCn1ccnc(N2C[C@H](c3c[nH]c4ccccc34)[C@H](OC(C)=O)C2)c1=O,0,-6.538,0.0
CCn1cnnc1COc1ccc(S(=O)(=O)Nc2ccc(Cl)cc2C(=O)O)cc1,0,-6.697,0.02666666666666667
CCn1nc(-c2ccccc2)cc1NS(=O)(=O)c1ccc(Cl)cc1C(=O)O,0,-7.461,0.03333333333333333
CCn1nc(C)c(CN(C)Cc2ccc3c(c2)CCNCC3)c1C,0,-5.825,0.01
CCn1ncc(-c2noc3nc(C)cc(C(=O)Nc4cccc(CN)c4)c23)c1C,0,-6.437,0.03333333333333333
CCn1ncc2c(C(=O)Nc3ccc4c(c3)CNC4)cc(C)nc21,0,-6.757,0.0
CCn1ncc2c(C(=O)Nc3cccc(CN)c3)cc(C)nc21,0,-6.094,0.0
CCn1nccc1-c1cccc([C@@H](NC(=O)OCc2ccccc2)C(=O)Nc2cccc(CN)c2)c1,0,-7.555,0.03
CCn1nccc1-c1cn(CC)c(=O)c(N2CC[C@@H](CO)C2)n1,0,-5.58,0.0
CCn1nccc1S(=O)(=O)N[C@@H](C(=O)Nc1cccc(CN)c1)c1ccc(OCc2ccccc2)cc1,0,-7.671,0.006666666666666667
CN(C(=O)OCc1ccccc1)[C@H](C(=O)Nc1cccc(CN)c1)c1ccc(OCc2ccccc2)cc1,0,-7.661,0.05
CN(C(=O)[C@@H](NC(=O)OCc1ccccc1)c1ccc(OCc2ccccc2)cc1)c1cccc(CN)c1,0,-8.07,0.03130555555555556
CN(C(=O)c1cc(Cl)cc(NC(=O)OCc2ccccc2)c1)c1ccc(CN)cc1,0,-6.846,0.006666666666666667
CN(C(=O)c1cc(Cl)cc2[nH]ncc12)c1ccc2c(c1)CNC2,0,-6.951,0.0033333333333333335
CN(C(=O)c1ccc2c(c1)[C@H](CN)CCC2)C1CCN(CC(F)F)CC1,0,-7.154,0.0033333333333333335
CN(C(=O)c1ccccc1)[C@@H](CCCNC(=N)N)C(=O)N[C@@H](CCCCN)C(=O)N[C@@H](C(N)=O)c1ccc(OCc2ccccc2)cc1,1,-9.244,1.0
CN(C(=O)c1ccccc1)[C@@H](CCCNC(=N)N)C(=O)N[C@@H](CCCCN)C(=O)N[C@@H](C(N)=O)c1ccccc1,1,-8.509,1.0
CN(C(=O)c1ccccc1)[C@@H](CCCNC(=N)N)C(=O)N[C@@H](CCCCN)C(=O)N[C@@](C)(C(N)=O)c1ccccc1,1,-8.463,1.0
CN(C)C(=O)CCCc1nc2c(C(=O)Nc3ccc4c(c3)CNC4)cc(Cl)cc2[nH]1,0,-6.792,0.01
CN(C)C(=O)C[C@H]1NCc2cc(NC(=O)c3cc(Cl)cc4[nH]ncc34)ccc21,0,-7.367,0.0
CN(C)C(=O)C[C@H]1NCc2cc(NC(=O)c3cc(F)cc4[nH]ncc34)ccc21,0,-7.637,0.0033333333333333335
CN(C)C(=O)N1Cc2ccc(NC(=O)c3cc(Cl)cc4[nH]ncc34)cc2C1,0,-6.973,0.0033333333333333335
CN(C)C(=O)Nc1cccc([C@@H]2C[C@H]2c2cc(Cl)cc(NC(=O)OCc3ccccc3)c2)c1,0,-7.024,0.02666666666666667
CN(C)C(=O)[C@@H](NC(=O)OCc1ccccc1)c1ccc(OCc2ccccc2)cc1,0,-7.224,0.016666666666666666
CN(C)C(=O)c1cc(CN)cc([C@@H]2C[C@H]2c2cc(Cl)cc(NC(=O)OCc3ccccc3)c2)c1,0,-7.111,0.01
CN(C)CCC(=O)N1CCC([C@@H](NC(=O)OCc2ccccc2)C(=O)Nc2cccc(CN)c2)CC1,0,-6.801,0.0033333333333333335
CN(C)CCNC(=O)[C@H](NC(=O)OCc1ccccc1)c1ccc(OCc2ccccc2)cc1,0,-7.174,0.023333333333333334
CN(C)CCNC(=O)[C@H](Nc1cccc(-c2nn[nH]n2)c1)c1cc(Cl)cc(NC(=O)OCc2ccccc2)c1,0,-8.184,0.17333333333333334
CN(C)CCOc1ccc(Cl)cc1C(=O)Nc1cccc(CN)c1,0,-6.911,0.006666666666666667
CN(C)CCOc1cccc(CNC(=O)[C@@H](NC(=O)OCc2ccccc2)c2ccc(OCc3ccccc3)cc2)c1,0,-7.996,0.04
CN(C)CC[C@H](NC(=O)c1cc(Cl)cc(NC(=O)OCc2ccccc2)c1)c1ccccc1,0,-6.83,0.03333333333333333
CN(C)CCc1ccc(CNC(=O)[C@@H](NC(=O)OCc2ccccc2)c2ccc(OCc3ccccc3)cc2)cc1,0,-8.358,0.023333333333333334
CN(C)CCc1ccc(NC(=O)c2cc(Cl)cc(NC(=O)OCc3ccccc3)c2)cc1,0,-7.699,0.0033333333333333335
CN(C)C[C@@]1(O)CCN(C(=O)c2cc(C=O)c[nH]2)C1,0,-5.856,0.01
CN(C)Cc1cc(CNC(=O)[C@@H](NC(=O)OCc2ccccc2)c2ccc(OCc3ccccc3)cc2)ccc1F,0,-7.754,0.03333333333333333
CN(C)Cc1cc(Cl)cc(C(=O)Nc2cccc(CN)c2)c1,0,-6.131,0.006666666666666667
CN(C)Cc1cc(NC(=O)[C@@H](NC(=O)OCc2ccccc2)c2ccc(OCc3ccccc3)cc2)ccc1Cl,0,-7.832,0.08888888888888888
CN(C)Cc1cc(NC(=O)[C@H](NC(=O)OCc2ccccc2)c2ccc(OCc3ccccc3)cc2)sn1,0,-7.193,0.019523809523809523
CN(C)Cc1cc(NC(=O)c2cc(Cl)cc(NC(=O)OCc3ccccc3)c2)sn1,0,-6.963,0.03
CN(C)Cc1ccc(C(=O)Nc2cc(Cl)cc(C(=O)NC(C)(C)CO)c2)[nH]1,0,-6.631,0.006666666666666667
CN(C)Cc1ccc(CNC(=O)[C@@H](NC(=O)OCc2ccccc2)c2ccc(OCc3ccccc3)cc2)cc1,0,-8.229,0.023333333333333334
CN(C)Cc1ccc(N2CCN(Cc3c[nH]c4ccccc34)CC2)nc1,0,-6.952,0.016666666666666666
CN(C)Cc1ccc(NC(=O)c2cc(Cl)cc(NC(=O)OCc3ccccc3)c2)cc1,0,-6.905,0.006666666666666667
CN(C)Cc1cccc(-c2ccc(S(=O)(=O)Nc3ccc(Cl)cc3C(=O)O)cc2)c1,0,-7.275,0.26
CN(C)Cc1cccc(C(=O)Nc2cccc(CN)c2)c1,0,-6.338,0.006666666666666667
CN(C)Cc1cccc(NC(=O)[C@H](NC(=O)OCc2ccccc2)c2ccc(OCc3ccccc3)cc2)c1,0,-7.829,0.06406060606060607
CN(C)Cc1ccccc1CNC(=O)[C@@H](NC(=O)OCc1ccccc1)c1ccc(OCc2ccccc2)cc1,0,-7.668,0.013333333333333334
CN(C)Cc1cncc(NC(=O)[C@@H](NC(=O)OCc2ccccc2)c2ccc(OCc3ccccc3)cc2)c1,0,-6.784,0.006666666666666667
CN(C)Cc1csc(NC(=O)[C@@H](NC(=O)OCc2ccccc2)c2ccc(OCc3ccccc3)cc2)n1,0,-7.331,0.013333333333333334
CN(C)Cc1csc(NC(=O)c2cc(Cl)cc(NC(=O)OCc3ccccc3)c2)n1,0,-7.48,0.006666666666666667
CN(C)Cc1nnc(NC(=O)[C@@H](NC(=O)OCc2ccccc2)c2ccc(OCc3ccccc3)cc2)s1,0,-7.166,0.03888888888888889
CN(C)[C@@H]1CCC[C@@H](C(=O)Nc2cccc(CN)c2)C1,0,-6.389,0.0033333333333333335
CN(C)[C@@H]1CCC[C@H](C(=O)Nc2cccc(CN)c2)C1,0,-6.476,0.0033333333333333335
CN(C)[C@@H]1C[C@H](C(=O)Nc2cccc(CN)c2)CN(C(=O)OCc2ccccc2)C1,0,-7.164,0.0
CN(C)[C@H](C(=O)Nc1cccc(CN)c1)c1cc(Cl)cc(Cl)c1,0,-6.275,0.02
CN(C)[C@H]1CCc2cc(-c3cccc(N4CCNC4=O)c3)ccc2NC1,0,-6.955,0.023333333333333334
CN(C)c1cc(-c2ccc(S(=O)(=O)Nc3ccc(Cl)cc3C(=O)O)cc2)ccn1,0,-7.022,0.17333333333333334
CN(C)c1ccc(/C=C/C(=O)C(=O)N2CCOCC2)cc1,0,-5.698,0.02
CN(C)c1nc(-c2cc(F)cc(C(=O)Nc3ccc4c(c3)CNC4)c2)cs1,0,-7.507,0.01
CN(CCS(N)(=O)=O)C(=O)c1cc(Cl)ccc1NS(=O)(=O)c1ccc(Oc2ccccc2Cl)cc1,0,-6.762,0.12666666666666668
CN(Cc1cccnc1)Cc1c[nH]c2ccccc12,0,-5.777,0.006666666666666667
CN([C@@H](CCCNC(=N)N)C(=O)N[C@@H](CCCCN)C(=O)N[C@@H](C(N)=O)c1ccccc1)S(=O)(=O)c1ccc(Cl)cc1,0,-8.849,0.17
CN([C@@H](CCCNC(=N)N)C(=O)N[C@@H](CCCCN)C(=O)N[C@@H](C(N)=O)c1ccccc1)S(=O)(=O)c1ccccc1,0,-8.439,0.16333333333333333
CN([C@@H](CCCNC(=N)N)C(=O)N[C@@H](CCCCN)C(=O)N[C@H](C(N)=O)c1ccccc1)S(=O)(=O)c1ccccc1,0,-8.072,0.16333333333333333
CN([C@@H](Cc1ccc(C(=N)N)cc1)C(=O)N[C@@H](CCCCN)C(=O)N[C@@H](C(N)=O)c1ccc(O)cc1)S(=O)(=O)c1ccccc1,1,-8.427,1.0
CN([C@@H](Cc1ccc(C(=N)N)cc1)C(=O)N[C@@H](CCCCN)C(=O)N[C@@H](C(N)=O)c1ccc(OCc2ccc(C(F)(F)F)cc2)cc1)S(=O)(=O)c1ccccc1,1,-8.881,1.0
CN([C@@H](Cc1ccc(C(=N)N)cc1)C(=O)N[C@@H](CCCCN)C(=O)N[C@@H](C(N)=O)c1ccc(OCc2ccc(Cl)c(Cl)c2)cc1)S(=O)(=O)c1ccccc1,1,-9.807,1.0
CN([C@@H](Cc1ccc(C(=N)N)cc1)C(=O)N[C@@H](CCCCN)C(=O)N[C@@H](C(N)=O)c1ccc(OCc2ccccc2)cc1)S(=O)(=O)c1ccccc1,1,-8.076,1.0
CN([C@@H](Cc1ccc(C(=N)N)cc1)C(=O)N[C@@H](CCCCN)C(=O)N[C@@H](C(N)=O)c1ccccc1)S(=O)(=O)c1ccccc1,1,-7.772,1.0
CN([C@@H](Cc1ccc(C(=N)N)cc1)C(=O)N[C@@H](CCCCN)C(=O)N[C@H](C(N)=O)c1ccc(OCc2ccccc2)cc1)S(=O)(=O)c1ccccc1,1,-9.044,1.0
CN([C@@H](Cc1ccc(NC(=N)N)cc1)C(=O)N[C@@H](CCCCN)C(=O)N[C@@H](C(N)=O)c1ccccc1)S(=O)(=O)c1ccccc1,1,-8.261,1.0
CN([C@@H](Cc1cccc(NC(=N)N)c1)C(=O)N[C@@H](CCCCN)C(=O)N[C@@H](C(N)=O)c1ccccc1)S(=O)(=O)c1ccccc1,0,-9.168,0.5666666666666667
CN(c1ccc(Oc2ccccc2Cl)cc1)S(=O)(=O)c1cc(F)c(Cl)cc1C(=O)O,0,-7.192,0.24333333333333335
CN(c1ccc2c(c1)CNC2)[C@H](C(=O)NCC(F)F)c1cc(Cl)cc(C2CC2)c1,0,-6.945,0.0033333333333333335
CN(c1ncnc(-c2ccsc2C=O)n1)C1CCNCC1,0,-5.455,0.0033333333333333335
CN1C(=O)CC[C@H]1c1nc2c(C(=O)Nc3ccc4c(c3)CNC4)cc(F)cc2[nH]1,0,-6.806,0.0033333333333333335
CN1C(=O)C[C@H](C(=O)Nc2cccc(CN)c2)[C@H]1c1ccc(Cl)c(Cl)c1,0,-6.335,0.0033333333333333335
CN1C(=O)Cc2cc(C(=O)Nc3ccc4c(c3)CNC4)ccc21,0,-6.437,0.013333333333333334
CN1C(=O)[C@H](c2cc(Cl)cc(NC(=O)OCc3ccccc3)c2)N(c2cccc(-c3nn[nH]n3)c2)C1=O,0,-7.282,0.10333333333333333
CN1CC=C(c2ccc(S(=O)(=O)Nc3ccc(Cl)cc3C(=O)O)cc2)CC1,0,-6.671,0.0033333333333333335
CN1CC=C(c2cccc([C@@H](NC(=O)OCc3ccccc3)C(=O)Nc3cccc(CN)c3)c2)CC1,0,-8.214,0.04
CN1CCC(COc2ccc([C@@H](NC(=O)OCc3ccccc3)C(=O)Nc3cccc(CN)c3)cc2)CC1,0,-8.09,0.0033333333333333335
CN1CCC(COc2cccc([C@H](NC(=O)OCc3ccccc3)C(=O)Nc3cccc(CN)c3)c2)CC1,0,-7.855,0.0
CN1CCC([C@H]2CCCN(C(=O)Nc3ccc4c(c3)CNC4)C2)CC1,0,-7.155,0.01
CN1CCC(c2nc(C(F)(F)F)n3c2CN(c2cccc(C(N)=O)n2)CC3)CC1,0,-7.541,0.0033333333333333335
CN1CCC[C@H](c2nc3c(C(=O)Nc4ccc5c(c4)CNC5)cc(F)cc3[nH]2)C1=O,0,-7.363,0.016666666666666666
CN1CCC[C@H]1COc1ccc([C@@H](NC(=O)OCc2ccccc2)C(=O)Nc2cccc(CN)c2)cc1,0,-7.864,0.0
CN1CCC[C@H]1COc1cccc([C@@H](NC(=O)OCc2ccccc2)C(=O)Nc2cccc(CN)c2)c1,0,-8.334,0.0
CN1CCN(C2CCN(C(=O)c3cc(C=O)n(C)c3)CC2)CC1,0,-5.772,0.02
CN1CCN(C2CN(C(=O)c3cc(Br)cc(C=O)c3)C2)CC1,0,-5.414,0.01
CN1CCN(Cc2cccc(CNC(=O)[C@@H](NC(=O)OCc3ccccc3)c3ccc(OCc4ccccc4)cc3)c2)CC1,0,-7.815,0.023333333333333334
CN1CCN(Cc2ccccc2CNC(=O)[C@@H](NC(=O)OCc2ccccc2)c2ccc(OCc3ccccc3)cc2)CC1,0,-7.96,0.03666666666666667
CN1CC[C@H](C2CCN(S(=O)(=O)c3cc(F)cc(C(=O)O)c3)CC2)C1,0,-6.302,0.0
CN1CCc2c([nH]c3ccc(C(=O)Nc4ccc5c(c4)CNC5)cc23)C1=O,0,-7.416,0.006666666666666667
CN1CCc2c(cccc2NC(=O)c2cc(Cl)cc(NC(=O)OCc3ccccc3)c2)C1,0,-7.272,0.01
CN1CCc2ccc(C(=O)N3CCNc4ccccc4C3)cc2C1,0,-6.177,0.013333333333333334
CN1CCc2nc(NC(=O)[C@@H](NC(=O)OCc3ccccc3)c3ccc(OCc4ccccc4)cc3)sc2C1,0,-7.734,0.023333333333333334
CN1CCc2nc(NC(=O)c3cc(Cl)cc(NC(=O)OCc4ccccc4)c3)sc2C1,0,-7.159,0.006666666666666667
CN1CCc2ncc(NC(=O)[C@@H](NC(=O)OCc3ccccc3)c3ccc(OCc4ccccc4)cc3)cc2C1,0,-8.47,0.016666666666666666
CN1CCn2nc(NC(=O)[C@@H](NC(=O)OCc3ccccc3)c3ccc(OCc4ccccc4)cc3)cc2C1,0,-7.213,0.023333333333333334
CN1CCn2nc(NC(=O)c3cc(Cl)cc(NC(=O)OCc4ccccc4)c3)cc2C1,0,-6.751,0.0
CN1C[C@@H]2C[C@H](C1)c1cccc(=S)n1C2,0,-5.354,0.39666666666666667
CN1C[C@@H]2C[C@H](C1=S)c1cccc(=O)n1C2,1,-5.459,1.0
CN1C[C@H](c2cccc(CN)c2)[C@@H](c2cc(Cl)cc(NC(=O)OCc3ccccc3)c2)C1,0,-7.285,0.016666666666666666
CN1Cc2cc(NC(=O)c3cc(Cl)cc4[nH]ncc34)ccc2C1(C)C,0,-6.869,0.0
CN1Cc2ccc(CNC(=O)[C@@H](NC(=O)OCc3ccccc3)c3ccc(OCc4ccccc4)cc3)cc2C1,0,-7.97,0.02
CN1Cc2ccc(NC(=O)c3cc(Cl)cc4[nH]ncc34)cc2C1,0,-6.54,0.0033333333333333335
CN1[C@@H]2CCC[C@H]1C[C@@H](NC(=O)C1CCN(c3ccc(C=O)cc3)CC1)C2,0,-6.466,0.016666666666666666
CNC(=O)CN1CCC([C@@H](NC(=O)OCc2ccccc2)C(=O)Nc2cccc(CN)c2)CC1,0,-7.245,0.013333333333333334
CNC(=O)C[C@H](Nc1cccc(F)n1)c1cc(Cl)cc(Br)c1,0,-6.489,0.006666666666666667
CNC(=O)C[C@H](Nc1ccccn1)c1cc(Cl)cc(Br)c1,0,-5.962,0.013333333333333334
CNC(=O)C[C@H](Nc1ccccn1)c1cc(Cl)cc(CN)c1,0,-6.322,0.0
CNC(=O)C[C@H]1CC[C@@H](NC(=O)c2cccc3c2CC(=O)N3)CC1,0,-6.732,0.006666666666666667
CNC(=O)C[C@H]1NCc2cc(NC(=O)c3cc(Cl)cc4[nH]ncc34)ccc21,0,-6.799,0.0
CNC(=O)[C@H](Nc1cc(CN)cc(-c2nn[nH]n2)c1)c1cc(Cl)cc(C2CC2)c1,0,-6.625,0.023333333333333334
CNC(=O)[C@H](Nc1cc(CN)cc(C(=O)O)c1)c1cc(Cl)cc(C2CC2)c1,0,-6.569,0.0033333333333333335
CNC(=O)[C@H](Nc1cc(CN)cc(C(=O)O)c1)c1cc(Cl)cc(NC(=O)OCc2ccccc2)c1,0,-7.599,0.08333333333333333
CNC(=O)[C@H](Nc1cc(CNC(=O)OC(C)(C)C)cc(C(=O)O)c1)c1cc(Cl)cc(C2CC2)c1,0,-7.453,0.05333333333333334
CNC(=O)[C@H](Nc1cc(Cl)cc(C2CC2)c1)c1ccc(-c2nn[nH]n2)cc1,0,-7.378,0.01
CNC(=O)[C@H](Nc1cc(Cl)cc(NC(=O)OCc2ccccc2)c1)c1ccc(-c2nn[nH]n2)cc1,0,-7.505,0.13
CNC(=O)[C@H](Nc1cc(Cl)cc(NC(=O)OCc2ccccc2)c1)c1cccc(-c2nn[nH]n2)c1,0,-8.318,0.11333333333333333
CNC(=O)[C@H](Nc1cc(Cl)cc(NC(=O)OCc2ccccc2)c1)c1cccc(CN)c1,0,-7.612,0.013333333333333334
CNC(=O)[C@H](Nc1cc(Cl)cc2[nH]ncc12)c1ccc2c(c1)CNC2,0,-6.192,0.0
CNC(=O)[C@H](Nc1ccc(-c2nn[nH]n2)cc1)c1cc(Cl)cc(NC(=O)OCc2ccccc2)c1,0,-7.715,0.16
CNC(=O)[C@H](Nc1ccc(-c2nnn[nH]2)cc1)c1cc(Cl)cc(C2CC2)c1,0,-6.487,0.006666666666666667
CNC(=O)[C@H](Nc1ccc2c(c1)C(=O)OC2)c1cc(Cl)cc2[nH]ncc12,0,-6.269,0.006666666666666667
CNC(=O)[C@H](Nc1ccc2c(c1)CNC2)c1cc(Cl)cc(C2CC2)c1,0,-6.749,0.0
CNC(=O)[C@H](Nc1ccc2c(c1)CNC2)c1cc(Cl)cc2[nH]c(-c3ccccc3)nc12,0,-7.636,0.3
CNC(=O)[C@H](Nc1ccc2c(c1)CNC2)c1cc(Cl)cc2[nH]ncc12,0,-6.947,0.0
CNC(=O)[C@H](Nc1ccc2c(c1)CNC2)c1cc(Cl)cc2c1OCC2,0,-6.628,0.0033333333333333335
CNC(=O)[C@H](Nc1ccc2c(c1)CNC2)c1cccc2[nH]c(C(F)(F)F)nc12,0,-7.301,0.0
CNC(=O)[C@H](Nc1ccc2c(c1)CNC2)c1cccc2[nH]ncc12,0,-6.45,0.0
CNC(=O)[C@H](Nc1cccc(-c2nn[nH]n2)c1)c1cc(Cl)cc(NC(=O)OCc2ccccc2)c1,0,-8.003,0.15333333333333332
CNC(=O)[C@H](Nc1cccc(-c2nn[nH]n2)c1)c1cc(Cl)cc2[nH]ncc12,0,-6.914,0.016666666666666666
CNC(=O)[C@H](Nc1cccc(-c2nnn[nH]2)c1)c1cc(Cl)cc(C2CC2)c1,0,-6.379,0.0
CNC(=O)[C@H](Nc1cccc(C(=O)O)c1)c1cc(Cl)cc2[nH]ncc12,0,-7.486,0.0033333333333333335
CNC(=O)[C@H](Nc1cccc(C2(C(=O)O)CCC2)c1)c1cc(Cl)cc(C2CC2)c1,0,-7.356,0.013333333333333334
CNC(=O)[C@H](Nc1cccc(CN)c1)c1cc(Cl)cc(NC(=O)OCc2ccccc2)c1,0,-7.014,0.023333333333333334
CNC(=O)[C@H](Nc1cccc(N)n1)c1cc(Cl)cc(CN)c1,0,-6.744,0.0033333333333333335
CNC(=O)[C@H](Nc1cccc(N)n1)c1cc(Cl)cc(CNC(=O)OC(C)(C)C)c1,0,-8.046,0.006666666666666667
CNC(=O)[C@H](Nc1cccc([C@H]2CCOC2)c1)c1cc(C2CC2)n(C)n1,0,-6.688,0.0
CNC(=O)[C@H](Nc1ccccn1)c1cc(Cl)cc(CN)c1,0,-6.418,0.0
CNC(=O)[C@H](Nc1cncc(C(=O)O)c1)c1cc(Cl)cc(C2CC2)c1,0,-6.778,0.0
CNC(=O)[C@]1(Nc2ccc3c(c2)CNC3)C(=O)Nc2c(OC)cc(Br)cc21,0,-7.216,0.01
CNC(=O)[C@]1(Nc2ccc3c(c2)CNC3)C(=O)Nc2ccc(Cl)cc21,0,-6.634,0.0033333333333333335
CNC(=O)[C@]1(Nc2ccc3c(c2)CNC3)C(=O)Nc2ccccc21,0,-6.417,0.01
CNC(=O)[C@]1(Nc2ccc3c(c2)CNC3)CCc2ccc(Cl)cc21,0,-6.942,0.0
CNC(=O)[C@]1(Nc2ccc3c(c2)CNC3)CCc2ccccc21,0,-6.773,0.01
CNC(=O)c1cc(Br)cc([C@H](Nc2ccc3c(c2)CNC3)C(=O)NCC(F)F)c1,0,-6.346,0.006666666666666667
CNC(=O)c1cc(Br)cnc1NS(=O)(=O)c1ccc(Oc2ccccc2Cl)cc1,0,-6.82,0.043333333333333335
CNC(=O)c1cc(C#N)ccc1NS(=O)(=O)c1ccc(Oc2ccccc2Cl)cc1,0,-6.775,0.04666666666666667
CNC(=O)c1cc(CN)cc([C@@H]2C[C@H]2c2cc(Cl)cc(NC(=O)OCc3ccccc3)c2)c1,0,-7.575,0.01
CNC(=O)c1cc(Cl)c(F)cc1NS(=O)(=O)c1ccc(Oc2ccccc2Cl)cc1,0,-7.214,0.18666666666666668
CNC(=O)c1cc(Cl)c(OC)cc1NS(=O)(=O)c1ccc(Oc2ccccc2Cl)cc1,0,-6.719,0.08
CNC(=O)c1cc(Cl)ccc1NS(=O)(=O)c1ccc(OC2CCCC2)nc1,0,-6.13,0.0033333333333333335
CNC(=O)c1cc(Cl)ccc1NS(=O)(=O)c1ccc(Oc2ccccc2Cl)cc1,0,-6.78,0.02666666666666667
CNC(=O)c1cc(Cl)ccc1NS(=O)(=O)c1cccc(Oc2ccccc2)c1,0,-6.446,0.04
CNC(=O)c1cc(OC)ccc1NS(=O)(=O)c1ccc(Oc2ccccc2Cl)cc1,0,-6.685,0.06666666666666667
CNC(=O)c1cccc(C(=O)Nc2ccc3c(c2)CNC3)c1,0,-6.358,0.043333333333333335
CNC(=O)c1cccc(CCC(=O)Nc2cc(Cl)cc(C(=O)NC(C)(C)CO)c2)c1,0,-7.506,0.03
CNC(=O)c1cccc(CNc2cc(Cl)cc(C(=O)NC(C)(C)CO)c2)c1,0,-6.424,0.01
CNC(=O)c1ccnc(NC(=O)c2cc(C3CC3)n(C)c2C)c1,0,-6.546,0.0033333333333333335
CNC(=O)c1cnncc1NS(=O)(=O)c1ccc(Oc2ccccc2Cl)cc1,0,-6.798,0.07
CNCCS(=O)(=O)N1CCC([C@H](NC(=O)OCc2ccccc2)C(=O)Nc2cccc(CN)c2)CC1,0,-7.216,0.0033333333333333335
CNCc1cc(Cl)cc(C(=O)Nc2cccc(CN)c2)c1,0,-6.046,0.0
CNCc1ccc(-c2ncc(OCC3CCNCC3)nc2-c2ccc(-c3ccoc3)cc2)cc1,1,-7.462,1.0
CNCc1ccc(NC(=O)c2cc(Cl)cc3[nH]ncc23)cc1,0,-6.501,0.0
CNCc1cccc(NC(=O)c2cc(Cl)cc(NC(=O)OCc3ccccc3)c2)c1,0,-7.043,0.0
CNCc1cccc(NC(=O)c2cc(Cl)cc3[nH]ncc23)c1,0,-6.518,0.0
CNc1c(-c2cc(Cl)cc(C3CC3)c2)nc2cc(C(=O)O)ccn12,0,-7.234,0.01
CNc1c(-c2cc(Cl)cc(C3CC3)c2)nc2cccc(C(=O)O)n12,0,-7.153,0.01
CNc1nc2cc(-c3ccc4c(c3)C[C@H](N)C4)ccc2o1,0,-6.952,0.03666666666666667
CNc1ncc(C(F)(F)F)cc1-c1ccc2[nH]c(C(=O)O)cc2c1,0,-8.109,0.016666666666666666
COC(=O)C(C)(C)NC(=O)[C@H](Nc1ccc2c(c1)CNC2)c1cc(Cl)cc(C2CC2)c1,0,-7.671,0.0
COC(=O)C1(S(=O)(=O)N[C@H](C(=O)Nc2cccc(CN)c2)c2ccc(OCc3ccccc3)cc2)CCC1,0,-8.169,0.03
COC(=O)CNC(=O)[C@H](Nc1ccc2c(c1)CNC2)c1cc(Cl)cc(C2CC2)c1,0,-6.942,0.0
COC(=O)Cc1ccccc1-c1ccc(S(=O)(=O)Nc2ccc(Cl)cc2C(=O)O)cc1,0,-7.093,0.15
COC(=O)N1CCc2cc(NC(=O)c3cc(C4CC4)n(C)c3C)ccc21,0,-7.44,0.0
COC(=O)[C@@H](C)NC(=O)c1cc(Cl)ccc1NS(=O)(=O)c1ccc(Oc2ccccc2Cl)cc1,0,-7.366,0.07666666666666666
COC(=O)[C@@H]1CC2(CC[C@@H]1NS(=O)(=O)c1ccc(Oc3ccccc3Cl)cc1)CC2,0,-6.967,0.043333333333333335
COC(=O)[C@H](C)n1cc2c(C(=O)Nc3ccc4c(c3)CNC4)cc(Cl)cc2n1,0,-6.824,0.0
COC(=O)[C@H](NC(=O)OC(C)(C)C)c1ccc(-c2csc(C)c2)cc1,0,-6.166,0.02
COC(=O)[C@H]1NCc2cc(NC(=O)c3cc(F)cc4[nH]ncc34)ccc21,0,-7.134,0.0033333333333333335
COC(=O)[C@]12CC[C@](C(=O)Nc3cccc(CN)c3)(COC1)C2,0,-6.344,0.013333333333333334
COC(=O)c1[nH]c2ccc(Cl)cc2c1C(=O)c1cc(OC)c(O)c(OC)c1,1,-6.106,1.0
COC(=O)c1cc(Br)cc2c(Cc3ccc(-c4nnn[nH]4)cc3)c[nH]c12,0,-6.587,0.08666666666666667
COC(=O)c1cc(C(=O)Nc2ccc3c(c2)CNC3)cc2[nH]ccc12,0,-7.105,0.016666666666666666
COC(=O)c1cc(CN)cc([C@@H]2C[C@H]2c2cc(Cl)cc(NC(=O)OCc3ccccc3)c2)c1,0,-7.985,0.02
COC(=O)c1cc(Cl)cc(S(=O)(=O)Nc2cccc(-c3nnn[nH]3)c2)c1F,0,-6.449,0.04
COC(=O)c1cc(Cl)cc([C@@H]2CN(Cc3ccccc3)C[C@H]2c2cccc(CN)c2)c1,0,-7.827,0.04
COC(=O)c1cc(Cl)ccc1NS(=O)(=O)c1ccc(Br)cc1,0,-5.397,0.03666666666666667
COC(=O)c1cc(Cl)ccc1NS(=O)(=O)c1ccc(Cl)nc1,0,-5.515,0.016666666666666666
COC(=O)c1cc(Cl)ccc1NS(=O)(=O)c1ccc(O)cc1,0,-5.821,0.11333333333333333
COC(=O)c1cc(Cl)ccc1NS(=O)(=O)c1ccc(Oc2ccccc2Cl)cc1,0,-6.971,0.08333333333333333
COC(=O)c1cc(Cl)ccc1NS(=O)(=O)c1ccc(Oc2ccccc2Cl)nc1,0,-6.14,0.08333333333333333
COC(=O)c1cc(NC(=O)OCc2ccccc2)cc(C(=O)Nc2cccc(CN)c2)c1,0,-8.366,0.01
COC(=O)c1cc(NC(=O)c2cc(Cl)cc(NC(=O)OCc3ccccc3)c2)cc(-c2nnn[nH]2)c1,1,-7.997,1.0
COC(=O)c1cc2c(cc1NC(=O)c1cc(F)cc3[nH]ncc13)CNC2,0,-6.968,0.006666666666666667
COC(=O)c1cc2scc(Br)c2[nH]1,0,-4.299,0.06666666666666667
COC(=O)c1ccc2[nH]cc(Cc3ccc(-c4nnn[nH]4)cc3)c2c1,0,-7.036,0.03
COC(=O)c1n[nH]cc1CN1CCC(c2nc3ccccc3s2)CC1,0,-7.092,0.0033333333333333335
COC1(C(=O)N[C@H](CC(=O)Nc2cccc(CN)c2)c2ccc(OCc3ccccc3)c(Br)c2)CC1,0,-7.693,0.02666666666666667
COC1CCN(C(=O)c2ccnc(NC(=O)c3cc(C4CC4)n(C)c3C)c2)CC1,0,-7.405,0.0033333333333333335
COC1CN(C(=O)c2cc(Cl)ccc2NS(=O)(=O)c2ccc(Oc3ccccc3Cl)cc2)C1,0,-7.668,0.013333333333333334
COC1CN(C(=O)c2ccnc(NC(=O)c3cc(C4CC4)n(C)c3C)c2)C1,0,-6.919,0.0
COCC(=O)N1CCC([C@@H](NC(=O)OCc2ccccc2)C(=O)Nc2cccc(CN)c2)CC1,0,-7.218,0.0033333333333333335
COCC=Cc1cccc([C@@H](NC(=O)OCc2ccccc2)C(=O)Nc2cccc(CN)c2)c1,0,-7.89,0.03
COCCCC(=O)N1CCC([C@H](NC(=O)OCc2ccccc2)C(=O)Nc2cccc(CN)c2)CC1,0,-7.116,0.0033333333333333335
COCCCN1Cc2ccc(NC(=O)c3cc(Cl)cc4[nH]ncc34)cc2C1,0,-7.073,0.0
COCCCNC(=O)[C@H](Nc1ccc2c(c1)CNC2)c1cc(Cl)cc(C2CC2)c1,0,-6.83,0.0
COCCN(C)C(=O)Cn1ccnc(N2CC[C@@H](CO)C2)c1=O,0,-5.724,0.0
COCCN(C)C(=O)[C@H](Nc1ccc2c(c1)CNC2)c1cc(Cl)cc(C2CC2)c1,0,-7.03,0.0
COCCN(C)Cc1ccnc(NC(=O)c2cc(C3CC3)n(C)c2C)c1,0,-6.847,0.006666666666666667
COCCN1C(=O)CCc2cc(NC(=O)c3cc(C4CC4)n(C)c3C)ccc21,0,-6.957,0.0
COCCN1C(=O)C[C@H](C(=O)Nc2cccc(CN)c2)[C@H]1c1ccc(Cl)c(F)c1,0,-6.608,0.0
COCCNC(=O)[C@H](Nc1ccc2c(c1)CNC2)c1cc(Cl)cc(C2CC2)c1,0,-6.286,0.0
COCCNC(=O)[C@H](Nc1cccc(-c2nn[nH]n2)c1)c1cc(Cl)cc(NC(=O)OCc2ccccc2)c1,0,-7.992,0.19666666666666666
COCCNC(=O)[C@H](Nc1cccc([C@H]2CCOC2)c1)c1cc(Br)cc2[nH]ccc12,0,-6.837,0.01
COCCNC(=O)[C@H](Nc1cccc([C@H]2CCOC2)c1)c1cc(Cl)cc2[nH]ncc12,0,-6.655,0.0033333333333333335
COCCNC(=O)[C@H](Nc1cccc([C@H]2CCOC2)c1)c1cc(F)cc2[nH]ccc12,0,-7.06,0.006666666666666667
COCCO[C@]1(C)C(=O)Nc2cc(F)cc(C(=O)Nc3ccc4c(c3)CNC4)c21,0,-7.088,0.0
COCCOc1ccc(Cl)cc1C(=O)Nc1ccc2c(c1)CNC2,0,-6.298,0.0
COCCOc1ccc(Cl)cc1C(=O)Nc1cccc(CN)c1,0,-6.206,0.0
COCCc1ccnc(NC(=O)c2cc(C3CC3)n(C)c2C)c1,0,-6.185,0.006666666666666667
COC[C@@H](C)CNC(=O)c1cc(Cl)ccc1NS(=O)(=O)c1ccc(Oc2ccccc2Cl)cc1,0,-7.506,0.006666666666666667
COC[C@H](NC(=O)c1cc(Cl)cc(NC(=O)OCc2ccccc2)c1)c1nnn[nH]1,0,-7.385,0.016666666666666666
COC[C@]1(c2nc3c(C(=O)Nc4ccc5c(c4)CNC5)cc(F)cc3[nH]2)CCOC1,0,-7.057,0.0033333333333333335
COCc1cc(Cl)cc(C(=O)Nc2ccc3c(c2)CNC3)c1,0,-5.944,0.0033333333333333335
COCc1cc(Cl)cc(C(=O)Nc2cccc(CN)c2)c1,0,-6.444,0.0
COCc1cc(Cl)cc(S(=O)(=O)Nc2cccc(-c3nnn[nH]3)c2)c1,0,-6.073,0.006666666666666667
COCc1cc(Cl)cc([C@H](Nc2ccc3c(c2)CNC3)C(=O)NCC(F)F)c1,0,-6.888,0.0
COCc1cc(Cl)ccc1NS(=O)(=O)c1ccc(Oc2ccccc2Cl)cc1,0,-6.126,0.03
COCc1cc(NC(=O)OCc2ccccc2)cc(C(=O)Nc2cccc(CN)c2)c1,0,-8.629,0.0033333333333333335
COCc1ccccc1Nc1ccc(S(=O)(=O)Nc2ccc(Cl)cc2C(=O)O)cn1,0,-7.967,0.08
COCc1nn(CC#Cc2ccc(Cl)cc2)c(=O)o1,0,-5.745,0.01
COCn1ncc2c(C(=O)Nc3ccc4c(c3)CNC4)cc(Cl)cc21,0,-6.481,0.0
CO[C@H](C)Cn1cc2c(C(=O)Nc3ccc4c(c3)CNC4)cc(Cl)cc2n1,0,-6.791,0.0
CO[C@H]1CCCN(C(=O)c2ccnc(NC(=O)c3cc(C4CC4)n(C)c3C)c2)C1,0,-6.471,0.0033333333333333335
CO[C@H]1C[C@H](n2cc3c(C(=O)Nc4ccc5c(c4)CNC5)cc(Cl)cc3n2)C1,0,-6.902,0.0
CO[C@H]1C[C@H](n2ncc3c(C(=O)Nc4ccc5c(c4)CNC5)cc(Cl)cc32)C1,0,-7.164,0.0
CO[C@H]1Cc2ccc(NC(=O)c3cc(C4CC4)n(C)c3C)cc2C1,0,-7.365,0.006666666666666667
CO[C@]1(C(=O)Nc2ccc3c(c2)C(=O)OC3)CCCNC1,0,-6.973,0.0
CO[C@]1(C)C(=O)Nc2cc(F)cc(C(=O)Nc3ccc4c(c3)CNC4)c21,0,-7.044,0.0
COc1c(C(=O)N(C)C)cc(Cl)cc1S(=O)(=O)Nc1cccc(-c2nnn[nH]2)c1,0,-6.462,0.04
COc1c(C(N)=O)cc(Cl)cc1S(=O)(=O)Nc1cccc(-c2nnn[nH]2)c1,0,-6.784,0.03666666666666667
COc1c(C)cc(C(=O)Nc2cccc(CN)c2)cc1NC(=O)OCc1ccccc1,0,-7.013,0.006666666666666667
COc1c(Cl)cc(Cl)cc1C(=O)Nc1cccc(CN)c1,0,-6.002,0.01
COc1cc(-c2cc(Cl)cc(NC(=O)OCc3ccccc3)c2)c(OC)cc1CC(=O)O,0,-7.133,0.06
COc1cc(-c2cc(NC(=O)c3cc(F)cc4[nH]ncc34)cc3c2CNC3)ccn1,0,-7.56,0.023333333333333334
COc1cc(Br)cc(C(=O)Nc2ccc3c(c2)CNC3)c1,0,-6.109,0.0
COc1cc(Br)cc2c1NC(=O)[C@]2(Nc1ccc2c(c1)CNC2)C(N)=O,0,-6.688,0.0033333333333333335
COc1cc(Br)ccc1[C@@H](NC(=O)OCc1ccccc1)C(=O)Nc1cccc(CN)c1,0,-7.774,0.05
COc1cc(C#N)cc([C@H](Nc2ccc3c(c2)CNC3)C(=O)NCC(F)F)c1,0,-7.183,0.02
COc1cc(C(=O)Nc2ccc3c(c2)CNC3)cc2ccoc12,0,-6.355,0.016666666666666666
COc1cc(C(=O)Nc2ccc3c(c2)CNC3)cc2cnn(C)c12,0,-7.12,0.0
COc1cc(C(=O)Nc2cccc(CN)c2)cc(NC(=O)OCc2ccccc2)c1Cl,0,-7.653,0.016666666666666666
COc1cc(C(=O)Nc2cccc(CN)c2)cc2cn(C)nc12,0,-7.04,0.006666666666666667
COc1cc(C(=O)O)c(S(=O)(=O)Nc2ccc(Oc3ccccc3Cl)cc2)cc1F,0,-7.168,0.26
COc1cc(COc2cncc3ccccc23)nc(N2CCNCC2)n1,0,-6.895,0.013333333333333334
COc1cc(Cc2c(-c3ccc(F)cc3)noc2C)nc(N2CCNCC2)n1,0,-6.397,0.016666666666666666
COc1cc(Cl)cc(C(=O)Nc2ccc3c(c2)CNC3)c1,0,-6.09,0.0
COc1cc(Cl)cc(C(=O)O)c1NS(=O)(=O)c1ccc(Oc2ccccc2Cl)cc1,0,-7.952,0.47333333333333333
COc1cc(Cl)cc([C@H](Nc2ccc3c(c2)CNC3)C(=O)NCC(F)F)c1,0,-6.704,0.006666666666666667
COc1cc(NC(=O)OCc2ccccc2)cc(C(=O)Nc2cccc(CN)c2)c1,0,-7.168,0.0
COc1cc(NC(=O)OCc2ccccc2)cc(C(=O)Nc2cccc(CN)c2)c1OC,0,-7.534,0.03571428571428572
COc1cc(NC(=O)OCc2ccccc2)nc(C(=O)Nc2cccc(CN)c2)c1,0,-7.586,0.01
COc1cc(NS(=O)(=O)c2ccc(Oc3ccccc3Cl)cc2)c(C(=O)O)cc1Cl,1,-6.868,0.9966666666666667
COc1cc(N[C@@H](C(=O)N2CCc3ccc(OC(F)(F)F)cc32)c2ccc(Cl)cc2)cc(OCCCC(=O)O)c1,0,-7.664,0.11
COc1cc(O)c(C(=O)[C@@H]2[C@H](CC=C(C)C)C(C)=CC[C@H]2c2ccccc2)c(O)c1,0,-7.148,0.17333333333333334
COc1cc(OC)cc([C@H]2CCN(C(=O)Nc3ccc4c(c3)CNC4)C2)c1,0,-6.807,0.02
COc1cc2c(CN3CCC(c4cscn4)CC3)c[nH]c2cc1Cl,0,-6.412,0.006666666666666667
COc1ccc(-c2cc(NS(=O)(=O)c3ccc(Cl)cc3C(=O)O)ccc2OC)cc1,0,-6.648,0.30333333333333334
COc1ccc(-c2ccc3cc(C(=O)NCC4CCNCC4)[nH]c3c2)cc1,0,-6.792,0.20333333333333334
COc1ccc(-c2cccc([C@@H](NC(=O)OCc3ccccc3)C(=O)Nc3cccc(CN)c3)c2)cn1,0,-8.093,0.05333333333333334
COc1ccc(-c2cccc([C@H](NC(=O)OCc3ccccc3)C(=O)Nc3cccc(CN)c3)c2)c(C#N)c1,0,-8.098,0.15333333333333332
COc1ccc(-c2nc3c(C(=O)Nc4ccc5c(c4)CNC5)cc(Cl)cc3[nH]2)cc1,0,-7.306,0.32
COc1ccc(-c2nc3c(C(=O)Nc4ccc5c(c4)CNC5)cc(F)cc3[nH]2)cc1,0,-7.398,0.4166666666666667
COc1ccc(-c2nc3c(C(=O)Nc4ccc5c(c4)CNC5)cc(F)cc3[nH]2)nn1,0,-7.154,0.23333333333333334
COc1ccc(-n2nnnc2SC(F)F)cc1,0,-5.52,0.05
COc1ccc(/C=C\c2cc(OC)c(OC)c(OC)c2)cc1NC(=O)[C@H](CCCNC(=N)N)NC(=O)[C@@H](N)CCCNC(=N)N,1,-8.417,1.0
COc1ccc(/C=C\c2cc(OC)c(OC)c(OC)c2)cc1NC(=O)[C@H](CO)NC(=O)[C@H](CCCNC(=N)N)NC(=O)[C@H](CCCNC(=N)N)NC(=O)c1ccccc1,0,-8.386,0.4995526695526695
COc1ccc(C(=O)CN2C/C(=C/c3ccc([N+](=O)[O-])cc3)C(=O)/C(=C\c3ccc([N+](=O)[O-])cc3)C2)cc1,0,-8.263,0.12333333333333334
COc1ccc(C)cc1S(=O)(=O)N[C@@H](C(=O)Nc1cccc(CN)c1)c1ccc(OCc2ccccc2)cc1,0,-7.781,0.03
COc1ccc(CN(C)C)cc1NC(=O)[C@@H](NC(=O)OCc1ccccc1)c1ccc(OCc2ccccc2)cc1,0,-7.908,0.04
COc1ccc(CN2Cc3cc(NC(=O)c4cc(Cl)cc5[nH]ncc45)cc(Br)c3C2)cc1,0,-6.659,0.1
COc1ccc(CNC(=O)[C@@H](NC(=O)OCc2ccccc2)c2ccc(OCc3ccccc3)cc2)cn1,0,-7.76,0.016190476190476193
COc1ccc(COc2ccc(S(=O)(=O)Nc3ccc(Cl)cc3C(=O)O)cc2)nc1,0,-6.437,0.08666666666666667
COc1ccc(COc2ccc([C@H](NC(=O)OCc3ccccc3)C(=O)Nc3cccc(CN)c3)cc2)cn1,0,-7.511,0.029166666666666667
COc1ccc(C[C@H]2C(=O)N[C@@H](CCCCN)C(=O)N(C)[C@@H](Cc3ccccc3)C(=O)N[C@@H](CCCCN)C(=O)N(C)[C@@H](CO)C(=O)N(C)[C@@H](Cc3ccc(OC)cc3)C(=O)N[C@@H](CCCCN)C(=O)N(C)[C@@H](Cc3ccc(OC)cc3)C(=O)N(C)[C@@H](Cc3ccc(OC)cc3)C(=O)N[C@@H](CCCCN)C(=O)N[C@H](C(N)=O)CSCC(=O)N[C@@H](Cc3ccc(O)cc3)C(=O)N2C)cc1,1,-8.46,1.0
COc1ccc(C[C@H]2C(=O)N[C@@H](Cc3ccccc3)C(=O)N[C@H](C(N)=O)CSCC(=O)N[C@@H](Cc3ccc(O)cc3)C(=O)N[C@@H]([C@@H](C)O)C(=O)N[C@@H](CC(N)=O)C(=O)N[C@@H](Cc3ccccc3)C(=O)N[C@@H](Cc3ccc(O)cc3)C(=O)N[C@@H](CC(C)C)C(=O)N[C@@H](Cc3ccc(O)cc3)C(=O)N3CCC[C@H]3C(=O)N[C@@H](Cc3ccc(O)cc3)C(=O)N2C)cc1,0,-9.345,0.29883333333333334
COc1ccc(Cl)cc1[C@H](Nc1ccc2c(c1)CNC2)C(=O)NCC(F)F,0,-6.521,0.0
COc1ccc(F)cc1-c1ccc(S(=O)(=O)Nc2cc(Cl)cc(C(=O)O)c2)cc1,0,-7.045,0.23666666666666666
COc1ccc(F)cc1-c1ccc(S(=O)(=O)Nc2ccc(Cl)cc2C(=O)O)cc1,0,-6.819,0.32666666666666666
COc1ccc(F)cc1-c1ccc(S(=O)(=O)Nc2ccc(Cl)cc2C(N)=O)cc1,0,-6.822,0.09
COc1ccc(N2CCC(NS(=O)(=O)c3ccc(Cl)cc3C(=O)O)CC2)cc1,0,-7.055,0.006666666666666667
COc1ccc(NS(=O)(=O)c2ccc(Cl)cc2C(=O)O)cc1-n1nnnc1C,0,-6.601,0.02666666666666667
COc1ccc(NS(=O)(=O)c2ccc(Cl)cc2C(=O)O)cc1N1CCCC1=O,0,-6.268,0.01
COc1ccc(NS(=O)(=O)c2ccc(Cl)cc2C(=O)O)cc1OC1CCCC1,0,-6.672,0.03666666666666667
COc1ccc(NS(=O)(=O)c2ccc(Cl)cc2C(=O)O)cc1S(=O)(=O)N1CCCC1,0,-6.95,0.043333333333333335
COc1ccc(OC)c([C@H]2CCCN2C(=O)Nc2ccc3c(c2)CNC3)c1,0,-6.763,0.023333333333333334
COc1ccc(S(=O)(=O)Nc2cc(F)c(Cl)cc2C(=O)NCC(C)C)cc1,0,-7.093,0.013333333333333334
COc1ccc(S(=O)(=O)Nc2cc(F)c(Cl)cc2C(=O)O)cc1,0,-5.973,0.03666666666666667
COc1ccc(S(=O)(=O)Nc2ccc(C(=O)Nc3nc4ccccc4s3)cc2)cc1,0,-7.317,0.14
COc1ccc(S(=O)(=O)Nc2ccc(Cl)cc2C(=O)O)cc1,0,-5.849,0.04666666666666667
COc1ccc(S(=O)(=O)n2c3ccc(-c4cccc(C(=N)N)c4)cc3c3cc(-c4cccc(C(=N)N)c4)ccc32)cc1,1,-8.851,1.0
COc1ccc(S(=O)(=O)n2nc(OC(=O)c3ccc(-c4ccccc4)cc3)cc2N)cc1,1,-7.545,1.0
COc1ccc(S(=O)(=O)n2nc(OC(=O)c3cccc(-c4ccccc4)c3)cc2N)cc1,1,-7.664,1.0
COc1ccc(S(=O)(=O)n2nc(OC(=O)c3cccc(-c4ccccc4Cl)c3)cc2N)cc1,0,-7.436,0.4533333333333333
COc1ccc(S(=O)(=O)n2nc(OC(=O)c3ccccc3)cc2N)cc1,1,-6.754,1.0
COc1ccc(S(=O)(=O)n2nc(Oc3ccc(-c4ccccc4)cc3)cc2N)cc1,1,-7.049,1.0
COc1ccc([C@@H](CC(=O)Nc2cccc(CN)c2)NC(=O)OCc2ccccc2)cc1Br,0,-7.604,0.05
COc1ccc([C@@H]2C[C@H]2NC(=O)c2cccc3c2CC(=O)N3)cc1,0,-6.994,0.006666666666666667
COc1ccc([C@H]2C[C@H](C)CN2C(=O)Nc2ccc3c(c2)CNC3)cc1,0,-6.397,0.01
COc1ccc2[nH]cnc2c1S(=O)(=O)Nc1ccc2c(c1)CNC2,0,-6.261,0.006666666666666667
COc1ccc2c(O)nn(S(=O)(=O)c3ccc(C(=O)O)cc3)c2c1,0,-6.447,0.15
COc1ccc2c(c1)c(C(=O)Nc1cccc(CN)c1)c(C)n2C1CCCC1,0,-7.636,0.006666666666666667
COc1ccc2nc(C)cc(C(=O)Nc3cccc(CN)c3)c2c1,0,-6.21,0.016666666666666666
COc1cccc(-c2ccc([C@@H](NC(=O)OCc3ccccc3)C(=O)Nc3cccc(CN)c3)cc2)c1,1,-7.77,1.0
COc1cccc(-c2nc3c(C(=O)Nc4ccc5c(c4)CNC5)cc(F)cc3[nH]2)c1,1,-7.395,1.0
COc1cccc(COc2ccc(C(=O)N[C@H](C(=O)NCc3ccc(NC(=N)N)cc3)c3ccc(OCc4ccccc4)cc3)cc2)c1.O=C(O)C(F)(F)F,1,-8.818,1.0
COc1cccc(Cn2c3ccc(-c4cccc(-c5noc(=O)[nH]5)c4)cc3c3cc(-c4cccc(-c5noc(=O)[nH]5)c4)ccc32)c1,0,-8.462,0.31666666666666665
COc1cccc(Cn2c3ccc(-c4cccc(C(=N)N)c4)cc3c3cc(-c4cccc(C(=N)N)c4)ccc32)c1,1,-8.375,0.9966666666666667
COc1cccc(S(=O)(=O)n2c3ccc(-c4cccc(C(=N)N)c4)cc3c3cc(-c4cccc(C(=N)N)c4)ccc32)c1,1,-8.96,1.0
COc1ccccc1-c1ccc(S(=O)(=O)Nc2ccc(Cl)cc2C(=O)O)cc1,0,-7.34,0.3566666666666667
COc1ccccc1-c1ccc([C@@H](NC(=O)OCc2ccccc2)C(=O)Nc2cccc(CN)c2)cc1,0,-7.488,0.43333333333333335
COc1ccccc1-c1nc2c(C(=O)Nc3ccc4c(c3)CNC4)cc(F)cc2[nH]1,0,-7.615,0.4633333333333333
COc1ccccc1Cn1cnc2cc(C(=O)Nc3ccc4c(c3)CNC4)ccc21,0,-8.092,0.10333333333333333
COc1cn(-c2cccc(C(F)(F)F)c2)nc1C(=O)Nc1cccc(CN)c1,0,-7.113,0.016666666666666666
COc1cncc(CNC(=O)[C@@H](NC(=O)OCc2ccccc2)c2ccc(OCc3ccccc3)cc2)c1,0,-8.21,0.01
COc1n[nH]cc1CN1CCC(c2nc3ccccc3s2)CC1,0,-6.658,0.01
COc1nc(Cl)c(CSc2nc(C)co2)s1,0,-4.503,0.023333333333333334
COc1ncc(C(=O)Nc2cccc(CN)c2)cc1NC(=O)OCc1ccccc1,0,-7.031,0.01
COc1ncc(Cl)cc1C(=O)Nc1ccc2c(c1)CNC2,0,-6.25,0.0
COc1ncccc1-c1ccc([C@@H](NC(=O)OCc2ccccc2)C(=O)Nc2cccc(CN)c2)cc1,0,-8.064,0.09
COc1ncccc1-c1cccc([C@H](NC(=O)OCc2ccccc2)C(=O)Nc2cccc(CN)c2)c1,0,-7.717,0.056666666666666664
COc1ncccc1S(=O)(=O)N[C@H](C(=O)Nc1cccc(CN)c1)c1ccc(OCc2ccccc2)cc1,0,-7.261,0.03333333333333333
COc1nn(C)cc1-c1nc2c(C(=O)Nc3ccc4c(c3)CNC4)cc(Cl)cc2[nH]1,0,-7.022,0.03
COc1nnc(C(F)(F)F)cc1-c1ccc2[nH]c(C(=O)O)cc2c1,0,-7.148,0.02
CS(=O)(=O)N(c1cc(Cl)cc(C(=O)Nc2cccc(CN)c2)c1)S(C)(=O)=O,0,-6.966,0.03
CS(=O)(=O)N1CCC([C@@H](NC(=O)OCc2ccccc2)C(=O)Nc2cccc(CN)c2)CC1,0,-7.256,0.01
CS(=O)(=O)N1CC[C@]2(C1)C(=O)Nc1cccc(C(=O)Nc3ccc4c(c3)CNC4)c12,0,-7.137,0.006666666666666667
CS(=O)(=O)NC(=O)C[C@H]1NCc2cc(NC(=O)c3cc(Cl)cc4[nH]ncc34)ccc21,0,-7.344,0.006666666666666667
CS(=O)(=O)NC(=O)c1cc(CN)cc(NC(=O)c2cc(Cl)cc(NC(=O)OCc3ccccc3)c2)c1,0,-7.371,0.07
CS(=O)(=O)NC(=O)c1cc(CN)cc([C@@H]2C[C@H]2c2cc(Cl)cc(NC(=O)OCc3ccccc3)c2)c1,0,-7.043,0.04
CS(=O)(=O)NC(=O)c1cc(Cl)ccc1NS(=O)(=O)c1ccc(Oc2ccccc2Cl)cc1,0,-7.007,0.23
CS(=O)(=O)NCc1ccc(CNC(=O)[C@@H](NC(=O)OCc2ccccc2)c2ccc(OCc3ccccc3)cc2)cc1,0,-7.735,0.08333333333333333
CS(=O)(=O)NCc1cccc(CNC(=O)[C@@H](NC(=O)OCc2ccccc2)c2ccc(OCc3ccccc3)cc2)c1,0,-7.997,0.07
CS(=O)(=O)Nc1c(Cl)cc(Cl)cc1C(=O)Nc1cccc(CN)c1,0,-6.512,0.01
CS(=O)(=O)Nc1cc(Cl)cc(C(=O)Nc2cccc(CN)c2)c1,0,-6.545,0.0
CS(=O)(=O)Nc1ccc(C(=O)Nc2nc3ccccc3s2)cc1,0,-7.245,0.05333333333333334
CS(=O)(=O)Nc1ccc(Cl)cc1C(=O)Nc1cccc(CN)c1,0,-7.042,0.0
CS(=O)(=O)Nc1cccc(C(=O)Nc2ccc3c(c2)CNC3)c1,0,-6.729,0.023333333333333334
CS(=O)(=O)Nc1cccc(NC(=O)c2cc(Cl)cc(NC(=O)OCc3ccccc3)c2)c1,0,-6.999,0.03333333333333333
CS(=O)(=O)c1cc(CN)cc(NC(=O)c2cc(Cl)cc(NC(=O)OCc3ccccc3)c2)c1,0,-7.422,0.006666666666666667
CS(=O)(=O)c1cc(CN)cc([C@@H]2C[C@H]2c2cc(Cl)cc(NC(=O)OCc3ccccc3)c2)c1,0,-7.095,0.01
CS(=O)(=O)c1cc(NC(=O)OCc2ccccc2)cc(C(=O)Nc2cccc(CN)c2)c1,0,-8.537,0.019629629629629632
CS(=O)(=O)c1cc2c(cc1NC(=O)c1cc(F)cc3[nH]ncc13)CNC2,0,-6.191,0.01
CS(=O)(=O)c1ccc(-c2ccc(S(=O)(=O)Nc3ccc(Cl)cc3C(=O)O)cc2)cc1,0,-6.449,0.19974358974358974
CS(=O)(=O)c1ccc(-c2cccc([C@H](NC(=O)OCc3ccccc3)C(=O)Nc3cccc(CN)c3)c2)cc1,0,-8.391,0.07333333333333333
CS(=O)(=O)c1ccc(-c2cccc([C@H](NC(=O)OCc3ccccc3)C(=O)Nc3cccc(CN)c3)c2)cn1,0,-7.593,0.04
CS(=O)(=O)c1ccc(CN)cc1NC(=O)c1cc(Cl)cc(NC(=O)OCc2ccccc2)c1,0,-6.991,0.02
CS(=O)(=O)c1ccc(N2CCN(C(=O)C3CCN(c4ccc(C=O)cc4)CC3)CC2)c([N+](=O)[O-])c1,0,-7.003,0.04
CS(=O)(=O)c1ccc(N2CCNCC2)cc1NC(=O)c1cccc2ncccc12,0,-7.152,0.02666666666666667
CS(=O)(=O)c1ccc(NC(=O)c2cc(Cl)cc(NC(=O)OCc3ccccc3)c2)cc1,0,-7.041,0.03
CS(=O)(=O)c1cccc(CNC(=O)[C@@H](NC(=O)OCc2ccccc2)c2ccc(OCc3ccccc3)cc2)c1,0,-7.942,0.04666666666666667
CS(=O)(=O)c1cccc(NC(=O)c2cc(Cl)cc(NC(=O)OCc3ccccc3)c2)c1,0,-7.124,0.013333333333333334
CS(=O)(=O)c1cncc(-c2cc(F)cc(C(=O)Nc3ccc4c(c3)CNC4)c2)c1,0,-6.642,0.05333333333333334
CS(=O)(=O)c1cncc(-c2cccc([C@H](NC(=O)OCc3ccccc3)C(=O)Nc3cccc(CN)c3)c2)c1,0,-7.973,0.03333333333333333
CSC1(C(=O)N[C@H](CC(=O)Nc2cccc(CN)c2)c2ccc(OCc3ccccc3)c(Br)c2)CCC1,0,-7.809,0.07
CSCCCNC(=O)[C@H](Nc1ccc2c(c1)CNC2)c1cc(Cl)cc(C2CC2)c1,0,-6.836,0.0
CSCCNC(=O)[C@H](Nc1ccc2c(c1)CNC2)c1cc(Cl)cc(C2CC2)c1,0,-7.092,0.0
CSCC[C@H](N)C(=O)N1CCC[C@H]1C(=O)Nc1ccc([N+](=O)[O-])cc1,0,-5.824,0.05333333333333334
CSCC[C@H](NC(=O)OC(C)(C)C)C(=O)N1CCC[C@H]1C(=O)Nc1ccc([N+](=O)[O-])cc1,0,-7.608,0.03333333333333333
CSCc1nnc(SCc2ccncc2)o1,0,-4.719,0.016666666666666666
CSc1cc(Cl)cc(C(=O)Nc2cccc(-n3nn[nH]c3=O)c2)c1,0,-6.53,0.013333333333333334
CSc1cc(Cl)cc(C(=O)Nc2cccc(CN)c2)c1,0,-6.738,0.006666666666666667
CSc1cc(F)c(C(=O)Nc2cccc(CN)c2)cc1NC(=O)OCc1ccccc1,0,-7.463,0.03666666666666667
CSc1cc2c(cc1NC(=O)c1cc(F)cc3[nH]ncc13)CNC2,0,-6.492,0.0
CSc1ccc([C@H](CC(=O)Nc2cccc(CN)c2)NC(=O)OCc2ccccc2)cc1,0,-7.569,0.043333333333333335
C[C@@H](C(=O)Nc1cccc(CN)c1)c1ccc(OCc2ccccc2)cc1,0,-7.128,0.023333333333333334
C[C@@H](CS(C)(=O)=O)NC(=O)c1cc(Cl)ccc1NS(=O)(=O)c1ccc(Oc2ccccc2Cl)cc1,0,-6.837,0.09
C[C@@H](Cc1c[nH]c2ccccc12)N1CCC(c2nc3ccccc3s2)CC1,0,-7.806,0.03
C[C@@H](N)c1cc(Cl)cc(C(=O)Nc2cccc(CN)c2)c1,0,-6.679,0.0033333333333333335
C[C@@H](N)c1ccc(NC(=O)c2cc(Cl)cc(NC(=O)OCc3ccccc3)c2)cc1,0,-7.113,0.0033333333333333335
C[C@@H](N)c1ccc(NC(=O)c2cc(Cl)cc3[nH]ncc23)cc1,0,-6.416,0.0033333333333333335
C[C@@H](N)c1cccc(NC(=O)[C@@H](NC(=O)OCc2ccccc2)c2ccc(OCc3ccccc3)cc2)c1,0,-7.676,0.229218253968254
C[C@@H](N)c1cccc(NC(=O)[C@H]2[C@H]3CCCCC[C@H]3[C@H]2NC(=O)OCc2ccccc2)c1,0,-7.88,0.22
C[C@@H](N)c1cccc(NC(=O)c2cc(Cl)cc(NC(=O)OCc3ccccc3)c2)c1,0,-7.12,0.0
C[C@@H](NC(=O)C1CCN(c2cccc(C(N)=O)n2)CC1)[C@H]1CCCNC1,0,-7.013,0.0
C[C@@H](NC(=O)c1cc(Cl)ccc1NS(=O)(=O)c1ccc(Oc2ccccc2Cl)cc1)C(=O)O,0,-6.919,0.11
C[C@@H](NC(=O)c1cc(Cl)ccc1NS(=O)(=O)c1ccc(Oc2ccccc2Cl)cc1)C1COC1,0,-7.734,0.006666666666666667
C[C@@H](NC(=O)c1cc(Cl)ccc1NS(=O)(=O)c1ccc(Oc2ccccc2Cl)cc1)[C@H]1CCCO1,0,-7.28,0.013333333333333334
C[C@@H](NC(=O)c1ccc2[nH]cc(C=O)c2c1)C1=CCN(C)CC1,0,-6.01,0.023333333333333334
C[C@@H](NCc1c[nH]c2ccccc12)c1cscn1,0,-6.068,0.0033333333333333335
C[C@@H](O)CNC(=O)c1cc(Cl)ccc1NS(=O)(=O)c1ccc(Oc2ccccc2Cl)cc1,0,-6.953,0.02
C[C@@H](O)c1cccc(N2CCC(c3nc(N)ncc3F)CC2)n1,0,-7.423,0.006666666666666667
C[C@@H](Oc1ccc(S(=O)(=O)Nc2ccc(Cl)cc2C(=O)O)cc1)c1ccccc1F,1,-6.744,1.0
C[C@@H]1CCC[C@H](C(=O)Nc2cccc(CN)c2)O1,0,-5.636,0.0
C[C@@H]1CNC[C@H]1c1ccc(NC(=O)c2ccc3c(c2)SCCN3)cc1,0,-7.377,0.01
C[C@@H]1C[C@@H](C(=O)Nc2cccc(CN)c2)CCO1,0,-6.09,0.0
C[C@@H]1C[C@H](NS(=O)(=O)c2ccc(Cl)cc2C(=O)O)C[C@H](C)N1Cc1ccccc1,0,-6.437,0.01
C[C@@H]1c2cccnc2CCN1Cc1cccc(CN(C)C)c1,0,-6.62,0.023333333333333334
C[C@@](NC(=O)[C@H](CCCCN)NC(=O)[C@H](CCCNC(=N)N)NC(=O)c1ccccc1)(C(N)=O)c1ccccc1,1,-8.619,1.0
C[C@@]1(CNC(=O)c2cc(Cl)cc(NC(=O)OCc3ccccc3)c2)CNCCOC1,0,-7.135,0.0033333333333333335
C[C@@]1(c2cc(Cl)cc(NC(=O)OCc3ccccc3)c2)C[C@H]1c1cccc(CN)c1,0,-7.371,0.006666666666666667
C[C@@]1(c2cccc(CN)c2)C[C@H]1c1cc(Cl)cc(NC(=O)OCc2ccccc2)c1,0,-7.438,0.006666666666666667
C[C@H](C(=O)O)N(C)C(=O)c1cc(Cl)cc(NC(=O)OCc2ccccc2)c1,0,-6.834,0.006666666666666667
C[C@H](C(=O)O)c1cccc(NC(=O)c2cc(Cl)cc(NC(=O)OCc3ccccc3)c2)c1,0,-7.475,0.043333333333333335
C[C@H](C1CC1)n1ncc2c(C(=O)Nc3ccc4c(c3)CNC4)cc(C3CC3)nc21,0,-7.31,0.013333333333333334
C[C@H](CC(=O)O)N(C)C(=O)c1cc(Cl)cc(NC(=O)OCc2ccccc2)c1,0,-7.486,0.006666666666666667
C[C@H](CC(=O)O)NC(=O)c1cc(Cl)cc(NC(=O)OCc2ccccc2)c1,0,-6.559,0.0033333333333333335
C[C@H](N)c1cccc(NC(=O)c2cc(Cl)cc(NC(=O)OCc3ccccc3)c2)c1,0,-7.309,0.0
C[C@H](NC(=O)c1cc(Cl)cc(NC(=O)OCc2ccccc2)c1)C(=O)O,0,-6.986,0.0033333333333333335
C[C@H](NC(=O)c1cc(Cl)cc2[nH]ncc12)c1ccc2c(c1)CNC2,0,-7.057,0.016666666666666666
C[C@H](NC(=O)c1cccc2c1CC(=O)N2)c1cc2cnccc2o1,0,-6.7,0.01
C[C@H](NC(=O)c1cccc2c1CC(=O)N2)c1cccc(S(C)(=O)=O)c1,0,-6.463,0.0033333333333333335
C[C@H](NC(=O)c1cccc2c1CC(=O)N2)c1ccncc1F,0,-6.72,0.0033333333333333335
C[C@H](NC(=O)c1cccc2c1CC(=O)N2)c1nnc2n1CCCC2,0,-6.167,0.0
C[C@H]1C(=O)Nc2ccc(C(=O)Nc3ccc4c(c3)CNC4)cc21,0,-6.669,0.04
C[C@H]1CC2(CN1C(=O)Nc1ccc3c(c1)CNC3)CC(F)(F)C2,0,-7.086,0.0033333333333333335
C[C@H]1CCCCN1C(=O)Cn1ccnc(N2CC[C@@H](CO)C2)c1=O,0,-6.443,0.0033333333333333335
C[C@H]1CCC[C@H](C(=O)Nc2cccc(CN)c2)O1,0,-6.32,0.0
C[C@H]1CCN1C(=O)Cn1ccnc(N2CC[C@H](CO)C2)c1=O,0,-5.992,0.0
C[C@H]1CC[C@@](Cc2nc3ccccc3[nH]2)(C(=O)Nc2cccc(CN)c2)CC1,0,-7.451,0.013333333333333334
C[C@H]1CC[C@H](CS(=O)(=O)N[C@H](C(=O)Nc2cccc(CN)c2)c2ccc(OCc3ccccc3)cc2)CC1,0,-8.509,0.04666666666666667
C[C@H]1CN(C(=O)Cc2ccc(C=O)[nH]2)CCN1C1CCCC1,0,-6.339,0.0033333333333333335
C[C@H]1CN(C(=O)c2cccc3c(CN)cccc23)CCC12CCNCC2,0,-7.102,0.01
C[C@H]1CN(C)C[C@@H](C(=O)Nc2cccc(CN)c2)O1,0,-6.253,0.0
C[C@H]1CN(C)C[C@H](C(=O)Nc2cccc(CN)c2)O1,0,-6.027,0.0
C[C@H]1CN(Cc2ccccc2)C[C@@H](C(=O)Nc2cccc(CN)c2)O1,0,-6.776,0.0
C[C@H]1CNC[C@@H]1c1ccc(NC(=O)c2cc(Cl)cc(NC(=O)OCc3ccccc3)c2)cc1,0,-7.959,0.006666666666666667
C[C@H]1CNC[C@H](C(=O)Nc2cccc(CN)c2)C1,0,-6.704,0.0
C[C@H]1COCCN1C(=O)c1cc(Cl)ccc1NS(=O)(=O)c1ccc(Oc2ccccc2Cl)cc1,0,-6.969,0.006666666666666667
C[C@H]1C[C@@H](C(=O)Nc2cccc(CN)c2)CC(=O)N1,0,-6.564,0.0033333333333333335
C[C@H]1C[C@@H](C(=O)Nc2cccc(CN)c2)CCO1,0,-6.107,0.0
C[C@H]1C[C@H](c2cccc(CN)c2)[C@@H](c2cc(Cl)cc(NC(=O)OCc3ccccc3)c2)C1,0,-7.997,0.023333333333333334
C[C@H]1C[C@H]1c1cc(C(=O)Nc2cc(-c3cccnc3)ccn2)no1,0,-7.895,0.016666666666666666
C[C@H]1NCCc2c(-c3ccc4[nH]c(C(=O)O)cc4c3)cc(F)cc21,0,-7.251,0.016666666666666666
C[C@H]1NCc2cc(NC(=O)c3cc(F)cc4[nH]ncc34)ccc21,0,-7.001,0.0
C[C@H]1NCc2ccc(NC(=O)c3cc(Cl)cc4[nH]ncc34)cc21,0,-6.643,0.0
C[C@H]1Oc2c(cccc2C(=O)Nc2ccc3c(c2)CNC3)NC1=O,0,-6.281,0.0
C[C@H]1Oc2ccc(NC(=O)c3cc(Cl)cc(NC(=O)OCc4ccccc4)c3)cc2NC1=O,0,-8.051,0.03666666666666667
C[C@H]1c2cc(O)c(O)cc2CCN1C(=O)C1CCN(c2ccc(C=O)cc2)CC1,0,-6.782,0.11
C[C@](C#N)(Nc1ccc2c(c1)CNC2)c1cccc(Cl)c1,0,-6.327,0.0
C[C@](N)(C(=O)Nc1ccc2c(c1)C(=O)OC2)c1cccs1,0,-5.709,0.006666666666666667
C[C@](NC(=O)[C@H](CCCCN)NC(=O)[C@H](CCCNC(=N)N)NC(=O)c1ccccc1)(C(N)=O)c1ccccc1,1,-8.296,1.0
C[C@](O)(Cc1cc(Cl)cc(NC(=O)OCc2ccccc2)c1)c1cccc(CN)c1,0,-7.347,0.016666666666666666
C[C@]1(C(=O)N[C@H](C(=O)Nc2cccc(CN)c2)c2ccc(OCc3ccccc3)cc2)CCCO1,0,-7.46,0.01
C[C@]1(C(=O)N[C@H](C(=O)Nc2cccc(CN)c2)c2ccc(OCc3ccccc3)cc2)COc2ccccc2O1,0,-8.09,0.056666666666666664
C[C@]1(O)C(=O)Nc2cc(F)cc(C(=O)Nc3ccc4c(c3)CNC4)c21,0,-7.016,0.0033333333333333335
C[C@]1(OCCCO)C(=O)Nc2cc(F)cc(C(=O)Nc3ccc4c(c3)CNC4)c21,0,-7.41,0.0
C[C@]1(OCCO)C(=O)Nc2cc(F)cc(C(=O)Nc3ccc4c(c3)CNC4)c21,0,-7.377,0.0033333333333333335
C[C@]1(S(C)(=O)=O)C(=O)Nc2cc(F)cc(C(=O)Nc3ccc4c(c3)CNC4)c21,0,-7.579,0.01
C[S@@+]([O-])c1nncn1Cc1ccc(Cl)s1,0,-4.539,0.03333333333333333
Cc1[nH]c(-c2ccccc2)cc1C(=O)Nc1cc(-c2cccnc2)ccn1,0,-7.147,0.09666666666666666
Cc1[nH]c2c(C(=O)Nc3ccc4c(c3)CNC4)cccc2c1C,0,-6.737,0.0033333333333333335
Cc1[nH]c2ccc(Br)cc2c1CC(=O)Nc1cccc(CN)c1,0,-6.44,0.006666666666666667
Cc1[nH]c2ccc(Cl)cc2c1Cc1ccc(-c2nnn[nH]2)cc1,0,-6.458,0.13333333333333333
Cc1[nH]c2ccccc2c1CN1CCC(c2c[nH]c3ncccc23)CC1,0,-6.963,0.03
Cc1[nH]c2ccccc2c1CN1CCC(c2nc3ccccc3s2)CC1,0,-7.096,0.016666666666666666
Cc1[nH]c2ccccc2c1[C@H]1CCN(C(=O)Nc2ccc3c(c2)CNC3)C1,0,-7.787,0.0033333333333333335
Cc1[nH]nc2c1CC[C@H](NC(=O)c1cccc3c1CC(=O)N3)C2,0,-7.352,0.0
Cc1c(C(=O)NCc2ccc(CN)cc2)cc(C2CC2)n1C,0,-6.777,0.016666666666666666
Cc1c(C(=O)NCc2cccc(C3COC3)c2)cc(C2CC2)n1C,0,-6.498,0.0
Cc1c(C(=O)NCc2ccnc(OC3CCOCC3)c2)cc(C2CC2)n1C,0,-6.712,0.01
Cc1c(C(=O)Nc2cc(-c3ccccc3)ccn2)cc(C2CC2)n1C,0,-6.631,0.05333333333333334
Cc1c(C(=O)Nc2cc(-c3ccccn3)c(Br)cn2)cc(C2CC2)n1C,0,-6.8,0.06
Cc1c(C(=O)Nc2cc(-c3cccnc3)ccn2)c2ccccc2n1C,0,-6.784,0.056666666666666664
Cc1c(C(=O)Nc2cc(-c3cccnc3)ccn2)cc(-c2ccccc2)n1C,0,-6.695,0.08333333333333333
Cc1c(C(=O)Nc2cc(-c3cccnc3)ccn2)cc(C#N)n1C,0,-6.445,0.02
Cc1c(C(=O)Nc2cc(-c3cccnc3)ccn2)cc(C(C)(C)C)n1C,0,-6.377,0.03333333333333333
Cc1c(C(=O)Nc2cc(-c3cccnc3)ccn2)cc(C(C)C)n1C,0,-6.777,0.05333333333333334
Cc1c(C(=O)Nc2cc(-c3cccnc3)ccn2)cc(C2CC2)n1C,1,-6.707,1.0
Cc1c(C(=O)Nc2cc(-c3cccnc3)ccn2)cc(C2CCC2)n1C,0,-6.573,0.14
Cc1c(C(=O)Nc2cc(-c3cccnc3)ccn2)cc(C2CCCC2)n1C,0,-6.694,0.056666666666666664
Cc1c(C(=O)Nc2cc(-c3cccnc3)ccn2)cc(C2CCCCC2)n1C,0,-6.883,0.06333333333333334
Cc1c(C(=O)Nc2cc(-c3cccnc3)ccn2)cc(CC(C)(C)C)n1C,0,-6.641,0.03666666666666667
Cc1c(C(=O)Nc2cc(-c3cccnc3)ccn2)cnn1C1CC1,0,-6.268,0.006666666666666667
Cc1c(C(=O)Nc2cc(-c3cnn(C)c3)ccn2)cc(C2CC2)n1C,0,-6.488,0.13333333333333333
Cc1c(C(=O)Nc2cc(Br)c3c(c2)COC3)cc(C2CC2)n1C,0,-6.599,0.0
Cc1c(C(=O)Nc2cc(C#N)c3ccccc3n2)cc(C2CC2)n1C,0,-7.413,0.01
Cc1c(C(=O)Nc2cc(C#N)cn(C)c2=O)cc(C2CC2)n1C,0,-6.085,0.0
Cc1c(C(=O)Nc2cc(C(=O)N(C)C)ccn2)cc(C2CC2)n1C,0,-6.459,0.0
Cc1c(C(=O)Nc2cc(C(=O)N(C)C3COC3)ccn2)cc(C2CC2)n1C,0,-6.998,0.0
Cc1c(C(=O)Nc2cc(C(=O)N(C)[C@H]3C[C@H](O)C3)ccn2)cc(C2CC2)n1C,0,-6.353,0.0033333333333333335
Cc1c(C(=O)Nc2cc(C(=O)N3CC(C(N)=O)C3)ccn2)cc(C2CC2)n1C,0,-7.84,0.0
Cc1c(C(=O)Nc2cc(C(=O)N3CC(CO)C3)ccn2)cc(C2CC2)n1C,0,-6.987,0.0
Cc1c(C(=O)Nc2cc(C(=O)N3CC4(CCO4)C3)ccn2)cc(C2CC2)n1C,0,-7.145,0.0033333333333333335
Cc1c(C(=O)Nc2cc(C(=O)N3CCC(O)CC3)ccn2)cc(C2CC2)n1C,0,-7.066,0.0033333333333333335
Cc1c(C(=O)Nc2cc(C(=O)N3CCCNC(=O)C3)ccn2)cc(C2CC2)n1C,0,-7.267,0.0
Cc1c(C(=O)Nc2cc(C(=O)N3CCC[C@H]3C(N)=O)ccn2)cc(C2CC2)n1C,0,-6.658,0.0
Cc1c(C(=O)Nc2cc(C(=O)N3CCNC(=O)C3)ccn2)cc(C2CC2)n1C,0,-6.908,0.0
Cc1c(C(=O)Nc2cc(C(=O)N3CCOCC3)ccn2)cc(C2CC2)n1C,0,-6.462,0.0
Cc1c(C(=O)Nc2cc(C(=O)N3CCOC[C@H](O)C3)ccn2)cc(C2CC2)n1C,0,-7.535,0.0
Cc1c(C(=O)Nc2cc(C(=O)N3CC[C@H](C(N)=O)C3)ccn2)cc(C2CC2)n1C,0,-6.467,0.0
Cc1c(C(=O)Nc2cc(C(=O)N3CC[C@H](CO)C3)ccn2)cc(C2CC2)n1C,0,-7.187,0.0033333333333333335
Cc1c(C(=O)Nc2cc(C(=O)N3CC[C@H](O)C3)ccn2)cc(C2CC2)n1C,0,-6.496,0.0
Cc1c(C(=O)Nc2cc(C(=O)N3CC[C@H]3CO)ccn2)cc(C2CC2)n1C,0,-6.513,0.0
Cc1c(C(=O)Nc2cc(C(=O)N3CCn4nccc43)ccn2)cc(C2CC2)n1C,0,-7.623,0.013333333333333334
Cc1c(C(=O)Nc2cc(C(=O)N3C[C@@H]4[C@H](O)[C@@H]4C3)ccn2)cc(C2CC2)n1C,0,-6.882,0.0033333333333333335
Cc1c(C(=O)Nc2cc(C(=O)N3Cc4cn[nH]c4C3)ccn2)cc(C2CC2)n1C,0,-6.643,0.02
Cc1c(C(=O)Nc2cc(C(=O)N[C@H]3CCNC3=O)ccn2)cc(C2CC2)n1C,0,-7.22,0.0
Cc1c(C(=O)Nc2cc(C(=O)N[C@H]3CCOC3)ccn2)cc(C2CC2)n1C,0,-6.955,0.0
Cc1c(C(=O)Nc2cc(C(=O)N[C@H]3CNC(=O)C3)ccn2)cc(C2CC2)n1C,0,-7.612,0.0
Cc1c(C(=O)Nc2cc(C(=O)Nc3cccnc3)ccn2)cc(C2CC2)n1C,0,-7.164,0.06
Cc1c(C(=O)Nc2cc(C(N)=O)c3ccccc3n2)cc(C2CC2)n1C,0,-7.464,0.0033333333333333335
Cc1c(C(=O)Nc2cc(C(N)=O)ccn2)cc(C2CC2)n1C,0,-6.874,0.0
Cc1c(C(=O)Nc2cc(C3(C)OCCO3)ccn2)cc(C2CC2)n1C,0,-6.806,0.0033333333333333335
Cc1c(C(=O)Nc2cc(C3CCOCC3)ccc2F)cc(C2CC2)n1C,0,-6.719,0.0
Cc1c(C(=O)Nc2cc(C3CCOCC3)ccn2)cc(C2CC2)n1C,0,-6.97,0.0033333333333333335
Cc1c(C(=O)Nc2cc(CCCN)ccc2F)cc(C2CC2)n1C,0,-7.102,0.0033333333333333335
Cc1c(C(=O)Nc2cc(CCCN)ccn2)cc(-c2ccccc2)n1C,0,-7.22,0.023333333333333334
Cc1c(C(=O)Nc2cc(CCCN)ccn2)cc(C#N)n1C,0,-5.672,0.0
Cc1c(C(=O)Nc2cc(CCCN)ccn2)cc(C(C)C)n1C,0,-6.821,0.0
Cc1c(C(=O)Nc2cc(CCCN)ccn2)cc(C2CC2)n1C,0,-6.135,0.01
Cc1c(C(=O)Nc2cc(CCCN)ccn2)cc(C2CCC2)n1C,0,-6.767,0.013333333333333334
Cc1c(C(=O)Nc2cc(CCCN)ccn2)cc(C2CCCCC2)n1C,0,-6.861,0.016666666666666666
Cc1c(C(=O)Nc2cc(CCCN)ccn2)cnn1C1CC1,0,-6.513,0.0
Cc1c(C(=O)Nc2cc(CN(C)C)ccn2)cc(C2CC2)n1C,0,-6.196,0.013333333333333334
Cc1c(C(=O)Nc2cc(CN)ccc2F)cc(C2CC2)n1C,0,-6.247,0.0
Cc1c(C(=O)Nc2cc(F)cc(CN)c2)cc(C2CC2)n1C,0,-6.344,0.0033333333333333335
Cc1c(C(=O)Nc2cc(SC3COC3)ccn2)cc(C2CC2)n1C,0,-7.209,0.0033333333333333335
Cc1c(C(=O)Nc2cc([C@H]3CCOC3)ccn2)cc(C2CC2)n1C,0,-6.441,0.0
Cc1c(C(=O)Nc2cc3c(cn2)OCC3)cc(C2CC2)n1C,0,-6.989,0.0
Cc1c(C(=O)Nc2ccc(CCN)cc2)cc(C2CC2)n1C,0,-6.914,0.016666666666666666
Cc1c(C(=O)Nc2ccc(CN)cc2)cc(C2CC2)n1C,0,-6.429,0.0033333333333333335
Cc1c(C(=O)Nc2ccc([C@@H](C)N)cc2)cc(C2CC2)n1C,0,-6.343,0.0
Cc1c(C(=O)Nc2ccc3c(c2)C(=O)N(C)C3)cc(C2CC2)n1C,0,-6.962,0.0033333333333333335
Cc1c(C(=O)Nc2ccc3c(c2)C(=O)NC3)cc(C2CC2)n1C,0,-6.95,0.0
Cc1c(C(=O)Nc2ccc3c(c2)CCC(=O)N3CC2CCC2)cc(C2CC2)n1C,0,-7.194,0.006666666666666667
Cc1c(C(=O)Nc2ccc3c(c2)CCCC(=O)N3)cc(C2CC2)n1C,0,-7.054,0.006666666666666667
Cc1c(C(=O)Nc2ccc3c(c2)CCCC(=O)N3C)cc(C2CC2)n1C,0,-7.14,0.0
Cc1c(C(=O)Nc2ccc3c(c2)CCS3(=O)=O)cc(C2CC2)n1C,0,-6.643,0.0
Cc1c(C(=O)Nc2ccc3c(c2)CN(C)C3=O)cc(C2CC2)n1C,0,-6.279,0.006666666666666667
Cc1c(C(=O)Nc2ccc3c(c2)CNC3)cc(C2CC2)n1C,0,-7.36,0.006666666666666667
Cc1c(C(=O)Nc2ccc3c(c2)CNCCO3)cc(C2CC2)n1C,0,-7.11,0.0033333333333333335
Cc1c(C(=O)Nc2ccc3c(c2)CS(=O)(=O)C3)cc(C2CC2)n1C,0,-6.83,0.006666666666666667
Cc1c(C(=O)Nc2ccc3c(c2)C[C@H](C(N)=O)O3)cc(C2CC2)n1C,0,-7.264,0.0033333333333333335
Cc1c(C(=O)Nc2ccc3c(c2F)CCN(C)C3=O)cc(C2CC2)n1C,0,-6.985,0.0
Cc1c(C(=O)Nc2cccc(-c3ccc(=O)[nH]n3)c2)cc(C2CC2)n1C,0,-7.279,0.02666666666666667
Cc1c(C(=O)Nc2cccc(-c3ccc(O)nc3)c2)cc(C2CC2)n1C,0,-7.462,0.04666666666666667
Cc1c(C(=O)Nc2cccc(-c3ccccc3)c2)cc(C2CC2)n1C,0,-7.834,0.043333333333333335
Cc1c(C(=O)Nc2cccc(-c3cccnc3)c2)cc(C2CC2)n1C,0,-7.137,0.07333333333333333
Cc1c(C(=O)Nc2cccc(-c3ccoc3)c2)cc(C2CC2)n1C,0,-6.911,0.13
Cc1c(C(=O)Nc2cccc(-c3cncnc3O)c2)cc(C2CC2)n1C,0,-6.434,0.016666666666666666
Cc1c(C(=O)Nc2cccc(-c3nc(C4CC4)no3)c2)cc(C2CC2)n1C,0,-7.421,0.06
Cc1c(C(=O)Nc2cccc(-c3nnn[nH]3)c2)cnn1-c1ccc(Cl)cc1,0,-6.835,0.06333333333333334
Cc1c(C(=O)Nc2cccc(-c3nnn[nH]3)c2)n[nH]c1-c1ccc(Cl)cc1,0,-7.279,0.14666666666666667
Cc1c(C(=O)Nc2cccc(-c3nnn[nH]3)c2)sc2ccccc12,0,-6.451,0.06333333333333334
Cc1c(C(=O)Nc2cccc(-n3nn[nH]c3=O)c2)cc(C2CC2)n1C,0,-6.918,0.0033333333333333335
Cc1c(C(=O)Nc2cccc(C(=O)NC3CC3)c2)cc(C2CC2)n1C,0,-6.826,0.01
Cc1c(C(=O)Nc2cccc(C3CCNCC3)c2)cc(C2CC2)n1C,0,-7.257,0.02
Cc1c(C(=O)Nc2cccc(C3CCOCC3)c2)cc(C2CC2)n1C,0,-7.42,0.0
Cc1c(C(=O)Nc2cccc(CCN)c2)cc(C2CC2)n1C,0,-6.89,0.0033333333333333335
Cc1c(C(=O)Nc2cccc(CN)c2)cc(C(C)C)n1C,0,-6.574,0.0
Cc1c(C(=O)Nc2cccc(CN)c2)cc(C2CC2)n1C,0,-6.278,0.0
Cc1c(C(=O)Nc2cccc(CN)c2)cc(C2CCC2)n1C,0,-6.953,0.0
Cc1c(C(=O)Nc2cccc(CN3CCCC3=O)c2)cc(C2CC2)n1C,0,-6.839,0.006666666666666667
Cc1c(C(=O)Nc2cccc(CS(C)(=O)=O)c2)cc(C2CC2)n1C,0,-6.08,0.0
Cc1c(C(=O)Nc2cccc(Cn3ccccc3=O)c2)cc(C2CC2)n1C,0,-6.705,0.016666666666666666
Cc1c(C(=O)Nc2cccc(Cn3cccn3)c2)cc(C2CC2)n1C,0,-6.453,0.03
Cc1c(C(=O)Nc2cccc([C@@H](C)N)c2)cc(C2CC2)n1C,0,-6.291,0.0
Cc1c(C(=O)Nc2cccc([C@H]3CCNC3)c2)cc(C2CC2)n1C,0,-7.311,0.0033333333333333335
Cc1c(C(=O)Nc2cccc([C@H]3CCOC3)c2)cc(C2CC2)n1C,0,-7.078,0.0
Cc1c(C(=O)Nc2ccnc(O[C@H]3CCOC3)c2)cc(C2CC2)n1C,0,-6.412,0.006666666666666667
Cc1c(C(=O)Nc2n[nH]c3c2CNC3)cc(C2CC2)n1C,0,-6.911,0.006666666666666667
Cc1c(C(=O)Nc2ncc3c(c2C#N)CCOC3)cc(C2CC2)n1C,0,-6.451,0.0
Cc1c(C(=O)Nc2nccc3c2CNCC3)cc(C2CC2)n1C,0,-6.858,0.0033333333333333335
Cc1c(C(=O)O)sc2ncc(Cc3c[nH]c4ccc(Cl)cc34)cc12,0,-6.776,0.03666666666666667
Cc1c(C(F)(F)F)n[nH]c1CN1CCC(c2cscn2)CC1,0,-6.306,0.0033333333333333335
Cc1c(CN)c(C(=O)Nc2cc(-c3cccnc3)ccn2)nn1C,0,-6.787,0.0033333333333333335
Cc1c(CN)cccc1NC(=O)c1cc(Cl)cc(NC(=O)OCc2ccccc2)c1,0,-7.295,0.0
Cc1c(CN)cccc1NS(=O)(=O)c1ccc(Oc2ccccc2Cl)cc1,0,-7.392,0.006666666666666667
Cc1c(F)cc(C(=O)Nc2cccc(CN)c2)c(F)c1NC(=O)OCc1ccccc1,0,-7.938,0.006666666666666667
Cc1c(NC(=O)OCc2ccccc2)cc(C(=O)Nc2cccc(CN)c2)cc1C(F)(F)F,0,-7.589,0.006666666666666667
Cc1c(NC(=O)OCc2ccccc2)cc(C(F)(F)F)cc1C(=O)Nc1cccc(CN)c1,0,-7.958,0.0033333333333333335
Cc1c(NC(=O)c2cccc3c2CC(=O)N3)cnn1C1CCOCC1,0,-7.09,0.0
Cc1c[nH]c2ncnc(C(=O)Nc3ccc4c(c3)CNC4)c12,0,-6.768,0.006666666666666667
Cc1c[nH]nc1CN1CCC(c2cscn2)CC1,0,-5.536,0.0033333333333333335
Cc1cc(-c2cc(F)cc(C(=O)Nc3ccc4c(c3)CNC4)c2)[nH]n1,0,-7.882,0.013333333333333334
Cc1cc(-c2ccc([C@@H](NC(=O)OCc3ccccc3)C(=O)Nc3cccc(CN)c3)cc2)cs1,0,-7.463,0.22
Cc1cc(-c2ccc3[nH]c(C(=O)O)cc3c2)c(=O)n(Cc2ccccc2)c1,0,-7.967,0.13
Cc1cc(-c2ccc3[nH]c(C(=O)O)cc3c2)c2cc[nH]c(=O)c2c1,0,-6.899,0.12
Cc1cc(-c2cccc([C@@H](NC(=O)OCc3ccccc3)C(=O)Nc3cccc(CN)c3)c2)ccn1,0,-8.238,0.07333333333333333
Cc1cc(-n2nccc2NC(=O)[C@]2(c3ccc(F)cc3)CCCNC2)ncn1,0,-6.832,0.01
Cc1cc(=O)[nH]c(-c2cccc(NC(=O)c3cc(C4CC4)n(C)c3C)c2)n1,0,-8.53,0.01
Cc1cc(=O)c(C(=O)Nc2cccc(CN)c2)nn1-c1ccccc1C(F)(F)F,0,-7.755,0.013333333333333334
Cc1cc(C#N)cc2c(Cc3ccc(-c4nnn[nH]4)cc3)c[nH]c12,0,-6.58,0.016666666666666666
Cc1cc(C#N)ccc1-c1ccc2[nH]c(C(=O)NCC3CCNCC3)cc2c1,0,-7.802,0.07666666666666666
Cc1cc(C(=O)N[C@@H]2CC[C@@H]3CN(C)C[C@@H]32)sc1C=O,0,-5.951,0.016666666666666666
Cc1cc(C(=O)N[C@H](CC(=O)Nc2cccc(CN)c2)c2ccc(OCc3ccccc3)c(Br)c2)sn1,0,-6.994,0.12333333333333334
Cc1cc(C(=O)Nc2cc(-c3cccnc3)ccn2)c(C)n1C,0,-6.191,0.04666666666666667
Cc1cc(C(=O)Nc2cc(-c3cccnc3)ccn2)nn1CCN,0,-6.553,0.0
Cc1cc(C(=O)Nc2ccc3c(c2)CNC3)c2cn[nH]c2c1,0,-6.875,0.0033333333333333335
Cc1cc(C(=O)Nc2ccc3c(c2)CNC3)c2cnn(C)c2n1,0,-6.867,0.0
Cc1cc(C(=O)Nc2ccc3c(c2)CNC3)cc2nc[nH]c12,0,-6.683,0.0033333333333333335
Cc1cc(C(=O)Nc2ccc3c(c2)CNC3)cc2nn[nH]c12,0,-6.753,0.0033333333333333335
Cc1cc(C(=O)Nc2cccc(CN)c2)c(NC(=O)[C@H]2CCCO2)s1,0,-7.424,0.0
Cc1cc(C(=O)Nc2cccc(CN)c2)c2c(C)n[nH]c2n1,0,-6.337,0.0
Cc1cc(C(=O)Nc2cccc(CN)c2)c2c(C)nn(CC(=O)NC(C)C)c2n1,0,-7.522,0.02666666666666667
Cc1cc(C(=O)Nc2cccc(CN)c2)c2c(n1)CCCC2,0,-6.415,0.01
Cc1cc(C(=O)Nc2cccc(CN)c2)c2cnn(-c3ccc(F)cc3)c2n1,0,-7.805,0.07333333333333333
Cc1cc(C(=O)Nc2cccc(CN)c2)c2nc(C)n(C)c2n1,0,-6.508,0.0033333333333333335
Cc1cc(C(=O)Nc2cccc(CN)c2)c2sc(N)nc2n1,0,-6.343,0.006666666666666667
Cc1cc(C(=O)Nc2cccc(CN)c2)cc(NC(=O)OCc2ccccc2)c1Cl,0,-7.596,0.0
Cc1cc(C(=O)Nc2cccc(CN)c2)cc(NCC(F)(F)F)n1,0,-7.414,0.0033333333333333335
Cc1cc(C(=O)Nc2cccc(CN)c2)cc(NCc2cnn(C)c2)n1,0,-8.533,0.0
Cc1cc(C(=O)Nc2cccc(CN)c2)cc(O)n1,0,-6.685,0.01
Cc1cc(C(=O)Nc2cccc(CN)c2)n2nc(C(F)(F)F)cc2n1,0,-7.05,0.006666666666666667
Cc1cc(C(=O)Nc2cccc(CN)c2)nc(C)n1,0,-5.954,0.0
Cc1cc(C(=O)Nc2cccc(CN)c2)nc2c(C(C)C)cnn12,0,-6.487,0.0
Cc1cc(C(=O)O)c(NS(=O)(=O)c2ccc(Oc3ccccc3)cc2)cc1F,0,-7.175,0.16
Cc1cc(C(=O)O)c(NS(=O)(=O)c2ccc(Oc3ccccc3Cl)cc2)cc1F,1,-7.329,1.0
Cc1cc(C(F)(F)F)cc(C(=O)Nc2ccc3c(c2)CNC3)n1,0,-7.282,0.0033333333333333335
Cc1cc(C(F)(F)F)nc(C(=O)Nc2cccc(CN)c2)n1,0,-6.619,0.006666666666666667
Cc1cc(C)c(C(=O)N2C[C@H]3CN(C)CC[C@@]3(CO)C2)cc1C=O,0,-6.402,0.013333333333333334
Cc1cc(C)c([C@@H](CC(=O)Nc2cccc(CN)c2)NC(=O)OCc2ccccc2)cc1C,1,-7.612,1.0
Cc1cc(C)c([C@@H](NC(=O)OCc2ccccc2)C(=O)Nc2cccc(CN)c2)c(C)c1,0,-7.218,0.14333333333333334
Cc1cc(C)cc(C(=O)N2CCC(NS(=O)(=O)c3ccc(Cl)cc3C(=O)O)CC2)c1,0,-7.227,0.006666666666666667
Cc1cc(C)n(-c2ccc(NS(=O)(=O)c3ccc(Cl)cc3C(=O)O)cc2)n1,0,-6.828,0.03666666666666667
Cc1cc(C)n([C@H]2CCCN(C(=O)Nc3ccc4c(c3)CNC4)C2)n1,0,-6.629,0.0
Cc1cc(C=O)c(C)n1-c1cccc(C(=O)N2CCN(C)CC2)c1,0,-6.338,0.03333333333333333
Cc1cc(C=O)c(O)c(C(=O)N2CC[C@H](CN(C)C)C2)c1,0,-5.883,0.03333333333333333
Cc1cc(CC(=O)O)ccc1Cc1c[nH]c2ccc(Cl)cc12,0,-7.169,0.0033333333333333335
Cc1cc(CN(C)C)cc(NC(=O)[C@H](NC(=O)OCc2ccccc2)c2ccc(OCc3ccccc3)cc2)c1,0,-7.684,0.04
Cc1cc(CN)cc(C)c1NS(=O)(=O)c1ccc(Oc2ccccc2Cl)cc1,0,-7.264,0.02666666666666667
Cc1cc(CN)cc(NC(=O)c2cc(C3CC3)n(C)c2C)c1,0,-6.605,0.0
Cc1cc(CN)cc(NC(=O)c2cc(Cl)cc(NC(=O)OCc3ccccc3)c2)c1,0,-7.216,0.0
Cc1cc(CN)cc(NC(=O)c2cc(Cl)cc3[nH]ncc23)c1,0,-6.332,0.0
Cc1cc(CN)cc(NC(=O)c2cccc3c2CC(=O)N3)c1,0,-6.934,0.0033333333333333335
Cc1cc(CN)cc(NS(=O)(=O)c2ccc(Oc3ccccc3Cl)cc2)c1,0,-7.172,0.006666666666666667
Cc1cc(CN)ccc1-c1ncc(OCC2CCNCC2)nc1-c1ccc(CN)cc1C,1,-7.33,1.0
Cc1cc(CNC(=O)[C@@H](NC(=O)OCc2ccccc2)c2ccc(OCc3ccccc3)cc2)cc(C)n1,0,-7.773,0.013333333333333334
Cc1cc(Cl)c(C)c(C(=O)O)c1NS(=O)(=O)c1ccc(Oc2ccccc2Cl)cc1,0,-7.245,0.29
Cc1cc(Cl)cc(C(=O)Nc2cccc(CN)c2)n1,0,-6.25,0.006666666666666667
Cc1cc(F)cc(N(C)C(=O)c2ccc(C3(CN)CC3)cc2)c1,0,-6.779,0.006666666666666667
Cc1cc(N2CCC(NC(=O)c3cccc4c3CC(=O)N4)CC2)[nH]n1,0,-6.994,0.0
Cc1cc(N2CCC(NS(=O)(=O)c3ccc(Cl)cc3C(=O)O)CC2)nc(C)n1,0,-6.466,0.0
Cc1cc(N2CCCCC2)ccc1NS(=O)(=O)c1ccc(Cl)cc1C(=O)O,0,-6.643,0.0033333333333333335
Cc1cc(NC(=O)OCc2ccccc2)cc(C(=O)Nc2cccc(CN)c2)c1,0,-7.37,0.0033333333333333335
Cc1cc(NC(=O)OCc2ccccc2)cc(C(=O)Nc2cccc(CN)c2)c1C,0,-7.315,0.01
Cc1cc(NC(=O)c2cc(C3CC3)n(C)c2C)ccc1N1CCCC1=O,0,-6.808,0.0033333333333333335
Cc1cc(NC(=O)c2cc(C3CC3)n(C)c2C)ccc1OC1CCOCC1,0,-7.089,0.0
Cc1cc(NC(=O)c2cc(C3CC3)n(C)c2C)cnc1N1CCCCC1,0,-6.989,0.016666666666666666
Cc1cc(NC(=O)c2cc(C3CC3)n(C)c2C)ncc1S(N)(=O)=O,0,-6.564,0.0
Cc1cc(NC(=O)c2cc(Cl)cc3[nH]ncc23)ccc1N1CCNCC1,0,-7.207,0.006666666666666667
Cc1cc(NS(=O)(=O)c2ccc(Cl)cc2C(=O)O)nn1Cc1ccccc1,0,-6.11,0.0033333333333333335
Cc1cc(NS(=O)(=O)c2ccc(Oc3ccccc3Cl)cc2)c(C(=O)NCC(F)(F)F)cc1F,0,-7.049,0.34
Cc1cc(OCc2ccccc2)ccc1NS(=O)(=O)c1ccc(Cl)cc1C(=O)O,0,-7.588,0.33
Cc1cc([C@H](Nc2ccc3c(c2)CNC3)C(=O)NCC(F)F)cc(C(F)(F)F)c1,0,-7.25,0.0033333333333333335
Cc1cc([N+](=O)[O-])ccc1-n1sc2ccccc2c1=O,1,-5.693,1.0
Cc1cc2c(C(=O)Nc3ccc4c(c3)CNC4)cccc2[nH]1,0,-6.935,0.0033333333333333335
Cc1ccc(-c2cc(CN)cc([C@@H]3C[C@H]3c3cc(Cl)cc(NC(=O)OCc4ccccc4)c3)c2)cn1,0,-7.956,0.05
Cc1ccc(-c2ccc3c(C(=O)NCC4CCNCC4)c[nH]c3c2)cc1,0,-7.106,0.16333333333333333
Cc1ccc(-c2nc(NC(=O)[C@H](NC(=O)OCc3ccccc3)c3ccc(OCc4ccccc4)cc3)sc2CN(C)C)cc1,0,-7.432,0.13666666666666666
Cc1ccc(-c2nc3c(C(=O)Nc4ccc5c(c4)CNC5)cc(F)cc3[nH]2)cc1,0,-6.985,0.5966666666666667
Cc1ccc(-c2nnn[nH]2)cc1NC(=O)c1cc(Cl)cc(NC(=O)OCc2ccccc2)c1,0,-7.109,0.30666666666666664
Cc1ccc(-n2nc(C(=O)Nc3cccc(CN)c3)ccc2=O)cc1Cl,0,-6.645,0.0
Cc1ccc(C(=O)N[C@H](C(=O)Nc2cccc(CN)c2)c2ccc(OCc3ccccc3)cc2)s1,0,-7.319,0.044875661375661374
Cc1ccc(C(=O)Nc2ccc3c(c2)CNC3)c2[nH]ncc12,0,-7.408,0.0
Cc1ccc(C(=O)Nc2cccc(CN)c2)cc1NC(=O)Cc1ccncc1,0,-7.094,0.013333333333333334
Cc1ccc(C(=O)Nc2nc3cc(O)c(O)cc3s2)cc1,1,-7.656,1.0
Cc1ccc(C(=O)c2cc(O)c(O)c([N+](=O)[O-])c2)cc1,1,-6.472,1.0
Cc1ccc(C(C)C)c(C(=O)Nc2ccc3c(c2)CNC3)c1,0,-6.679,0.0033333333333333335
Cc1ccc(C)n1-c1ccc(Cl)cc1C(=O)Nc1ccc2c(c1)CNC2,0,-6.563,0.023333333333333334
Cc1ccc(C2=NC(=O)/C(=C/c3cc(O)c(O)c(Br)c3)S2)cc1,1,-6.589,1.0
Cc1ccc(CN(C)C)cc1NC(=O)[C@@H](NC(=O)OCc1ccccc1)c1ccc(OCc2ccccc2)cc1,0,-7.411,0.023333333333333334
Cc1ccc(CN)cc1-c1cccc([C@H](NC(=O)OCc2ccccc2)C(=O)Nc2cccc(CN)c2)c1,0,-8.599,0.11666666666666667
Cc1ccc(CNC(=O)[C@@H](NC(=O)OCc2ccccc2)c2ccc(OCc3ccccc3)cc2)cn1,0,-7.331,0.02
Cc1ccc(CNC(=O)c2cc(Cl)ccc2NS(=O)(=O)c2ccc(Oc3ccccc3Cl)cc2)s1,0,-6.77,0.09
Cc1ccc(COc2ccc(S(=O)(=O)Nc3ccc(Cl)cc3C(=O)O)cc2)cc1,1,-7.184,0.9966666666666667
Cc1ccc(F)c(-c2ccc([C@@H](NC(=O)OCc3ccccc3)C(=O)Nc3cccc(CN)c3)cc2)c1,1,-8.052,1.0
Cc1ccc(F)c2c1CCN(Cc1ccn(C3CNC3)c1)C2,0,-6.435,0.016666666666666666
Cc1ccc(N2C[C@@H](NC(=O)[C@H](NC(=O)[C@H](CCCCN)NC(=O)[C@H](CCCNC(=N)N)NC(=O)c3ccccc3)c3ccc(OCc4ccccc4)cc3)C2=O)cc1,0,0.0,0.9233140100640101
Cc1ccc(N2C[C@H](NC(=O)[C@H](NC(=O)[C@H](CCCCN)NC(=O)[C@H](CCCNC(=N)N)NC(=O)c3ccccc3)c3ccc(OCc4ccccc4)cc3)C2=O)cc1,1,0.0,0.9233140100640101
Cc1ccc(NC(=O)OC(C)(C)C)c2[nH]cc(CN3CCC(c4cscn4)CC3)c12,0,-6.793,0.023333333333333334
Cc1ccc(NC(=O)c2cc(C3CC3)n(C)c2C)cc1-c1cccnc1,0,-6.389,0.056666666666666664
Cc1ccc(NC(=O)c2cc(C3CC3)n(C)c2C)cc1CN,0,-6.827,0.0
Cc1ccc(NC(=O)c2cc(Cl)cc(NC(=O)OCc3ccccc3)c2)cc1CN,0,-7.26,0.0
Cc1ccc(NC(=O)c2cc(Cl)cc3[nH]ncc23)cc1CN,0,-6.485,0.0
Cc1ccc(NC(=O)c2cc(Cl)cc3[nH]ncc23)cc1N,0,-7.298,0.01
Cc1ccc(NC(=O)c2cc(Cl)ccc2Cl)c(C(=O)Nc2cccc(CN)c2)c1,0,-7.325,0.05
Cc1ccc(NS(=O)(=O)c2ccc(Oc3ccccc3Cl)cc2)cc1CN,0,-7.196,0.0033333333333333335
Cc1ccc(OCc2ccccc2Cl)c(C(=O)Nc2cccc(CN)c2)c1,0,-6.482,0.013333333333333334
Cc1ccc(Oc2ncccc2C#N)c(-c2ccc3[nH]c(C(=O)O)cc3c2)c1,0,-6.513,0.13666666666666666
Cc1ccc(S(=O)(=O)CCCn2ccc3sccc3c2=O)cc1,0,-6.303,0.03
Cc1ccc(S(=O)(=O)CNC(=O)[C@H](Nc2ccc3c(c2)CNC3)c2cc(Cl)cc3[nH]ncc23)cc1,0,-7.609,0.09666666666666666
Cc1ccc(S(=O)(=O)N(C)[C@@H](CCCNC(=N)N)C(=O)N[C@@H](CCCCN)C(=O)N[C@@H](C(N)=O)c2ccccc2)cc1,0,-8.114,0.15
Cc1ccc(S(=O)(=O)N(C)[C@@H](Cc2ccc(NC(=N)N)cc2)C(=O)N[C@@H](CCCCN)C(=O)N[C@@H](C(N)=O)c2ccccc2)cc1,1,-8.11,1.0
Cc1ccc(S(=O)(=O)N2CCC(NS(=O)(=O)c3ccc(Cl)cc3C(=O)O)CC2)cc1,0,-6.901,0.013333333333333334
Cc1ccc(S(=O)(=O)N2CCC([C@@H](NC(=O)OCc3ccccc3)C(=O)Nc3cccc(CN)c3)CC2)c(C)c1,0,-7.561,0.06296296296296297
Cc1ccc(S(=O)(=O)N2Cc3ccccc3C[C@@H](C(=O)Nc3cccc(CN)c3)C2)cc1,0,-8.429,0.02
Cc1ccc(S(=O)(=O)Nc2ccc(-c3nnc(SCc4ccc(C(F)(F)F)cc4)o3)cc2)cc1,0,-7.143,0.09666666666666666
Cc1ccc(S(=O)(=O)Nc2ccc(-c3nnc(SCc4cccc(C(F)(F)F)c4)o3)cc2)cc1,0,-8.294,0.08333333333333333
Cc1ccc(S(=O)(=O)Nc2ccc(-c3nnc(SCc4ccccc4C(F)(F)F)o3)cc2)cc1,0,-8.367,0.06666666666666667
Cc1ccc(Sc2ncccc2C(=O)Nc2cccc(CN)c2)cc1C,0,-6.519,0.006666666666666667
Cc1ccc([C@@H](NC(=O)OCc2ccccc2)C(=O)Nc2cccc(CN)c2)cc1C,0,-7.29,0.02666666666666667
Cc1ccc([C@@H](NC(=O)OCc2ccccc2)C(=O)Nc2cccc(CN)c2)cc1C(F)(F)F,0,-7.748,0.03333333333333333
Cc1ccc([C@H]2[C@H](C)CN2C(=O)c2ccc(C(F)(F)CN)cc2)cc1,0,-7.447,0.0
Cc1ccc2[nH]ncc2c1C(=O)Nc1ccc2c(c1)CNC2,0,-7.014,0.0
Cc1ccc2c(c1)CN(C(=O)c1ccc(C3(CN)CC3)cc1)C(C)(C)C2,0,-6.507,0.006666666666666667
Cc1ccc2cc(Cl)cc(C(=O)Nc3ccc4c(c3)CNC4)c2n1,0,-6.808,0.0
Cc1ccc2cccc(NC(=O)C3CCN(c4ccc(C=O)cc4)CC3)c2n1,0,-6.864,0.023333333333333334
Cc1cccc(-c2ccc([C@@H](NC(=O)OCc3ccccc3)C(=O)Nc3cccc(CN)c3)cc2)c1,1,-7.689,1.0
Cc1cccc(-c2nc3c(C(=O)Nc4ccc5c(c4)CNC5)cc(Cl)cc3[nH]2)c1O,1,-7.561,1.0
Cc1cccc(-c2nc3c(C(=O)Nc4ccc5c(c4)CNC5)cc(F)cc3[nH]2)c1,1,-7.638,1.0
Cc1cccc(CNc2ccc(Cl)cc2C(=O)Nc2ccc3c(c2)CNC3)n1,0,-7.068,0.0033333333333333335
Cc1cccc(CNc2ccc(Cl)cc2C(=O)Nc2cccc(CN)c2)n1,0,-8.415,0.0033333333333333335
Cc1cccc(N2CCC(NS(=O)(=O)c3ccc(Cl)cc3C(=O)O)CC2)n1,0,-6.379,0.0
Cc1cccc(N2C[C@@H](NC(=O)[C@H](NC(=O)[C@H](CCCCN)NC(=O)[C@H](CCCNC(=N)N)NC(=O)c3ccccc3)c3ccc(OCc4ccccc4)cc3)C2=O)c1,0,-8.766,0.9300145124483363
Cc1cccc(N2C[C@H](NC(=O)[C@H](NC(=O)[C@H](CCCCN)NC(=O)[C@H](CCCNC(=N)N)NC(=O)c3ccccc3)c3ccc(OCc4ccccc4)cc3)C2=O)c1,1,-8.295,0.9300145124483363
Cc1cccc([C@@H](NC(=O)OCc2ccccc2)C(=O)Nc2cccc(CN)c2)n1,0,-6.826,0.01
Cc1ccccc1-c1nc2c(C(=O)Nc3ccc4c(c3)CNC4)cc(F)cc2[nH]1,1,-7.622,1.0
Cc1cccnc1COc1ccc(S(=O)(=O)Nc2ccc(Cl)cc2C(=O)O)cc1,0,-7.095,0.10666666666666667
Cc1ccncc1-c1cc(CN)cc([C@@H]2C[C@H]2c2cc(Cl)cc(NC(=O)OCc3ccccc3)c2)c1,0,-7.902,0.04666666666666667
Cc1cnc(Oc2ccc(S(=O)(=O)Nc3ccc(Cl)cc3C(=O)O)cc2)cn1,0,-6.37,0.023333333333333334
Cc1cnc([C@H]2CCCN(C(=O)Nc3ccc4c(c3)CNC4)C2)s1,0,-7.012,0.0
Cc1cnccc1-c1cc(NC(=O)c2cc(F)cc3[nH]ncc23)cc2c1CNC2,0,-7.45,0.056666666666666664
Cc1cnn(-c2cc(C(=O)O)c(NS(=O)(=O)c3ccc(Oc4ccccc4Cl)cc3)cc2F)c1,1,-6.853,1.0
Cc1cnn(-c2cccc(-c3cccc(C4(CN)CC4)c3)c2)c1,0,-6.943,0.04666666666666667
Cc1cnnc(C(=O)Nc2cccc(CN)c2)c1,0,-5.949,0.0033333333333333335
Cc1csc(CO[C@H]2CCN(C(=O)Nc3ccc4c(c3)CNC4)C2)n1,0,-6.293,0.0
Cc1csc(COc2cccc([C@H](NC(=O)OCc3ccccc3)C(=O)Nc3cccc(CN)c3)c2)n1,0,-8.682,0.013333333333333334
Cc1csc(N2CCN(Cc3c[nH]c4ccccc34)CC2)n1,0,-6.261,0.0
Cc1n[nH]c2cc(C(=O)N3CCC(C)(NC(=O)[C@H]4C[C@H](N(C)C)C4)CC3)ccc12,0,-7.172,0.023333333333333334
Cc1n[nH]c2nc(Cl)cc(C(=O)Nc3ccc4c(c3)CNC4)c12,0,-6.618,0.0
Cc1n[nH]cc1-c1ccc([C@@H](NC(=O)OCc2ccccc2)C(=O)Nc2cccc(CN)c2)cc1,0,-7.961,0.11666666666666667
Cc1n[nH]cc1CC(=O)N1CCCC12CCN(C(=O)c1ccnc(CO)c1)CC2,0,-6.917,0.006666666666666667
Cc1nc(-c2ccc(Cl)cc2)sc1C(=O)Nc1cccc(CN)c1,0,-6.979,0.016666666666666666
Cc1nc(-c2ccc([C@@H](NC(=O)OCc3ccccc3)C(=O)Nc3cccc(CN)c3)cc2)cs1,0,-7.772,0.08666666666666667
Cc1nc(C2(NC(=O)c3cccc4c3CC(=O)N4)CCC2)no1,0,-7.147,0.0
Cc1nc(C2CC2)[nH]c1C(=O)Nc1cc(-c2cccnc2)ccn1,0,-6.914,0.013333333333333334
Cc1nc(C2CC2)[nH]c1C(=O)Nc1cc(CCCN)ccn1,0,-6.665,0.0
Cc1nc(C2CC2)sc1C(=O)Nc1cc(CCCN)ccn1,0,-6.526,0.0033333333333333335
Cc1nc(CCCNCc2n[nH]c3ccccc23)cs1,0,-5.881,0.006666666666666667
Cc1nc(COc2ccc([C@@H](NC(=O)OCc3ccccc3)C(=O)Nc3cccc(CN)c3)cc2)cs1,0,-7.591,0.016666666666666666
Cc1nc(N2CCOCC2)sc1CC(=O)Nc1cccc(CN)c1,0,-6.078,0.0033333333333333335
Cc1nc2c(C(=O)Nc3ccc4c(c3)CNC4)cc(Cl)cc2[nH]1,0,-6.275,0.0
Cc1nc2c(C(=O)Nc3ccc4c(c3)CNC4)cccc2[nH]1,0,-6.0,0.0
Cc1nc2cc(Cl)ccc2cc1C(=O)Nc1ccc2c(c1)CNC2,0,-7.052,0.0
Cc1nc2ccc(C(=O)Nc3ccc4c(c3)CNC4)cc2s1,0,-7.102,0.0
Cc1ncc(-c2cc(F)cc(C(=O)Nc3ccc4c(c3)CNC4)c2)o1,0,-7.248,0.006666666666666667
Cc1ncc(-c2cc(F)cc(C(=O)Nc3ccc4c(c3)CNC4)c2)s1,0,-8.511,0.0
Cc1ncc(-c2ccc([C@@H](NC(=O)OCc3ccccc3)C(=O)Nc3cccc(CN)c3)cc2)s1,0,-7.478,0.09666666666666666
Cc1ncc(Br)cc1C(=O)Nc1ccc2c(c1)CNC2,0,-6.201,0.0
Cc1ncc(C(=O)Nc2cccc(CN)c2)cc1NC(=O)OCc1ccccc1,0,-7.876,0.0033333333333333335
Cc1ncc(COc2ccc([C@@H](NC(=O)OCc3ccccc3)C(=O)Nc3cccc(CN)c3)cc2)o1,0,-7.808,0.01
Cc1ncc(COc2ccc([C@H](NC(=O)OCc3ccccc3)C(=O)Nc3cccc(CN)c3)cc2)cn1,0,-7.119,0.013333333333333334
Cc1ncc(NC(=O)OCc2ccccc2)cc1C(=O)Nc1cccc(CN)c1,0,-7.762,0.006666666666666667
Cc1ncc2c(n1)CCC[C@H]2NC(=O)c1cccc2c1CC(=O)N2,0,-6.801,0.0
Cc1ncccc1-c1ccc([C@@H](NC(=O)OCc2ccccc2)C(=O)Nc2cccc(CN)c2)cc1,0,-8.035,0.15333333333333332
Cc1nccn1-c1ccc(Cl)cc1C(=O)Nc1cccc(CN)c1,0,-6.36,0.0033333333333333335
Cc1nccn1-c1ccc(NS(=O)(=O)c2ccc(Cl)cc2C(=O)O)cc1F,0,-6.368,0.04
Cc1nccn1CCOc1cccc([C@H](NC(=O)OCc2ccccc2)C(=O)Nc2cccc(CN)c2)c1,0,-7.249,0.006666666666666667
Cc1nccnc1Oc1ccc(S(=O)(=O)Nc2ccc(Cl)cc2C(=O)O)cc1,0,-6.223,0.02
Cc1ncsc1C(=O)N[C@H](C(=O)Nc1cccc(CN)c1)c1ccc(OCc2ccccc2)cc1,0,-7.719,0.02
Cc1nn(C)c(C)c1[C@H]1CCCN1C(=O)Nc1ccc2c(c1)CNC2,0,-6.047,0.0
Cc1nn(C)cc1-c1ccc(S(=O)(=O)Nc2ccc(Cl)cc2C(=O)O)cc1,0,-6.302,0.02
Cc1nn(C)cc1S(=O)(=O)N[C@@H](C(=O)Nc1cccc(CN)c1)c1ccc(OCc2ccccc2)cc1,0,-7.243,0.01
Cc1nn(CCO)c(C(F)F)c1C(=O)Nc1cccc(CN)c1,0,-7.471,0.0
Cc1nnc(CN2CCC([C@H](NC(=O)OCc3ccccc3)C(=O)Nc3cccc(CN)c3)CC2)s1,0,-7.747,0.02666666666666667
Cc1nnc(CSc2ncnc3sccc23)o1,0,-5.051,0.02666666666666667
Cc1nnc(S(=O)(=O)N2CCC([C@H](NC(=O)OCc3ccccc3)C(=O)Nc3cccc(CN)c3)CC2)s1,0,-7.644,0.016666666666666666
Cc1nnc(SC[C@H]2CCCN2C(=O)Nc2ccc3c(c2)CNC3)s1,0,-7.234,0.006666666666666667
Cc1nnc([C@H](C)n2cc(C3CCNCC3)c(C)n2)o1,0,-5.854,0.01
Cc1nnnn1Cc1ncc(Br)s1,0,-3.989,0.02666666666666667
Cc1nnsc1CN1CCC([C@@H](NC(=O)OCc2ccccc2)C(=O)Nc2cccc(CN)c2)CC1,0,-7.147,0.023333333333333334
Cc1nnsc1Cn1ccc(Br)n1,0,-4.194,0.02
Cc1noc(C)c1-c1ccc([C@@H](NC(=O)OCc2ccccc2)C(=O)Nc2cccc(CN)c2)cc1,0,-8.054,0.14
Cc1noc(C)c1C(=O)N[C@@H](C(=O)Nc1cccc(CN)c1)c1ccc(OCc2ccccc2)cc1,0,-7.494,0.016666666666666666
Cc1noc(C)c1Cc1ccc(C(=O)Nc2cccc(CN)c2)o1,0,-6.943,0.016666666666666666
Cc1nocc1S(=O)(=O)N[C@H](C(=O)Nc1cccc(CN)c1)c1ccc(OCc2ccccc2)cc1,0,-7.884,0.01
Cc1oc(C(=O)Nc2cccc(CN)c2)cc1COc1ccccc1,0,-6.868,0.02
Cc1oc(C2CC2)nc1C(=O)Nc1cc(-c2cccnc2)ccn1,0,-6.783,0.006666666666666667
Cc1oc(C2CC2)nc1C(=O)Nc1cc(CCCN)ccn1,0,-6.593,0.0
Cc1oc2nc(-c3cc(Cl)cc(NC(=O)OCc4ccccc4)c3)ccc2c1C(=O)O,0,-7.256,0.19666666666666666
Cc1occ(C(F)(F)F)c1C(=O)N[C@H](C(=O)Nc1cccc(CN)c1)c1ccc(OCc2ccccc2)cc1,0,-8.441,0.07424358974358974
Cc1ocnc1COc1ccc(S(=O)(=O)Nc2ccc(Cl)cc2C(=O)O)cc1,0,-6.528,0.03
Cc1ocnc1COc1cccc([C@H](NC(=O)OCc2ccccc2)C(=O)Nc2cccc(CN)c2)c1,0,-7.744,0.015714285714285715
Cc1onc(C(=O)Nc2cccc(CN)c2)c1CN1CCCC1,0,-6.508,0.0
Cc1onc(C(=O)Nc2cccc(CN)c2)c1COc1cccc(F)c1,0,-7.515,0.0033333333333333335
Cc1sc2nc(-c3cccs3)[nH]c(=O)c2c1C,0,-5.34,0.11333333333333333
Clc1cc(/C=C/c2cccc(-c3nn[nH]n3)c2)c2cn[nH]c2c1,0,-6.79,0.03333333333333333
Clc1cc(CCc2cccc(-c3nn[nH]n3)c2)c2cn[nH]c2c1,0,-6.921,0.01
Clc1cc(CNc2ccc3c(c2)CNC3)c2cn[nH]c2c1,0,-6.961,0.0
Clc1cc(CNc2ccc3c(c2)[C@@H]2CC[C@H]3N2)c2cn[nH]c2c1,0,-7.047,0.02
Clc1cc(CNc2ccc3c(n2)CNC3)c2cn[nH]c2c1,0,-7.026,0.006666666666666667
Clc1cc(CNc2ncc3c(n2)CNC3)c2cn[nH]c2c1,0,-6.312,0.013333333333333334
Clc1cc(Cl)c2c(CN3CCC(c4cscn4)CC3)c[nH]c2c1,0,-6.064,0.02
Clc1cc([C@@H]2C[C@H]2c2cccc(-c3nn[nH]n3)c2)c2cn[nH]c2c1,0,-6.861,0.023333333333333334
Clc1cc([C@@H]2C[C@H]2c2cccc(C3CCNCC3)c2)c2cn[nH]c2c1,1,-6.358,1.0
Clc1cc([C@H](C#CC2CC2)Nc2ccc3c(c2)CNC3)c2cn[nH]c2c1,0,-7.178,0.02
Clc1cc([C@H](C#Cc2ccccc2)Nc2ccc3c(c2)CNC3)c2cn[nH]c2c1,0,-7.553,0.21333333333333335
Clc1ccc(-c2cc(CN3CCC(c4cscn4)CC3)[nH]n2)cc1,0,-6.078,0.01
Clc1ccc2[nH]cc(Cc3ccc(-c4nn[nH]n4)cc3)c2c1,0,-6.808,0.07333333333333333
Clc1ccc2[nH]cc(Cc3ccc4c(c3)CNC4)c2c1,0,-6.44,0.043333333333333335
Clc1ccc2[nH]cc(Cc3cccc(-c4nn[nH]n4)c3)c2c1,0,-6.976,0.023333333333333334
Clc1ccc2[nH]ncc2c1[C@@H]1C[C@H]1c1ccc2c(c1)CNC2,0,-5.982,0.08333333333333333
Clc1ccc2c(CN3CCC(c4c[nH]c5ncccc45)CC3)c[nH]c2c1,0,-6.875,0.05333333333333334
Clc1ccc2c(c1)ncn2Cc1ccc(-c2nn[nH]n2)cc1,0,-5.925,0.03333333333333333
Clc1ccc2nc(C3CCOCC3)n(Cc3ccc4c(c3)CNC4)c2c1,0,-6.372,0.03
Clc1ccc2ncn(Cc3ccc4c(c3)CNC4)c2c1,0,-6.089,0.0033333333333333335
Clc1cccc([C@H](C#Cc2ccccc2)Nc2ccc3c(c2)CNC3)c1,0,-7.21,0.056666666666666664
Clc1cccc([C@H](C#Cc2ccccc2)Nc2cccc(-c3nn[nH]n3)c2)c1,1,-7.255,1.0
Clc1snnc1CN1CCC(c2nc3ccccc3o2)CC1,0,-6.211,0.013333333333333334
Cn1c(=O)[nH]c2c(C(=O)Nc3ccc4c(c3)CNC4)cc(Br)cc21,0,-6.515,0.006666666666666667
Cn1c(=O)[nH]c2cc(C(=O)Nc3ccc4c(c3)CNC4)cc(Br)c21,0,-7.461,0.01
Cn1c(C(=O)N2CCCc3ccc(C(F)F)cc32)cc2c1CCNC2,0,-7.246,0.0
Cn1c(C2CC2)cc(C(=O)Nc2cc(-c3cccnc3)ccn2)c1C1CC1,0,-7.291,0.07
Cn1c(Sc2nc3ccccc3o2)nc2sccc2c1=O,0,-5.85,0.056666666666666664
Cn1cc(-c2cc(CN)cc([C@@H]3C[C@H]3c3cc(Cl)cc(NC(=O)OCc4ccccc4)c3)c2)cn1,0,-7.147,0.05
Cn1cc(-c2ccc([C@@H](NC(=O)OCc3ccccc3)C(=O)Nc3cccc(CN)c3)cc2)ccc1=O,0,-7.972,0.05
Cn1cc(-c2ccc([C@@H](NC(=O)OCc3ccccc3)C(=O)Nc3cccc(CN)c3)cc2)cn1,0,-7.526,0.03
Cn1cc(-c2cccc([C@@H](NC(=O)OCc3ccccc3)C(=O)Nc3cccc(CN)c3)c2)ccc1=O,0,-7.779,0.04
Cn1cc(-c2cccc([C@H](NC(=O)OCc3ccccc3)C(=O)Nc3cccc(CN)c3)c2)cn1,0,-7.139,0.03333333333333333
Cn1cc(C(=O)N2CCC([C@H](NC(=O)OCc3ccccc3)C(=O)Nc3cccc(CN)c3)CC2)cn1,0,-7.629,0.01
Cn1cc(C(=O)N[C@@H](C(=O)Nc2cccc(CN)c2)c2ccc(OCc3ccccc3)cc2)cn1,0,-7.441,0.01
Cn1cc(C(=O)Nc2cccc(CN)c2)c(-c2cnccn2)n1,0,-6.391,0.006666666666666667
Cn1cc(C(=O)O)c(NS(=O)(=O)c2ccc(Oc3ccccc3Cl)cc2)n1,0,-7.093,0.01
Cn1cc(C(F)(F)F)nc1C(=O)Nc1cc(-c2cccnc2)ccn1,0,-6.975,0.03
Cn1cc(CCOc2ccc([C@@H](NC(=O)OCc3ccccc3)C(=O)Nc3cccc(CN)c3)cc2)nn1,0,-8.162,0.03333333333333333
Cn1cc(CCc2nc3c(C(=O)Nc4ccc5c(c4)CNC5)cc(Cl)cc3[nH]2)cn1,0,-6.978,0.01
Cn1cc(CN2CCC(c3c[nH]c4cccnc34)CC2)c2ccccc21,0,-7.246,0.01
Cn1cc(CNC(=O)[C@H](Nc2ccc3c(c2)CNC3)c2cc(Cl)cc(C3CC3)c2)cn1,0,-7.855,0.01
Cn1cc(N2CCN(Cc3c[nH]c4ccccc34)CC2)cn1,0,-6.165,0.0033333333333333335
Cn1cc(NC(=O)c2cc(Cl)cc(NC(=O)OCc3ccccc3)c2)cn1,0,-6.829,0.0033333333333333335
Cn1cc(NS(=O)(=O)c2ccc(Oc3ccccc3Cl)cc2)c(C(=O)O)n1,0,-6.66,0.01
Cn1cc(Nc2ccc(S(=O)(=O)Nc3ccc(Cl)cc3C(=O)O)cn2)cn1,0,-6.566,0.016666666666666666
Cn1cc([C@@H]2C[C@H](C(=O)Nc3cccc(CN)c3)CC(=O)N2)cn1,0,-7.193,0.0
Cn1cc2c(C(=O)Nc3ccc4c(c3)CNC4)cc(Cl)cc2n1,0,-6.512,0.0
Cn1cc2c(C(=O)Nc3ccc4c(c3)CNC4)cc(F)cc2n1,0,-6.463,0.0
Cn1cc2c(C(=O)Nc3ccc4c(c3)CNC4)cccc2n1,0,-7.07,0.0
Cn1cc2cc(C#N)cc(-c3ccc4[nH]c(C(=O)O)cc4c3)c2n1,0,-7.136,0.03
Cn1cc2cc(Cl)cc(C(=O)Nc3ccc4c(c3)CNC4)c2n1,0,-6.554,0.0
Cn1ccc(-c2cc(CN)cc([C@@H]3C[C@H]3c3cc(Cl)cc(NC(=O)OCc4ccccc4)c3)c2)n1,0,-7.423,0.06333333333333334
Cn1ccc(-c2cc(F)cc(C(=O)Nc3ccc4c(c3)CNC4)c2)cc1=O,0,-7.587,0.03
Cn1ccc(-c2n[nH]cc2CN2CCC(c3nc4ccccc4s3)CC2)n1,0,-6.162,0.03333333333333333
Cn1ccc(COc2ccc([C@@H](NC(=O)OCc3ccccc3)C(=O)Nc3cccc(CN)c3)cc2)n1,0,-7.767,0.009722222222222222
Cn1ccc(CS(=O)(=O)N[C@@H](C(=O)Nc2cccc(CN)c2)c2ccc(OCc3ccccc3)cc2)n1,0,-7.384,0.0033333333333333335
Cn1ccc(Nc2ccc(S(=O)(=O)Nc3ccc(Cl)cc3C(=O)O)cn2)n1,0,-6.525,0.023333333333333334
Cn1ccnc(N2CCC(NS(=O)(=O)c3ccc(Cl)cc3C(=O)O)CC2)c1=O,0,-6.815,0.0
Cn1ccnc1C(=O)N1CCC([C@H](NC(=O)OCc2ccccc2)C(=O)Nc2cccc(CN)c2)CC1,0,-7.267,0.0
Cn1ccnc1C(=O)N[C@H](C(=O)Nc1cccc(CN)c1)c1ccc(OCc2ccccc2)cc1,0,-7.827,0.006666666666666667
Cn1ccnc1COc1cccc([C@H](NC(=O)OCc2ccccc2)C(=O)Nc2cccc(CN)c2)c1,0,-8.101,0.01
Cn1ccnc1S(=O)(=O)N[C@@H](C(=O)Nc1cccc(CN)c1)c1ccc(OCc2ccccc2)cc1,0,-7.703,0.02666666666666667
Cn1cnc2c1CN(Cc1ccc3c(c1)CCNCC3)CC2,0,-5.979,0.0
Cn1cnc2nc(Cl)cc(C(=O)Nc3ccc4c(c3)CNC4)c21,0,-7.196,0.0
Cn1cncc1COc1cccc([C@H](NC(=O)OCc2ccccc2)C(=O)Nc2cccc(CN)c2)c1,0,-7.628,0.013333333333333334
Cn1nc(C(=O)Nc2cc(-c3cccnc3)ccn2)cc1C1CC1,0,-6.981,0.006666666666666667
Cn1nc(C(=O)Nc2cc(CCCN)ccn2)cc1C1CC1,0,-6.131,0.0
Cn1nc(C(=O)Nc2cc([C@H]3CCOC3)ccn2)cc1C1CC1,0,-6.546,0.0
Cn1nc(C(=O)Nc2ccc3c(c2)CNC3)c2cc(Br)ccc21,0,-6.731,0.0033333333333333335
Cn1nc(C(=O)Nc2cccc(CN)c2)c2c1CCS(=O)(=O)C2,0,-6.856,0.0
Cn1nc(C(=O)Nc2cccc(CN)c2)cc1C1CC1,0,-6.577,0.0
Cn1nc(C(F)(F)F)cc1C(=O)Nc1cc(-c2cccnc2)ccn1,0,-7.691,0.016666666666666666
Cn1nc(C2CC2)c2c(C(=O)Nc3cccc(CN)c3)cc(C3CC3)nc21,0,-7.169,0.006666666666666667
Cn1nc(C2CC2)cc1C(=O)Nc1cc(-c2cccnc2)ccn1,0,-6.552,0.0033333333333333335
Cn1nc(C2CC2)cc1C(=O)Nc1cc(CCCN)ccn1,0,-6.211,0.0
Cn1nc(C2CCN(C(=O)c3ccccc3CSc3nnc[nH]3)CC2)cc1O,0,-7.411,0.013333333333333334
Cn1nc(CCN)nc1NC(=O)c1cc(Cl)cc(NC(=O)OCc2ccccc2)c1,0,-7.57,0.0
Cn1nc(CNc2cc(-c3cccnc3)ccn2)cc1C1CC1,0,-6.375,0.07
Cn1nc(CNc2cc([C@H]3CCOC3)ccn2)cc1C1CC1,0,-6.209,0.0033333333333333335
Cn1nc(CNc2ccc3c(c2)CNC3)cc1C1CC1,0,-7.025,0.006666666666666667
Cn1nc(NC(=O)[C@@H](NC(=O)OCc2ccccc2)c2ccc(OCc3ccccc3)cc2)c2c1CNC2,0,-7.42,0.023333333333333334
Cn1nc(NC(=O)c2cc(Cl)cc(NC(=O)OCc3ccccc3)c2)c2c1CNC2,0,-7.289,0.0033333333333333335
Cn1nc([C@@H]2CCCN2)nc1NC(=O)c1cc(Cl)cc(NC(=O)OCc2ccccc2)c1,0,-7.423,0.006666666666666667
Cn1nc([C@H](C#N)Nc2cccc([C@H]3CCOC3)c2)cc1C1CC1,0,-6.074,0.0033333333333333335
Cn1nc([C@H](Nc2cc([C@H]3CCOC3)ccn2)C(F)(F)F)cc1C1CC1,0,-7.333,0.0
Cn1nc2c(c1NC(=O)[C@@H](NC(=O)OCc1ccccc1)c1ccc(OCc3ccccc3)cc1)CNC2,0,-8.114,0.023333333333333334
Cn1nc2c(c1NC(=O)c1cc(Cl)cc(NC(=O)OCc3ccccc3)c1)CCNC2,0,-7.038,0.0
Cn1nc2c(c1NC(=O)c1cc(Cl)cc(NC(=O)OCc3ccccc3)c1)CNC2,0,-7.238,0.0033333333333333335
Cn1nc2c(c1NC(=O)c1cc(Cl)cc(NC(=O)OCc3ccccc3)c1)CNCC2,0,-7.677,0.0
Cn1ncc(C(=O)Nc2cc(-c3cccnc3)ccn2)c1C1CC1,0,-6.585,0.02
Cn1ncc(C(=O)Nc2cc(CCCN)ccn2)c1O,0,-6.042,0.0033333333333333335
Cn1ncc(CN2CCC([C@H](NC(=O)OCc3ccccc3)C(=O)Nc3cccc(CN)c3)CC2)n1,0,-8.213,0.02
Cn1ncc2c(C(=O)Nc3ccc4c(c3)CNC4)cc(-c3cccnc3)nc21,0,-7.273,0.06
Cn1ncc2c(C(=O)Nc3ccc4c(c3)CNC4)cc(Br)cc21,0,-7.127,0.0
Cn1ncc2c(C(=O)Nc3ccc4c(c3)CNC4)cc(C3CC3)nc21,0,-8.067,0.0033333333333333335
Cn1ncc2c(C(=O)Nc3ccc4c(c3)CNC4)cc(Cl)cc21,0,-6.998,0.0
Cn1ncc2cc(C(=O)N3CCC(NC(=O)[C@]4(C)CCC[C@H]4O)CC3)cc(O)c21,0,-6.902,0.02
Cn1nccc1-c1cc(NC(=O)c2cc(F)cc3[nH]ncc23)cc2c1CNC2,0,-7.558,0.02
Cn1nccc1-c1ccc([C@@H](NC(=O)OCc2ccccc2)C(=O)Nc2cccc(CN)c2)cc1,0,-7.623,0.03666666666666667
Cn1nccc1CN1CCC(NS(=O)(=O)c2ccc(Cl)cc2C(=O)O)CC1,0,-6.177,0.0
Cn1ncnc1Sc1nc(C2CCCC2)ns1,0,-5.001,0.03333333333333333
Cn1nnc(S(=O)(=O)N2CCC([C@H](NC(=O)OCc3ccccc3)C(=O)Nc3cccc(CN)c3)CC2)n1,0,-7.58,0.02666666666666667
Cn1nnnc1-c1cccc(NC(=O)c2cc(Cl)cc(NC(=O)OCc3ccccc3)c2)c1,0,-6.969,0.19
FC(F)(F)Oc1cc(Cl)cc2c(CN3CCC(c4cscn4)CC3)c[nH]c12,0,-6.26,0.01
FC(F)(F)Oc1cc(Cl)cc2c(Cc3ccc(-c4nnn[nH]4)cc3)c[nH]c12,0,-7.032,0.07666666666666666
FC(F)(F)c1nc(CNCc2cocn2)cs1,0,-5.682,0.013333333333333334
FC(F)(F)c1nnc(COc2cncnc2)s1,0,-5.868,0.013333333333333334
FC1(c2cccnc2)CN(Cc2c[nH]c3ccccc23)C1,0,-6.391,0.023333333333333334
Fc1cc(CNc2ccc3c(c2)CNC3)c2cc[nH]c2c1,0,-6.731,0.01
Fc1cc(CNc2ccc3c(c2)CNC3)c2cn[nH]c2c1,0,-6.538,0.006666666666666667
Fc1cc(CNc2ccc3c(n2)CNC3)c2cn[nH]c2c1,0,-6.254,0.0
Fc1cc(F)c2[nH]cc(CN3CCC(c4cscn4)CC3)c2c1F,0,-6.554,0.006666666666666667
Fc1cccc(F)c1-c1n[nH]cc1CN1CCC(c2nc3ccccc3s2)CC1,0,-6.934,0.10666666666666667
Ic1ccc(-c2ncc(OCCC3CCNCC3)nc2-c2ccc(I)cc2)cc1,0,-6.468,0.23
N#C/C(=C/c1ccc(-c2ccc(C(=O)O)cc2)s1)c1nc2cc(Cl)ccc2[nH]1,1,-7.18,1.0
N#C/C(=C\c1ccc(-c2ccc(C(=O)O)cc2)s1)c1nc2cc(Cl)ccc2[nH]1,1,-7.229,1.0
N#CC1(S(=O)(=O)N2CCC([C@H](NC(=O)OCc3ccccc3)C(=O)Nc3cccc(CN)c3)CC2)CCC1,0,-8.648,0.023333333333333334
N#CCCNC(=O)[C@H](Nc1ccc2c(c1)CNC2)c1cc(Cl)cc(C2CC2)c1,0,-7.07,0.0
N#CCOc1ccc(Br)cc1[C@H](Nc1ccc2c(c1)CNC2)C(=O)NCC(F)F,0,-6.762,0.013333333333333334
N#CC[C@H](N)c1cccc(NC(=O)c2cc(Cl)cc(NC(=O)OCc3ccccc3)c2)c1,0,-6.965,0.02
N#CCc1cc(NC(=O)c2cc(F)cc3[nH]ncc23)cc2c1CNC2,0,-7.273,0.0
N#CCc1cccc(NC(=O)c2cc(Cl)cc(NC(=O)OCc3ccccc3)c2)c1,0,-7.149,0.016666666666666666
N#C[C@H](Nc1cc(Cl)cc(C2CC2)c1)c1ccc(-c2nn[nH]n2)cc1,0,-7.05,0.023333333333333334
N#C[C@H](Nc1cc(Cl)cc(NC(=O)OCc2ccccc2)c1)c1ccc(-c2nn[nH]n2)cc1,1,-7.753,1.0
N#C[C@H](Nc1ccc(-c2nn[nH]n2)cc1)c1cc(Cl)cc(NC(=O)OCc2ccccc2)c1,0,-7.405,0.3933333333333333
N#C[C@H](Nc1ccc(CC(=O)O)cn1)c1cc(Cl)cc(C2CC2)c1,0,-7.121,0.0033333333333333335
N#C[C@H](Nc1ccc(CCC(=O)O)cn1)c1cc(Cl)cc(C2CC2)c1,0,-7.112,0.01
N#C[C@H](Nc1ccc2c(c1)CNC2)c1cc(Cl)cc(C2CC2)c1,0,-6.83,0.0033333333333333335
N#C[C@H](Nc1ccc2c(c1)CNC2)c1cc(Cl)cc2[nH]ncc12,0,-7.012,0.0
N#C[C@H](Nc1ccc2c(c1)CNC2)c1cc(Cl)cc2c1OCC2,0,-6.141,0.0
N#C[C@H](Nc1ccc2c(c1)CNC2)c1cccc2[nH]ncc12,0,-7.006,0.006666666666666667
N#C[C@H](Nc1ccc2c(c1)CNC2)c1cccc2c1CCNC2=O,0,-7.127,0.0
N#C[C@H](Nc1ccc2c(c1)CNC2)c1cccc2ncccc12,0,-6.836,0.006666666666666667
N#C[C@H](Nc1ccc2c(c1)CNC2)c1ccnc(C(F)(F)F)c1,0,-7.312,0.0033333333333333335
N#C[C@H](Nc1ccc2c(c1)CNC2)c1cncc2ccccc12,0,-6.995,0.016666666666666666
N#C[C@H](Nc1ccc2c(c1)CNC2)c1n[nH]c2cc(C(F)(F)F)ccc12,0,-7.071,0.013333333333333334
N#C[C@H](Nc1cccc(-c2nn[nH]n2)c1)c1cc(Cl)cc(NC(=O)OCc2ccccc2)c1,0,-8.316,0.30333333333333334
N#C[C@H](Nc1cccc(-c2nn[nH]n2)c1)c1cc(Cl)cc2[nH]ncc12,0,-7.039,0.016666666666666666
N#C[C@H](Nc1cccc(C(=O)O)c1)c1cc(Cl)cc2[nH]ncc12,0,-6.563,0.0033333333333333335
N#C[C@H](Nc1cccn(CC(=O)O)c1=O)c1cc(Cl)cc(C2CC2)c1,0,-7.303,0.0
N#C[C@H](Nc1cncc(-c2nn[nH]n2)c1)c1cc(Cl)cc(NC(=O)OCc2ccccc2)c1,0,-7.438,0.16666666666666666
N#C[C@H](c1cc(Cl)cc(C2CC2)c1)N1c2cnccc2C[C@H]1C(=O)O,0,-6.31,0.0033333333333333335
N#C[C@]1(Nc2ccc3c(c2)CNC3)C(=O)Nc2ccc(Cl)cc21,0,-6.893,0.006666666666666667
N#C[C@]1(Nc2ccc3c(c2)CNC3)C(=O)Nc2ccccc21,0,-6.504,0.04666666666666667
N#C[C@]1(Nc2cccc(-c3nn[nH]n3)c2)C(=O)Nc2ccc(Cl)cc21,0,-7.089,0.006666666666666667
N#Cc1c(C(F)F)cccc1N1CCC(n2ncc(N)c2C(F)(F)F)CC1,0,-7.709,0.0033333333333333335
N#Cc1c[nH]c2c(C(=O)Nc3ccc4c(c3)CNC4)cccc12,0,-7.02,0.0
N#Cc1c[nH]c2ccc(C(=O)Nc3ccc4c(c3)CNC4)cc12,0,-6.304,0.0033333333333333335
N#Cc1cc(-c2ccc3[nH]c(C(=O)O)cc3c2)c2nc[nH]c2c1,0,-7.06,0.03333333333333333
N#Cc1cc(-c2ccc3[nH]c(C(=O)O)cc3c2)cc(N2CCCC2)c1,0,-6.865,0.06333333333333334
N#Cc1cc(C(=O)Nc2ccc3c(c2)CNC3)cc(C(F)(F)F)c1,0,-7.279,0.0
N#Cc1cc(CN)cc(NC(=O)c2cc(Cl)cc(NC(=O)OCc3ccccc3)c2)c1,0,-7.115,0.016666666666666666
N#Cc1cc(CN)cc([C@H]2C[C@@H]2c2cc(Cl)cc(NC(=O)OCc3ccccc3)c2)c1,0,-7.831,0.04
N#Cc1cc(Cl)cc(-c2ccc3[nH]c(C(=O)O)cc3c2)c1,0,-6.367,0.03666666666666667
N#Cc1cc(Cl)cc(C(=O)Nc2ccc3c(c2)CNC3)c1,0,-5.907,0.0
N#Cc1cc(Cl)cc(C(=O)Nc2cccc(-c3nnn[nH]3)c2)c1,0,-6.535,0.013333333333333334
N#Cc1cc(Cl)cc(C(=O)Nc2cccc(-n3nn[nH]c3=O)c2)c1,0,-7.515,0.013333333333333334
N#Cc1cc(Cl)cc(C(=O)Nc2cccc(CN)c2)c1,0,-6.432,0.01
N#Cc1cc(Cl)cc(S(=O)(=O)Nc2cccc(-c3nnn[nH]3)c2)c1,0,-6.511,0.023333333333333334
N#Cc1cc(Cl)cc([C@H](C#N)Nc2ccc3c(c2)CNC3)c1,0,-6.187,0.023333333333333334
N#Cc1cc(F)cc(N2CC[C@H](CO)C2)c1,0,-5.366,0.03
N#Cc1cc(NC(=O)OCc2ccccc2)cc(C(=O)Nc2cccc(CN)c2)c1,0,-7.142,0.01
N#Cc1cc2c(cc1NC(=O)c1cc(F)cc3[nH]ncc13)CNC2,0,-7.638,0.006666666666666667
N#Cc1ccc(-c2ccc3c(C(=O)NCC4CCNCC4)c[nH]c3c2)cc1,0,-7.981,0.11666666666666667
N#Cc1ccc(-c2nc3c(C(=O)Nc4ccc5c(c4)CNC5)cc(F)cc3[nH]2)cc1,1,-7.477,1.0
N#Cc1ccc(C(=O)Nc2ccc3c(c2)CNC3)cc1Cl,0,-6.334,0.0
N#Cc1ccc(CN)cc1NC(=O)c1cc(Cl)cc(NC(=O)OCc2ccccc2)c1,0,-7.24,0.013333333333333334
N#Cc1ccc(Cl)c(C(=O)Nc2ccc3c(c2)CNC3)c1,0,-6.153,0.0
N#Cc1ccc(N2CCN(Cc3c[nH]c4ccccc34)CC2)cc1,0,-6.256,0.013333333333333334
N#Cc1ccc(OCCn2nnn(-c3ccccc3)c2=O)cc1,0,-5.989,0.04666666666666667
N#Cc1ccc(S(=O)(=O)CCn2nc(-c3ccco3)oc2=O)cc1,0,-5.613,0.06333333333333334
N#Cc1ccc(S(=O)(=O)Nc2ccc(Oc3ccccc3Cl)cc2)c(C(=O)O)c1,0,-6.927,0.15
N#Cc1ccc2[nH]cc(CN3CCC(c4cscn4)CC3)c2c1,0,-6.177,0.0033333333333333335
N#Cc1ccc2[nH]cc(Cc3ccc(-c4nnn[nH]4)cc3)c2c1,0,-7.224,0.03
N#Cc1cccc(-c2nc3c(C(=O)NCc4ccccc4)cc(Cl)cc3[nH]2)c1,0,-7.313,0.15
N#Cc1cccc(-c2nc3c(C(=O)NCc4ccccn4)cc(Cl)cc3[nH]2)c1,0,-7.591,0.03333333333333333
N#Cc1cccc(-c2nc3c(C(=O)NCc4cccnc4)cc(Cl)cc3[nH]2)c1,0,-7.131,0.023333333333333334
N#Cc1cccc(-c2nc3c(C(=O)Nc4ccc(F)cc4)cc(Cl)cc3[nH]2)c1,0,-7.256,0.12
N#Cc1cccc(-c2nc3c(C(=O)Nc4ccc5c(c4)CNC5)cc(Cl)cc3[nH]2)c1,1,-7.309,1.0
N#Cc1cccc(-c2nc3c(C(=O)Nc4ccc5c(c4)CNC5)cc(F)cc3[nH]2)c1,1,-7.282,1.0
N#Cc1cccc(-c2nc3c(C(=O)Nc4cccc(F)c4)cc(Cl)cc3[nH]2)c1,0,-6.995,0.09
N#Cc1cccc(-c2nc3c(C(=O)Nc4ccccc4)cc(Cl)cc3[nH]2)c1,0,-6.959,0.07666666666666666
N#Cc1cccc(-c2nc3c(C(=O)Nc4ccccn4)cc(Cl)cc3[nH]2)c1,0,-6.77,0.02
N#Cc1cccc(-c2nc3c(C(=O)Nc4cccnc4)cc(Cl)cc3[nH]2)c1,0,-6.8,0.016666666666666666
N#Cc1cccc(-c2nc3c(C(=O)Nc4ccncc4)cc(Cl)cc3[nH]2)c1,0,-6.854,0.03333333333333333
N#Cc1cccc(C[C@H](O)c2cc(Cl)cc(NC(=O)OCc3ccccc3)c2)c1,0,-7.557,0.09
N#Cc1cccc(N2CCN(Cc3c[nH]c4ccccc34)CC2)c1,0,-7.178,0.013333333333333334
N#Cc1cccc(NC(=O)c2cccc(OCc3c(Cl)cccc3Cl)c2)c1,0,-6.696,0.03333333333333333
N#Cc1cccc2[nH]cc(CN3CCC(c4cscn4)CC3)c12,0,-6.403,0.0033333333333333335
N#Cc1cccc2c(CN3CCC(c4cscn4)CC3)c[nH]c12,0,-6.456,0.0033333333333333335
N#Cc1ccccc1-c1ccc(S(=O)(=O)Nc2ccc(Cl)cc2C(=O)O)cc1,0,-7.38,0.15666666666666668
N#Cc1ccccc1-c1ccc([C@H](NC(=O)OCc2ccccc2)C(=O)Nc2cccc(CN)c2)cc1,0,-8.114,0.37972222222222224
N#Cc1ccccc1O[C@H]1CC[C@H](NS(=O)(=O)c2ccc(Cl)cc2C(=O)O)CC1,0,-6.498,0.02
N#Cc1csc(CN2CCC([C@H](NC(=O)OCc3ccccc3)C(=O)Nc3cccc(CN)c3)CC2)c1,0,-7.343,0.03666666666666667
N#Cc1csc(CSc2nnc(C(F)(F)F)s2)n1,0,-5.543,0.013333333333333334
N#Cc1csc2cc(C(=O)Nc3ccc4c(c3)CNC4)ccc12,0,-6.576,0.0
N/C(=N\O)c1cccc(-c2ccc3c(c2)c2cc(-c4cccc(/C(N)=N/O)c4)ccc2n3Cc2cccc(Br)c2)c1,0,-9.37,0.4266666666666667
N=C(N)NCCC[C@@H](C=O)NC(=O)[C@H](CCCCN)NC(=O)[C@H](CCCCN)NC(=O)Cc1ccc(-c2ccccc2)cc1,0,-7.762,0.3566666666666667
N=C(N)NCCC[C@H](NC(=O)C(=O)c1ccccc1)C(=O)N[C@@H](CCCCN)C(=O)N[C@@H](C(N)=O)c1ccccc1,1,-7.801,1.0
N=C(N)NCCC[C@H](NC(=O)[C@H](Cc1ccc(CN)cc1)NC(=O)c1ccccc1)B(O)O,1,-7.179,1.0
N=C(N)NCCC[C@H](NC(=O)c1ccccc1)C(=O)N[C@@H](CCCCN)C(=O)NCC(N)=O,0,-7.112,0.2966666666666667
N=C(N)NCCC[C@H](NC(=O)c1ccccc1)C(=O)N[C@@H](CCCCN)C(=O)N[C@@H](C(=O)NCc1ccc(C(N)=O)cc1)c1ccc(OCc2ccccc2)cc1,1,-9.598,1.0
N=C(N)NCCC[C@H](NC(=O)c1ccccc1)C(=O)N[C@@H](CCCCN)C(=O)N[C@@H](C(=O)NCc1ccc(CN)cc1)c1ccc(OCc2ccccc2)cc1,1,-8.519,1.0
N=C(N)NCCC[C@H](NC(=O)c1ccccc1)C(=O)N[C@@H](CCCCN)C(=O)N[C@@H](C(=O)N[C@@H]1CN(c2cccc(F)c2)C1=O)c1ccc(OCc2ccccc2)cc1,0,-8.557,0.9207525345025348
N=C(N)NCCC[C@H](NC(=O)c1ccccc1)C(=O)N[C@@H](CCCCN)C(=O)N[C@@H](C(=O)N[C@H](C(N)=O)C1CCCCC1)c1ccc(OCc2ccccc2)cc1,0,-8.097,0.4975858585858586
N=C(N)NCCC[C@H](NC(=O)c1ccccc1)C(=O)N[C@@H](CCCCN)C(=O)N[C@@H](C(=O)N[C@H]1CN(c2ccc(F)cc2)C1=O)c1ccc(OCc2ccccc2)cc1,1,-8.385,1.0
N=C(N)NCCC[C@H](NC(=O)c1ccccc1)C(=O)N[C@@H](CCCCN)C(=O)N[C@@H](C(=O)N[C@H]1CN(c2cccc(F)c2)C1=O)c1ccc(OCc2ccccc2)cc1,1,-8.954,0.9207525345025348
N=C(N)NCCC[C@H](NC(=O)c1ccccc1)C(=O)N[C@@H](CCCCN)C(=O)N[C@@H](C(=O)N[C@H]1CN(c2ccccc2)C1=O)c1ccc(OCc2ccccc2)cc1,1,0.0,1.0
N=C(N)NCCC[C@H](NC(=O)c1ccccc1)C(=O)N[C@@H](CCCCN)C(=O)N[C@@H](C(N)=O)c1ccc(OCc2ccccc2)cc1,1,-8.175,1.0
N=C(N)NCCC[C@H](NC(=O)c1ccccc1)C(=O)N[C@@H](CCCCN)C(=O)N[C@@H](C(N)=O)c1ccccc1,1,-7.119,1.0
N=C(N)NCCC[C@H](NC(=O)c1ccccc1)C(=O)N[C@@H](CCCCN)C(=O)N[C@@H]1CN(c2ccccc2)C1=O,0,-7.696,0.39775132275132274
N=C(N)NCCC[C@H](NC(=O)c1ccccc1)C(=O)N[C@@H](CCCCN)C(=O)N[C@H](C(N)=O)c1ccccc1,1,-7.612,1.0
N=C(N)NCCC[C@H](NC(=O)c1nccs1)C(=O)N[C@@H](CCCCN)C(=O)N[C@@H](C(N)=O)c1ccc(OCc2ccc(C(F)(F)F)cc2)cc1,1,-8.127,1.0
N=C(N)NCCc1ccc(NC(=O)Oc2ccccc2)cc1,0,-7.127,0.016666666666666666
N=C(N)NCCc1ccc(OC(=O)Nc2ccccc2)cc1,0,-7.629,0.013333333333333334
N=C(N)NCCc1cccc(B(O)O)c1,0,-6.037,0.03666666666666667
N=C(N)NCc1ccc(CNC(=O)[C@H](NC(=O)c2ccc(Oc3ccccc3)cc2)c2ccc(OCc3ccc(Cl)c(Cl)c3)cc2)cc1.O=C(O)C(F)(F)F,1,-8.632,1.0
N=C(N)NCc1ccc(NC(=O)Oc2ccccc2)cc1,0,-7.151,0.01
N=C(N)NCc1ccc(OC(=O)Nc2ccccc2)cc1,0,-7.181,0.01
N=C(N)N[C@H]1CC[C@H](CNC(=O)[C@H](CCCCN)NC(=O)[C@H](CCCCN)NC(=O)Cc2ccc(OCCCCS)cc2)CC1,0,-7.624,0.2227777777777778
N=C(N)Nc1ccc(CNC(=O)[C@@H](NC(=O)CC2CCCCC2)c2ccc(OCc3ccccc3)cc2)cc1.O=C(O)C(F)(F)F,1,-9.254,1.0
N=C(N)Nc1ccc(CNC(=O)[C@@H](NC(=O)Cc2ccc(-c3ccccc3)cc2)c2ccc(OCc3c(Cl)cccc3Cl)cc2)cc1.O=C(O)C(F)(F)F,1,-9.133,1.0
N=C(N)Nc1ccc(CNC(=O)[C@@H](NC(=O)Cc2ccc(-c3ccccc3)cc2)c2ccc(OCc3ccccc3)cc2)cc1.O=C(O)C(F)(F)F,1,-9.515,1.0
N=C(N)Nc1ccc(CNC(=O)[C@@H](NC(=O)c2ccc(-c3ccc(Cl)cc3)cc2)c2ccc(OCc3ccccc3)cc2)cc1.O=C(O)C(F)(F)F,1,-9.7,1.0
N=C(N)Nc1ccc(CNC(=O)[C@@H](NC(=O)c2ccc(-c3ccccc3)cc2)c2ccc(OCc3ccccc3)cc2)cc1.O=C(O)C(F)(F)F,1,-8.596,1.0
N=C(N)Nc1ccc(CNC(=O)[C@@H](NC(=O)c2ccc(-c3cccs3)s2)c2ccc(OCc3ccccc3)cc2)cc1.O=C(O)C(F)(F)F,1,-8.884,1.0
N=C(N)Nc1ccc(CNC(=O)[C@@H](NC(=O)c2ccc(OC3CCCCC3)cc2)c2ccc(OCc3ccccc3)cc2)cc1.O=C(O)C(F)(F)F,1,-8.574,1.0
N=C(N)Nc1ccc(CNC(=O)[C@@H](NC(=O)c2ccc(OCc3ccc(Cl)cc3)cc2)c2ccc(OCc3ccccc3)cc2)cc1.O=C(O)C(F)(F)F,1,-8.574,1.0
N=C(N)Nc1ccc(CNC(=O)[C@@H](NC(=O)c2ccc(OCc3ccccc3)cc2)c2ccc(OCc3ccccc3)cc2)cc1.O=C(O)C(F)(F)F,1,-8.99,1.0
N=C(N)Nc1ccc(CNC(=O)[C@@H](NC(=O)c2ccc(Oc3ccccc3)cc2)c2ccc(OCc3ccccc3)cc2)cc1.O=C(O)C(F)(F)F,1,-8.952,1.0
N=C(N)Nc1ccc(CNC(=O)[C@@H](NC(=O)c2cccc(Oc3ccccc3)c2)c2ccc(OCc3ccccc3)cc2)cc1.O=C(O)C(F)(F)F,1,-10.103,1.0
N=C(N)Nc1ccc(CNC(=O)[C@@H](NC(=O)c2ccccc2-c2ccccc2)c2ccc(OCc3ccccc3)cc2)cc1.O=C(O)C(F)(F)F,0,-8.297,0.5533333333333333
N=C(N)Nc1ccc(C[C@H](NC(=O)[C@@H](NC(=O)c2ccccc2)c2ccc(OCc3ccccc3)cc2)C(=O)N[C@@H](C(N)=O)c2ccc(OCc3ccccc3)cc2)cc1,1,-9.261,1.0
N=C(N)Nc1ccc(NC(=O)Oc2ccccc2)cc1,0,-7.3,0.02
N=C(N)Nc1ccc(OC(=O)Nc2ccccc2)cc1,0,-7.538,0.02666666666666667
N=C(N)Nc1ccc(OC(=O)c2ccc(NC(=N)N)cc2)cc1,0,-7.281,0.11666666666666667
N=C(N)c1cccc(-c2ccc3c(c2)c2cc(-c4cccc(C(=N)N)c4)ccc2n3S(=O)(=O)c2cccc(C(F)(F)F)c2)c1,1,-8.708,1.0
N=C(N)c1cccc(-c2ccc3c(c2)c2cc(-c4cccc(C(=N)N)c4)ccc2n3S(=O)(=O)c2cccc(OC(F)(F)F)c2)c1,1,-8.548,1.0
N=C(N)c1cccc(-c2ccc3c(c2)c2cc(-c4cccc(C(=N)N)c4)ccc2n3S(=O)(=O)c2ccccc2Br)c1,1,-9.453,1.0
N=C(N)c1cccc(-c2ccc3c(c2)c2cc(-c4cccc(C(=N)N)c4)ccc2n3S(=O)(=O)c2ccccc2OC(F)(F)F)c1,1,-9.021,1.0
NC(=O)C1(N2CCCCC2)CCN(C(=O)C2CCN(c3ccc(C=O)cc3)CC2)CC1,0,-7.066,0.02666666666666667
NC(=O)COc1ccc(Br)cc1[C@H](Nc1ccc2c(c1)CNC2)C(=O)NCC(F)F,0,-7.213,0.01
NC(=O)N1CCc2ccc(NC(=O)c3cccc4c3CC(=O)N4)cc21,0,-6.855,0.013333333333333334
NC(=O)[C@H](c1c[nH]c2ccccc12)N1CCC(c2cnc3ccc[nH]c2-3)CC1,0,-7.609,0.09666666666666666
NC(=O)c1[nH]c2ccc(Br)cc2c1Cc1ccc(-c2nnn[nH]2)cc1,0,-6.449,0.11
NC(=O)c1cc(Cl)ccc1NS(=O)(=O)c1ccc(-c2ccc(F)cc2)cc1,0,-7.268,0.06333333333333334
NC(=O)c1ccc(-c2ncc(OCC3CCNCC3)nc2-c2ccc(-c3ccoc3)cc2)cc1,1,-7.403,1.0
NC(=O)c1ccc(Cn2nnc(C=Cc3ccccc3)n2)cc1,0,-6.72,0.04666666666666667
NC(=O)c1ccc(N2CC[C@@H](CO)C2)cc1,0,-5.083,0.01
NC(=O)c1cccc(NC(=O)[C@@H](NC(=O)c2ccc(Oc3ccc(C(F)(F)F)cc3)cc2)c2ccc(OCc3ccccc3)cc2)c1,0,-9.195,0.24333333333333335
NC(=O)c1cccc(NC(=O)c2cc(Cl)cc(NC(=O)OCc3ccccc3)c2)c1,0,-7.918,0.01
NC(=O)c1ccccc1NS(=O)(=O)c1ccc(Oc2ccccc2Cl)cc1,0,-7.124,0.013333333333333334
NC(=O)c1cccnc1N1CCCN(c2nc(-c3cc(Cl)cc(Cl)c3)no2)CC1,0,-7.019,0.07333333333333333
NC(=O)c1cn(C2CCCC2)nc1NC(=O)c1cccc2c1CC(=O)N2,0,-6.476,0.0033333333333333335
NC(=O)c1cn(C[C@H]2CCCN2c2ccnc3ccccc23)nn1,0,-6.254,0.006666666666666667
NC(=O)c1cnccc1N1CCN(Cc2c[nH]c3ccccc23)CC1,0,-7.28,0.0033333333333333335
NC1(c2cc(C(F)(F)F)ccc2NS(=O)(=O)c2ccc(Oc3ccccc3Cl)cc2)CC1,0,-7.58,0.07333333333333333
NC1(c2cccc(NC(=O)c3cc(Cl)cc(NC(=O)OCc4ccccc4)c3)c2)CC1,0,-7.264,0.006666666666666667
NC1(c2cccc(NC(=O)c3cc(Cl)cc(NC(=O)OCc4ccccc4)c3)c2)CCC1,0,-7.336,0.016666666666666666
NC1(c2cccc(NC(=O)c3cc(Cl)cc(NC(=O)OCc4ccccc4)c3)c2)CCOCC1,0,-7.645,0.02
NC1(c2cccc(NS(=O)(=O)c3ccc(Oc4ccccc4Cl)cc3)c2)CCC1,0,-6.682,0.03666666666666667
NC1(c2cccc(NS(=O)(=O)c3ccc(Oc4ccccc4Cl)cc3)c2)CCOCC1,0,-7.212,0.03666666666666667
NC1(c2ccccc2NS(=O)(=O)c2ccc(Oc3ccccc3Cl)cc2)CC1,0,-7.668,0.07333333333333333
NC12CCC(CNC(=O)c3cc(Cl)cc(NC(=O)OCc4ccccc4)c3)(CC1)OC2,0,-7.396,0.016666666666666666
NC1CCN(C(=O)c2cc(Cl)cc(NC(=O)OCc3ccccc3)c2)CC1,0,-7.23,0.0
NC1CCN(c2ccc(NC(=O)c3cc(Cl)cc(NC(=O)OCc4ccccc4)c3)cc2)CC1,0,-8.06,0.006666666666666667
NC1CN(c2ccc(NS(=O)(=O)c3ccc(Oc4ccccc4Cl)cc3)cn2)C1,0,-6.36,0.03333333333333333
NC1CN(c2ncccc2NS(=O)(=O)c2ccc(Oc3ccccc3Cl)cc2)C1,0,-7.087,0.023333333333333334
NCC1(NC(=O)[C@H](NC(=O)OCc2ccccc2)c2ccc(OCc3ccccc3)cc2)CCCCC1,0,-8.373,0.03
NCC1(c2ccc(C(=O)N3CCc4scc(Br)c4C3)cc2)CC1,0,-6.472,0.006666666666666667
NCC12CC(NC(=O)c3cc(Cl)cc(NC(=O)OCc4ccccc4)c3)(CCO1)C2,0,-7.374,0.0
NCC1CCN(C(=O)c2cc(Cl)cc(NC(=O)OCc3ccccc3)c2)CC1,0,-6.859,0.0
NCCC1(C(=O)Nc2ccc3c(c2)C(=O)OC3)CCCC1,0,-7.054,0.0
NCCCC[C@H](NC(=O)[C@@H](NC(=O)c1ccccc1)c1ccc(OCc2ccccc2)cc1)C(=O)N[C@@H](C(N)=O)c1ccc(OCc2ccccc2)cc1,1,-8.716,1.0
NCCCC[C@H](NC(=O)c1ccccc1)C(=O)N[C@@H](C(=O)N[C@@H](C(N)=O)C1CCCCC1)c1ccc(OCc2ccccc2)cc1,1,-7.918,1.0
NCCCC[C@H](NC(=O)c1ccccc1)C(=O)N[C@@H](C(=O)N[C@H](C(N)=O)C1CCCCC1)c1ccc(OCc2ccccc2)cc1,1,-8.215,1.0
NCCCC[C@H](NC(=O)c1ccccc1)C(=O)N[C@H](C(=O)N[C@H](C(N)=O)C1CCCCC1)c1ccc(OCc2ccccc2)cc1,1,-7.334,1.0
NCCCC[C@H](NC(=O)c1ccccc1)C(=O)N[C@H](Cc1ccc(N)cc1)C(=O)NCc1ccc(OCc2ccccc2)cc1,0,-8.1,0.4
NCCCCc1ccc(NC(=O)c2cc(Cl)cc(NC(=O)OCc3ccccc3)c2)cc1,0,-7.509,0.013333333333333334
NCCCCc1ccc(NC(=O)c2cc(Cl)cc3[nH]ncc23)cc1,0,-7.016,0.0033333333333333335
NCCCOc1cc(-c2ccc(N)nc2)cc2c1COB2O,0,-6.502,0.01
NCCCOc1cc2c(c(-c3ccc(N)nc3)c1)CCB(O)O2,0,-6.206,0.03666666666666667
NCCCc1ccc(C(=O)N2CC(c3cccc(Br)c3)C2)cc1,0,-6.244,0.013333333333333334
NCCCc1ccc(F)c(NC(=O)c2cc(Cl)cc(NC(=O)OCc3ccccc3)c2)c1,0,-8.247,0.016666666666666666
NCCCc1cccc(NC(=O)c2cc(Cl)cc(NC(=O)OCc3ccccc3)c2)n1,0,-7.831,0.006666666666666667
NCCCc1ccccc1NC(=O)c1cc(Cl)cc(NC(=O)OCc2ccccc2)c1,0,-7.099,0.0
NCCCc1ccnc(NC(=O)c2cc(C3CC3)[nH]n2)c1,0,-6.476,0.0
NCCCc1ccnc(NC(=O)c2cc(C3CC3)no2)c1,0,-6.44,0.0
NCCCc1ccnc(NC(=O)c2cc(Cl)cc(NC(=O)OCc3ccccc3)c2)c1,0,-6.995,0.006666666666666667
NCCCc1ccnc(NC(=O)c2cnn3c2CCC3)c1,0,-6.727,0.0
NCCCc1ccnc(NC(=O)c2csc(C3CC3)n2)c1,0,-5.941,0.0
NCCCc1ccnc(NC(=O)c2nnc(C3CC3)s2)c1,0,-6.39,0.0
NCCCn1c(C2CC2)cc(C(=O)Nc2cc([C@H]3CCOC3)ccn2)c1C1CC1,0,-6.647,0.02
NCCNC(=O)c1cc(Cl)cc(NC(=O)OCc2ccccc2)c1,0,-6.733,0.0033333333333333335
NCCNC(=O)c1cc(Cl)ccc1NS(=O)(=O)c1ccc(Oc2ccccc2Cl)cc1,0,-7.44,0.01
NCCNS(=O)(=O)c1ccc(NC(=O)c2cc(Cl)cc(NC(=O)OCc3ccccc3)c2)cc1,0,-7.474,0.043055555555555555
NCCOc1ccnc(NS(=O)(=O)c2ccc(Oc3ccccc3Cl)cc2)c1,0,-6.626,0.03333333333333333
NCCc1cc(C(=O)Nc2cc(-c3cccnc3)ccn2)no1,0,-6.62,0.0
NCCc1cc(Cl)cc(C(=O)Nc2cccc(CN)c2)c1,0,-6.447,0.01
NCCc1ccc(CNC(=O)[C@@H](NC(=O)OCc2ccccc2)c2ccc(OCc3ccccc3)cc2)cc1,0,-8.239,0.20666666666666667
NCCc1ccc(NC(=O)c2cc(Cl)cc(CN)c2)cc1,0,-6.588,0.013333333333333334
NCCc1ccc(NC(=O)c2cc(Cl)cc(NC(=O)OCc3ccccc3)c2)cc1,0,-7.376,0.0
NCCc1ccc(NC(=O)c2cc(Cl)cc3[nH]ncc23)cc1,0,-6.42,0.0
NCCc1ccc([C@H]2C[C@@H]2c2cc(Cl)cc(NC(=O)OCc3ccccc3)c2)cc1,0,-7.685,0.016666666666666666
NCCc1cccc(-c2cccc([C@@H](NC(=O)OCc3ccccc3)C(=O)Nc3cccc(CN)c3)c2)c1,0,-8.101,0.15555555555555556
NCCc1cccc(NC(=O)[C@H]2[C@H]3CCCCC[C@H]3[C@H]2NC(=O)OCc2ccccc2)c1,1,-7.951,1.0
NCCc1cccc(NC(=O)c2cc(Cl)cc(NC(=O)OCc3ccccc3)c2)c1,0,-7.508,0.0
NCCc1cccc(NC(=O)c2cc(Cl)cc3[nH]ncc23)c1,0,-6.922,0.0
NCCc1cccc(NC(=O)c2cccc3c2CC(=O)N3)c1,0,-6.487,0.006666666666666667
NCCc1csc2cc(C(=O)Nc3cc([C@H]4CCOC4)ccn3)ccc12,0,-7.341,0.0
NCCc1csc2cc(C(=O)Nc3ccc4c(c3)CNC4)ccc12,0,-7.298,0.006666666666666667
NCCc1nsc(NC(=O)c2cc(Cl)cc(NC(=O)OCc3ccccc3)c2)n1,0,-7.384,0.01
NC[C@@H](NC(=O)c1cc(Cl)cc(NC(=O)OCc2ccccc2)c1)c1ccccc1,0,-7.377,0.006666666666666667
NC[C@@H]1CN(c2cc(-c3ccc(N)nc3)cc3c2COB3O)C(=O)O1,0,-6.498,0.01
NC[C@@H]1CN(c2cc(N3CC[C@H](N)C3)cc3c2COB3O)C(=O)O1,0,-6.817,0.016666666666666666
NC[C@H]1CCN1C(=O)[C@@H](NC(=O)OCc1ccccc1)c1ccc(OCc2ccccc2)cc1,0,-7.582,0.01
NC[C@H]1CC[C@@H](CNC(=O)[C@@H](NC(=O)OCc2ccccc2)c2ccc(OCc3ccccc3)cc2)CC1,0,-7.85,0.006666666666666667
NC[C@H]1CC[C@@H](NC(=O)c2cc(Cl)cc3[nH]ncc23)CC1,0,-6.629,0.006666666666666667
NC[C@H]1CC[C@H](CNC(=O)[C@@H](NC(=O)OCc2ccccc2)c2ccc(OCc3ccccc3)cc2)CC1,0,-7.805,0.006666666666666667
NC[C@H]1CC[C@H](CNC(=O)c2cc(Cl)cc(NC(=O)OCc3ccccc3)c2)CC1,0,-7.224,0.016666666666666666
NC[C@H]1CC[C@H](NC(=O)[C@@H](NC(=O)OCc2ccccc2)c2ccc(OCc3ccccc3)cc2)CC1,0,-7.707,0.02666666666666667
NC[C@H]1CC[C@H](NC(=O)c2cc(Cl)cc(NC(=O)OCc3ccccc3)c2)CC1,0,-7.639,0.0033333333333333335
NC[C@H]1CC[C@H](NC(=O)c2cc(Cl)cc3[nH]ncc23)CC1,0,-6.22,0.006666666666666667
NC[C@H]1C[C@@H](CNC(=O)c2cc(Cl)cc(NC(=O)OCc3ccccc3)c2)CCO1,0,-6.522,0.0033333333333333335
NC[C@H]1C[C@@H](NC(=O)[C@@H](NC(=O)OCc2ccccc2)c2ccc(OCc3ccccc3)cc2)C1,0,-7.902,0.04303030303030304
NC[C@H]1C[C@@H](NC(=O)c2cc(Cl)ccc2NS(=O)(=O)c2ccc(Oc3ccccc3Cl)cc2)C1,0,-7.801,0.016666666666666666
NC[C@H]1C[C@@H]1NC(=O)c1cc(Cl)cc(NC(=O)OCc2ccccc2)c1,0,-6.937,0.0033333333333333335
NC[C@H]1C[C@H]1NC(=O)c1cc(Cl)cc(NC(=O)OCc2ccccc2)c1,0,-7.431,0.0033333333333333335
NC[C@H]1C[C@](F)(CNC(=O)c2cc(Cl)cc(NC(=O)OCc3ccccc3)c2)C1,0,-7.306,0.01
NC[C@H]1OCCc2sc(C(=O)Nc3cc(-c4cccnc4)ccn3)cc21,0,-6.944,0.01
NC[C@]1(F)C[C@@H](NC(=O)c2cc(Cl)cc(NC(=O)OCc3ccccc3)c2)C1,0,-7.465,0.006666666666666667
NC[C@]12CC[C@](NC(=O)c3cc(Cl)cc(NC(=O)OCc4ccccc4)c3)(CO1)C2,0,-7.304,0.0033333333333333335
NCc1cc(-c2ccncc2)cc([C@@H]2C[C@H]2c2cc(Cl)cc(NC(=O)OCc3ccccc3)c2)c1,0,-7.731,0.07
NCc1cc(/C=C/C(=O)O)cc(NC(=O)c2cc(Cl)cc(NC(=O)OCc3ccccc3)c2)c1,0,-7.663,0.05333333333333334
NCc1cc(Br)cc(NC(=O)c2cc(Cl)cc(NC(=O)OCc3ccccc3)c2)c1,0,-7.237,0.03666666666666667
NCc1cc(Br)cc([C@H]2C[C@@H]2c2cc(Cl)cc(NC(=O)OCc3ccccc3)c2)c1,0,-7.439,0.03
NCc1cc(C(=O)N2CCNC(=O)C2)cc([C@@H]2C[C@H]2c2cc(Cl)cc(NC(=O)OCc3ccccc3)c2)c1,0,-7.865,0.043333333333333335
NCc1cc(C(=O)N2CCOCC2)cc([C@@H]2C[C@H]2c2cc(Cl)cc(NC(=O)OCc3ccccc3)c2)c1,0,6.735,0.02666666666666667
NCc1cc(C(=O)N[C@H]2CCCOC2)cc([C@@H]2C[C@H]2c2cc(Cl)cc(NC(=O)OCc3ccccc3)c2)c1,0,-7.414,0.03
NCc1cc(C(=O)O)cc([C@@H]2C[C@H]2c2cc(Cl)cc(NC(=O)OCc3ccccc3)c2)c1,0,-7.411,0.06
NCc1cc(C(F)(F)F)cc(-c2ccc3[nH]c(C(=O)O)cc3c2)n1,0,-7.635,0.016666666666666666
NCc1cc(C=C2CC(C(=O)O)C2)cc(NC(=O)c2cc(Cl)cc(NC(=O)OCc3ccccc3)c2)c1,0,-7.713,0.06666666666666667
NCc1cc(CC(=O)O)cc(NC(=O)c2cc(Cl)cc(NC(=O)OCc3ccccc3)c2)c1,0,-6.853,0.04
NCc1cc(CC(=O)O)cc([C@H]2C[C@@H]2c2cc(Cl)cc(NC(=O)OCc3ccccc3)c2)c1,0,-7.553,0.04
NCc1cc(CCc2cc(Cl)cc(NC(=O)OCc3ccccc3)c2)cc(C(=O)O)c1,0,-6.933,0.043333333333333335
NCc1cc(CO)cc([C@H]2C[C@@H]2c2cc(Cl)cc(NC(=O)OCc3ccccc3)c2)c1,0,-6.966,0.03
NCc1cc(Cl)cc(-c2ccc3[nH]c(C(=O)O)cc3c2)c1,0,-6.764,0.016666666666666666
NCc1cc(Cl)cc(C(=O)Nc2cc([C@H]3CCOC3)ccn2)c1,0,-6.21,0.0
NCc1cc(Cl)cc(C(=O)Nc2ccc3c(c2)C(=O)OC3)c1,0,-6.634,0.0
NCc1cc(Cl)cc(C(=O)Nc2ccc3c(c2)CNC3)c1,0,-6.855,0.0033333333333333335
NCc1cc(Cl)cc(C(=O)Nc2cccc(-c3nn[nH]n3)c2)c1,0,-7.354,0.006666666666666667
NCc1cc(Cl)cc(C(=O)Nc2cccc(C3CCNCC3)c2)c1,0,-6.875,0.0033333333333333335
NCc1cc(Cl)ccc1NS(=O)(=O)c1ccc(Oc2ccccc2Cl)cc1,0,-6.754,0.006666666666666667
NCc1cc(F)cc(NC(=O)c2cc(Cl)cc(NC(=O)OCc3ccccc3)c2)c1,0,-6.979,0.006666666666666667
NCc1cc(NC(=O)c2cc(Cl)cc(NC(=O)OCc3ccccc3)c2)cc(-c2ccc(OCC(=O)O)nc2)c1,0,-7.402,0.20333333333333334
NCc1cc(NC(=O)c2cc(Cl)cc(NC(=O)OCc3ccccc3)c2)cc(-c2ccc3c(c2)C[C@H](C(=O)O)CO3)c1,0,-7.852,0.2733333333333333
NCc1cc(NC(=O)c2cc(Cl)cc(NC(=O)OCc3ccccc3)c2)cc(-c2cccc(CC(=O)O)c2)c1,0,-7.978,0.12666666666666668
NCc1cc(NC(=O)c2cc(Cl)cc(NC(=O)OCc3ccccc3)c2)cc(-c2csc(CC(=O)O)c2)c1,0,-8.263,0.10333333333333333
NCc1cc(NC(=O)c2cc(Cl)cc(NC(=O)OCc3ccccc3)c2)cc(C2=CC[C@H](C(=O)O)C2)c1,0,-8.355,0.06333333333333334
NCc1cc(NC(=O)c2cc(Cl)cc(NC(=O)OCc3ccccc3)c2)cc(C2=CC[C@H](C(=O)O)CC2)c1,0,-8.638,0.043333333333333335
NCc1cc(NC(=O)c2cc(Cl)cc(NC(=O)OCc3ccccc3)c2)cc(C2CC2)c1,0,-7.224,0.02
NCc1cc(NC(=O)c2cc(Cl)cc(NC(=O)OCc3ccccc3)c2)cc([C@@H]2C[C@H]2C(=O)O)c1,0,-7.565,0.09333333333333334
NCc1cc(NS(=O)(=O)c2ccc(Oc3ccccc3Cl)cc2)ccc1Cl,0,-7.291,0.006666666666666667
NCc1cc(S(=O)(=O)Nc2ccc(Cl)cc2C(=O)NCC(F)(F)F)ccc1Oc1ccccc1,0,-6.871,0.043333333333333335
NCc1cc(S(=O)(=O)Nc2ccc(Cl)cc2C(=O)O)ccc1Oc1ccccc1,0,-6.745,0.09666666666666666
NCc1ccc(-c2cc(CNCC3CCNCC3)sc2-c2ccc(CN)cc2)cc1,0,-6.888,0.17
NCc1ccc(-c2ccc(NCC3CCNCC3)nc2-c2ccc(-c3ccoc3)cc2)cc1,1,-7.822,1.0
NCc1ccc(-c2ccc(OCC3CCNCC3)nc2-c2ccc(-c3ccoc3)cc2)cc1,0,-7.352,0.44
NCc1ccc(-c2csc3cc(C(=O)Nc4ccc5c(c4)CNC5)ccc23)cc1,0,-7.74,0.12666666666666668
NCc1ccc(-c2ncc(NCC3CCNCC3)nc2-c2ccc(-c3ccoc3)cc2)cc1,1,-7.475,1.0
NCc1ccc(-c2ncc(OCC3CCNCC3)nc2-c2ccc(-c3ccncc3)cc2)cc1,0,-7.503,0.48333333333333334
NCc1ccc(-c2ncc(OCC3CCNCC3)nc2-c2ccc(-c3ccoc3)cc2)cc1,0,-7.344,0.51
NCc1ccc(-c2ncc(OCC3CCNCC3)nc2-c2ccc(-c3cn[nH]c3)cc2)cc1,1,-7.242,1.0
NCc1ccc(-c2ncc(OCC3CCNCC3)nc2-c2ccc(C3CCOCC3)cc2)cc1,0,-8.125,0.36666666666666664
NCc1ccc(-c2ncc(OCC3CCNCC3)nc2-c2ccc(Oc3ccccc3)cc2)cc1,0,-7.227,0.38
NCc1ccc(-c2ncc(OCC3CCNCC3)nc2-c2ccc3[nH]ccc3c2)cc1,1,-7.563,1.0
NCc1ccc(/C=C/C(=O)C(=O)N2CCOCC2)cc1,0,-5.952,0.03333333333333333
NCc1ccc(C#CCO)c(NC(=O)c2cc(Cl)cc(NC(=O)OCc3ccccc3)c2)c1,0,-6.92,0.03
NCc1ccc(C(=O)O)c(NC(=O)c2cc(Cl)cc(NC(=O)OCc3ccccc3)c2)c1,0,-7.706,0.02
NCc1ccc(CNC(=O)[C@@H](NC(=O)OCc2ccccc2)c2ccc(OCc3ccccc3)cc2)cc1,1,-8.612,0.9966666666666667
NCc1ccc(CNC(=O)c2cc(Cl)cc(NC(=O)OCc3ccccc3)c2)c(F)c1,0,-7.86,0.0033333333333333335
NCc1ccc(CNC(=O)c2cc(Cl)cc(NC(=O)OCc3ccccc3)c2)cc1,0,-7.228,0.0033333333333333335
NCc1ccc(COc2ccc(-c3ccc(N)nc3)c3c2OB(O)CC3)cc1,0,-7.133,0.06666666666666667
NCc1ccc(C[C@H](NC(=O)OCc2ccccc2)C(=O)Nc2cccc(CN)c2)cc1,0,-6.834,0.046363636363636364
NCc1ccc(F)c(NC(=O)c2cc(Cl)cc(NC(=O)OCc3ccccc3)c2)c1,0,-7.492,0.01
NCc1ccc(I)c(NC(=O)c2cc(Cl)cc(NC(=O)OCc3ccccc3)c2)c1,0,-7.224,0.09333333333333334
NCc1ccc(NC(=O)[C@H]2[C@H]3CCCCC[C@H]3[C@H]2NC(=O)OCc2ccccc2)cc1,0,-7.214,0.06
NCc1ccc(NC(=O)c2cc(Cl)cc(NC(=O)OCc3ccccc3)c2)cc1,0,-6.976,0.0
NCc1ccc(NC(=O)c2cc(Cl)cc3[nH]ncc23)cc1,0,-7.041,0.0
NCc1ccc(NC(=O)c2cc(Cl)cc3[nH]ncc23)cc1F,0,-7.301,0.0033333333333333335
NCc1ccc(NS(=O)(=O)c2ccc(Oc3ccccc3Cl)cc2)cc1,0,-6.554,0.01
NCc1ccc(NS(=O)(=O)c2ccc(Oc3ccccc3Cl)cc2)cc1Cl,0,-6.642,0.013333333333333334
NCc1ccc(O)c(NC(=O)c2cc(Cl)cc(NC(=O)OCc3ccccc3)c2)c1,0,-7.342,0.05333333333333334
NCc1ccc(Oc2ccc(S(=O)(=O)Nc3ccc(Cl)cc3C(=O)NCC(F)(F)F)cc2)cc1,0,-8.063,0.11333333333333333
NCc1ccc(Oc2ccc(S(=O)(=O)Nc3ccc(Cl)cc3C(=O)O)cc2)cc1,0,-6.831,0.11333333333333333
NCc1ccc([C@H]2C[C@@H]2c2cc(Cl)cc(NC(=O)OCc3ccccc3)c2)cc1,0,-7.466,0.0
NCc1ccc2c(c1)CCC[C@H]2NCc1cc(Cl)cc2c1OCC2,0,-7.369,0.0033333333333333335
NCc1ccc2c(c1)N(C(=O)[C@@H](NC(=O)OCc1ccccc1)c1ccc(OCc3ccccc3)cc1)CC2,0,-7.852,0.02
NCc1ccc2c(c1)[C@H](N1CCCC1=O)C[C@H](c1cc(Cl)cc(NC(=O)OCc3ccccc3)c1)N2,0,-7.686,0.03333333333333333
NCc1ccc2c(c1)[C@H]1OCCC[C@H]1[C@H](c1cc(Cl)cc(NC(=O)OCc3ccccc3)c1)N2,0,-7.128,0.016666666666666666
NCc1ccc2nc(-c3cc(Cl)cc(NC(=O)OCc4ccccc4)c3)c(CCCO)cc2c1,0,-7.472,0.16333333333333333
NCc1cccc(-c2csc3cc(C(=O)Nc4ccc5c(c4)CNC5)ccc23)c1,0,-7.813,0.09666666666666666
NCc1cccc(/C=C/c2cc(Cl)cc(NC(=O)OCc3ccccc3)c2)c1,0,-7.381,0.04666666666666667
NCc1cccc(C(=O)Nc2cc(Cl)cc(NC(=O)OCc3ccccc3)c2)c1,0,-7.517,0.0033333333333333335
NCc1cccc(CCc2cc(Cl)cc(NC(=O)OCc3ccccc3)c2)c1,0,-7.466,0.01
NCc1cccc(CNC(=O)[C@@H](NC(=O)OCc2ccccc2)c2ccc(OCc3ccccc3)cc2)c1,0,-8.503,0.2633333333333333
NCc1cccc(CNC(=O)[C@@H](NC(=O)OCc2ccccc2)c2ccc(OCc3ccccc3)cc2)n1,0,-8.076,0.049166666666666664
NCc1cccc(CNC(=O)[C@H](NC(=O)OCc2ccccc2)c2ccc(OCc3ccccc3)cc2)c1,0,-7.544,0.2633333333333333
NCc1cccc(CNC(=O)[C@H]2[C@H]3CCCCC[C@H]3[C@H]2NC(=O)OCc2ccccc2)c1,0,-7.655,0.24
NCc1cccc(CNC(=O)c2cc(Cl)cc(NC(=O)OCc3ccccc3)c2)c1,0,-8.032,0.0
NCc1cccc(CS(=O)(=O)c2cc(Cl)cc(NC(=O)OCc3ccccc3)c2)c1,0,-7.587,0.02666666666666667
NCc1cccc(N(C(=O)CNC(=O)OCc2ccccc2)c2ccc(OCc3ccccc3)cc2)c1,0,-7.843,0.09482473544973545
NCc1cccc(N2CCN(C(=O)OCc3ccccc3)[C@H](c3ccc(OCc4ccccc4)cc3)C2=O)c1,0,-8.315,0.03666666666666667
NCc1cccc(NC(=O)C2(CNC(=O)OCc3ccccc3)CCCC2)c1,0,-7.286,0.006666666666666667
NCc1cccc(NC(=O)C2CCNCC2)c1,0,-5.621,0.01
NCc1cccc(NC(=O)CN(C(=O)OCc2ccccc2)c2ccc(OCc3ccccc3)cc2)c1,0,-8.143,0.06815806878306879
NCc1cccc(NC(=O)CN2CCN(C(=O)OCc3ccccc3)CC2)c1,0,-7.579,0.01
NCc1cccc(NC(=O)C[C@@H](NC(=O)OCc2ccccc2)C2CCCCC2)c1,0,-6.897,0.01
NCc1cccc(NC(=O)C[C@@H](NC(=O)OCc2ccccc2)c2ccc(Cl)c(Br)c2)c1,0,-7.547,0.11666666666666667
NCc1cccc(NC(=O)C[C@@H](NC(=O)OCc2ccccc2)c2ccc(OCc3ccccc3)cc2)c1,0,-7.613,0.328991822991823
NCc1cccc(NC(=O)C[C@@H](NC(=O)OCc2ccccc2)c2ccc3c(c2)OCO3)c1,0,-7.993,0.03333333333333333
NCc1cccc(NC(=O)C[C@@H]2[C@H]3CC[C@H](C3)N2C(=O)OCc2ccccc2)c1,0,-7.06,0.0
NCc1cccc(NC(=O)C[C@H](CC(N)=O)c2ccc(F)cc2)c1,0,-6.768,0.02
NCc1cccc(NC(=O)C[C@H](NC(=O)OCc2ccccc2)C2CCCCC2)c1,0,-7.7,0.01
NCc1cccc(NC(=O)C[C@H](NC(=O)OCc2ccccc2)c2ccc(Br)cc2)c1,0,-7.866,0.06
NCc1cccc(NC(=O)C[C@H](NC(=O)OCc2ccccc2)c2ccc(C(F)(F)F)cc2)c1,0,-7.844,0.02666666666666667
NCc1cccc(NC(=O)C[C@H](NC(=O)OCc2ccccc2)c2ccc(Cl)c(Br)c2)c1,0,-7.698,0.11666666666666667
NCc1cccc(NC(=O)C[C@H](NC(=O)OCc2ccccc2)c2ccc(Cl)c(F)c2)c1,0,-7.414,0.043333333333333335
NCc1cccc(NC(=O)C[C@H](NC(=O)OCc2ccccc2)c2ccc(OC(F)(F)F)cc2)c1,0,-7.412,0.04296296296296297
NCc1cccc(NC(=O)C[C@H](NC(=O)OCc2ccccc2)c2ccc(OCc3ccccc3)c(Br)c2)c1,1,-7.718,1.0
NCc1cccc(NC(=O)Cc2cc(Cl)cc(NC(=O)OCc3ccccc3)c2)c1,0,-7.133,0.0033333333333333335
NCc1cccc(NC(=O)Cc2cccc(Oc3ccncc3Br)c2)c1,0,-6.771,0.03
NCc1cccc(NC(=O)[C@@H](Cc2ccccc2)NC(=O)OCc2ccccc2)c1,0,-7.364,0.013333333333333334
NCc1cccc(NC(=O)[C@@H](N)c2ccc(OCc3ccccc3)cc2)c1,0,-7.968,0.016666666666666666
NCc1cccc(NC(=O)[C@@H](NC(=O)OCc2ccccc2)C(C2CCC2)C2CCC2)c1,0,-6.956,0.11
NCc1cccc(NC(=O)[C@@H](NC(=O)OCc2ccccc2)C2CCCCC2)c1,0,-7.158,0.006666666666666667
NCc1cccc(NC(=O)[C@@H](NC(=O)OCc2ccccc2)C2CCN(C(=O)C3CC3)CC2)c1,0,-8.367,0.006666666666666667
NCc1cccc(NC(=O)[C@@H](NC(=O)OCc2ccccc2)C2CCN(C(=O)c3cscn3)CC2)c1,0,-8.345,0.02
NCc1cccc(NC(=O)[C@@H](NC(=O)OCc2ccccc2)C2CCN(C3CCOCC3)CC2)c1,0,-7.943,0.016666666666666666
NCc1cccc(NC(=O)[C@@H](NC(=O)OCc2ccccc2)C2CCN(Cc3cccnc3)CC2)c1,0,-7.333,0.0033333333333333335
NCc1cccc(NC(=O)[C@@H](NC(=O)OCc2ccccc2)C2CCN(Cc3ccncc3)CC2)c1,0,-7.673,0.006666666666666667
NCc1cccc(NC(=O)[C@@H](NC(=O)OCc2ccccc2)C2CCN(Cc3cn[nH]c3)CC2)c1,0,-7.809,0.016666666666666666
NCc1cccc(NC(=O)[C@@H](NC(=O)OCc2ccccc2)C2CCN(S(=O)(=O)C3CCCC3)CC2)c1,0,-7.877,0.016666666666666666
NCc1cccc(NC(=O)[C@@H](NC(=O)OCc2ccccc2)C2CCN(S(=O)(=O)Cc3cscn3)CC2)c1,0,-7.287,0.013333333333333334
NCc1cccc(NC(=O)[C@@H](NC(=O)OCc2ccccc2)C2CCN(S(=O)(=O)Cc3ncon3)CC2)c1,0,-7.746,0.01
NCc1cccc(NC(=O)[C@@H](NC(=O)OCc2ccccc2)C2CCN(S(=O)(=O)[C@H]3CCOC3)CC2)c1,0,-7.861,0.01
NCc1cccc(NC(=O)[C@@H](NC(=O)OCc2ccccc2)c2c(F)cccc2F)c1,0,-7.964,0.006666666666666667
NCc1cccc(NC(=O)[C@@H](NC(=O)OCc2ccccc2)c2cc(F)cc(F)c2)c1,0,-7.251,0.006666666666666667
NCc1cccc(NC(=O)[C@@H](NC(=O)OCc2ccccc2)c2ccc(-c3cc4cccnc4s3)cc2)c1,1,-7.885,1.0
NCc1cccc(NC(=O)[C@@H](NC(=O)OCc2ccccc2)c2ccc(-c3ccc(N)nc3)cc2)c1,0,-7.643,0.049375
NCc1cccc(NC(=O)[C@@H](NC(=O)OCc2ccccc2)c2ccc(-c3ccc4cn[nH]c4c3)cc2)c1,1,-8.378,1.0
NCc1cccc(NC(=O)[C@@H](NC(=O)OCc2ccccc2)c2ccc(-c3ccc4scnc4c3)cc2)c1,0,-7.476,0.5066666666666667
NCc1cccc(NC(=O)[C@@H](NC(=O)OCc2ccccc2)c2ccc(-c3cccc(F)c3)cc2)c1,1,-7.802,1.0
NCc1cccc(NC(=O)[C@@H](NC(=O)OCc2ccccc2)c2ccc(-c3cccc4c3CCO4)cc2)c1,0,-8.198,0.16629629629629628
NCc1cccc(NC(=O)[C@@H](NC(=O)OCc2ccccc2)c2ccc(-c3cccc4nonc34)cc2)c1,1,-7.907,1.0
NCc1cccc(NC(=O)[C@@H](NC(=O)OCc2ccccc2)c2ccc(-c3ccccc3F)cc2)c1,0,-8.21,0.45666666666666667
NCc1cccc(NC(=O)[C@@H](NC(=O)OCc2ccccc2)c2ccc(-c3cccnc3F)cc2)c1,0,-7.967,0.13333333333333333
NCc1cccc(NC(=O)[C@@H](NC(=O)OCc2ccccc2)c2ccc(-c3ccnc(N)c3)cc2)c1,0,-7.992,0.05604166666666666
NCc1cccc(NC(=O)[C@@H](NC(=O)OCc2ccccc2)c2ccc(-c3ccnc4[nH]ccc34)cc2)c1,0,-8.154,0.38333333333333336
NCc1cccc(NC(=O)[C@@H](NC(=O)OCc2ccccc2)c2ccc(-c3ccncc3F)cc2)c1,0,-8.066,0.08
NCc1cccc(NC(=O)[C@@H](NC(=O)OCc2ccccc2)c2ccc(-c3cncnc3)cc2)c1,0,-7.436,0.05
NCc1cccc(NC(=O)[C@@H](NC(=O)OCc2ccccc2)c2ccc(Br)c(Cl)c2)c1,1,-8.155,1.0
NCc1cccc(NC(=O)[C@@H](NC(=O)OCc2ccccc2)c2ccc(Br)cc2)c1,0,-7.166,0.023333333333333334
NCc1cccc(NC(=O)[C@@H](NC(=O)OCc2ccccc2)c2ccc(C(F)(F)F)cc2)c1,0,-7.334,0.02
NCc1cccc(NC(=O)[C@@H](NC(=O)OCc2ccccc2)c2ccc(C3=CCCOC3)cc2)c1,0,-7.655,0.023333333333333334
NCc1cccc(NC(=O)[C@@H](NC(=O)OCc2ccccc2)c2ccc(Cl)cc2)c1,0,-6.92,0.01
NCc1cccc(NC(=O)[C@@H](NC(=O)OCc2ccccc2)c2ccc(F)cc2F)c1,0,-8.262,0.0033333333333333335
NCc1cccc(NC(=O)[C@@H](NC(=O)OCc2ccccc2)c2ccc(OCC3CCOCC3)cc2)c1,0,-7.62,0.0
NCc1cccc(NC(=O)[C@@H](NC(=O)OCc2ccccc2)c2ccc(OCCN3CCCCC3)cc2)c1,0,-7.484,0.006666666666666667
NCc1cccc(NC(=O)[C@@H](NC(=O)OCc2ccccc2)c2ccc(OC[C@H]3CCCCO3)cc2)c1,0,-7.55,0.0
NCc1cccc(NC(=O)[C@@H](NC(=O)OCc2ccccc2)c2ccc(OC[C@H]3CCS(=O)(=O)C3)cc2)c1,0,-8.389,0.006666666666666667
NCc1cccc(NC(=O)[C@@H](NC(=O)OCc2ccccc2)c2ccc(OCc3ccccc3)cc2)c1,0,-8.13,0.9287119685869685
NCc1cccc(NC(=O)[C@@H](NC(=O)OCc2ccccc2)c2ccc(OCc3ccccn3)cc2)c1,0,-7.029,0.009444444444444445
NCc1cccc(NC(=O)[C@@H](NC(=O)OCc2ccccc2)c2ccc(OCc3cnccn3)cc2)c1,0,-7.544,0.0
NCc1cccc(NC(=O)[C@@H](NC(=O)OCc2ccccc2)c2ccc(OCc3nc4c(s3)COCC4)cc2)c1,0,-7.784,0.03333333333333333
NCc1cccc(NC(=O)[C@@H](NC(=O)OCc2ccccc2)c2ccc(OCc3ncccn3)cc2)c1,0,-8.419,0.0
NCc1cccc(NC(=O)[C@@H](NC(=O)OCc2ccccc2)c2cccc(-c3ccc(CN)cc3F)c2)c1,0,-8.006,0.15255411255411255
NCc1cccc(NC(=O)[C@@H](NC(=O)OCc2ccccc2)c2cccc(-c3ccc(N)nc3)c2)c1,0,-7.938,0.029375
NCc1cccc(NC(=O)[C@@H](NC(=O)OCc2ccccc2)c2cccc(-c3cncnc3)c2)c1,0,-8.87,0.023333333333333334
NCc1cccc(NC(=O)[C@@H](NC(=O)OCc2ccccc2)c2cccc(Br)c2)c1,0,-7.159,0.03
NCc1cccc(NC(=O)[C@@H](NC(=O)OCc2ccccc2)c2cccc(F)c2F)c1,0,-7.974,0.01
NCc1cccc(NC(=O)[C@@H](NC(=O)OCc2ccccc2)c2cccc(OCC3CCC3)c2)c1,0,-7.369,0.023333333333333334
NCc1cccc(NC(=O)[C@@H](NC(=O)OCc2ccccc2)c2cccc(OC[C@H]3CCCO3)c2)c1,0,-7.944,0.0
NCc1cccc(NC(=O)[C@@H](NC(=O)OCc2ccccc2)c2cccc(OCc3cncnc3)c2)c1,0,-7.487,0.0
NCc1cccc(NC(=O)[C@@H](NC(=O)OCc2ccccc2)c2cccnc2)c1,0,-7.385,0.0
NCc1cccc(NC(=O)[C@@H](NC(=O)c2cccnc2)c2ccc(OCc3ccccc3)cc2)c1,0,-7.599,0.006666666666666667
NCc1cccc(NC(=O)[C@@H](NS(=O)(=O)CCc2ccccc2)c2ccc(OCc3ccccc3)cc2)c1,0,-7.562,0.013333333333333334
NCc1cccc(NC(=O)[C@@H](NS(=O)(=O)C[C@H]2CCCCO2)c2ccc(OCc3ccccc3)cc2)c1,0,-8.005,0.0
NCc1cccc(NC(=O)[C@@H](NS(=O)(=O)c2ccccc2F)c2ccc(OCc3ccccc3)cc2)c1,0,-8.837,0.02666666666666667
NCc1cccc(NC(=O)[C@@H](NS(=O)(=O)c2ccccn2)c2ccc(OCc3ccccc3)cc2)c1,0,-7.886,0.01
NCc1cccc(NC(=O)[C@@H]2CCCCN2)c1,0,-6.344,0.0033333333333333335
NCc1cccc(NC(=O)[C@@H]2CCC[C@@H](NC(=O)OCc3ccccc3)C2)c1,0,-7.253,0.0
NCc1cccc(NC(=O)[C@@H]2CCC[C@H](NC(=O)OCc3ccccc3)C2)c1,0,-7.083,0.0
NCc1cccc(NC(=O)[C@@H]2CCC[C@H](OC(F)(F)F)C2)c1,0,-6.7,0.013333333333333334
NCc1cccc(NC(=O)[C@@H]2CCC[C@]3(CCNC3=O)C2)c1,0,-6.836,0.006666666666666667
NCc1cccc(NC(=O)[C@@H]2C[C@@H](O)CN2C(=O)C23CC4CC(CC(C4)C2)C3)c1,0,-8.101,0.03333333333333333
NCc1cccc(NC(=O)[C@@H]2C[C@@H]3CC[C@H]2N3C(=O)OCc2ccccc2)c1,0,-7.486,0.0
NCc1cccc(NC(=O)[C@@H]2C[C@H](NC(=O)OCc3ccccc3)[C@H]3C[C@H]32)c1,0,-6.97,0.01
NCc1cccc(NC(=O)[C@@H]2Cc3ccc(OCc4ccccc4)cc3CN2C(=O)OCc2ccccc2)c1,0,-8.586,0.03333333333333333
NCc1cccc(NC(=O)[C@@H]2[C@@H]3CCCCC[C@@H]3[C@@H]2NC(=O)OCc2ccccc2)c1,0,-8.072,0.06
NCc1cccc(NC(=O)[C@@H]2[C@H](N)[C@@H]3CCCCC[C@@H]32)c1,0,-7.23,0.006666666666666667
NCc1cccc(NC(=O)[C@@H]2c3ccsc3CCN2C(=O)OCc2ccccc2)c1,0,-7.601,0.0033333333333333335
NCc1cccc(NC(=O)[C@@]23CCC[C@H](C2)N3C(=O)OCc2ccccc2)c1,0,0.0,0.013333333333333334
NCc1cccc(NC(=O)[C@@]23C[C@@H](NC(=O)OCc4ccccc4)C[C@@H]2C3)c1,0,-7.104,0.013333333333333334
NCc1cccc(NC(=O)[C@H](NC(=O)C2CCC2)c2ccc(OCc3ccccc3)cc2)c1,0,-7.697,0.05
NCc1cccc(NC(=O)[C@H](NC(=O)C2CCCCC2)c2ccc(OCc3ccccc3)cc2)c1,0,-8.225,0.08
NCc1cccc(NC(=O)[C@H](NC(=O)CCc2ccccc2)c2ccc(OCc3ccccc3)cc2)c1,0,-8.339,0.1520185185185185
NCc1cccc(NC(=O)[C@H](NC(=O)COc2ccccc2)c2ccc(OCc3ccccc3)cc2)c1,0,-7.375,0.10779803992303995
NCc1cccc(NC(=O)[C@H](NC(=O)Cc2ccccc2)c2ccc(OCc3ccccc3)cc2)c1,0,-7.819,0.13331842231842234
NCc1cccc(NC(=O)[C@H](NC(=O)Cn2cccn2)c2ccc(OCc3ccccc3)cc2)c1,0,-7.44,0.026363636363636363
NCc1cccc(NC(=O)[C@H](NC(=O)OCc2ccccc2)C(C2CCC2)C2CCC2)c1,0,-7.998,0.11
NCc1cccc(NC(=O)[C@H](NC(=O)OCc2ccccc2)C2CCC(c3ccccc3)CC2)c1,1,-7.673,1.0
NCc1cccc(NC(=O)[C@H](NC(=O)OCc2ccccc2)C2CCCCC2)c1,0,-7.006,0.006666666666666667
NCc1cccc(NC(=O)[C@H](NC(=O)OCc2ccccc2)C2CCN(C(=O)C3CCCCC3)CC2)c1,0,-7.818,0.03666666666666667
NCc1cccc(NC(=O)[C@H](NC(=O)OCc2ccccc2)C2CCN(C(=O)C3CCOCC3)CC2)c1,0,-7.982,0.0033333333333333335
NCc1cccc(NC(=O)[C@H](NC(=O)OCc2ccccc2)C2CCN(C(=O)Cc3ccccc3)CC2)c1,0,-7.778,0.013333333333333334
NCc1cccc(NC(=O)[C@H](NC(=O)OCc2ccccc2)C2CCN(C(=O)Cn3ccnc3)CC2)c1,0,-7.06,0.0033333333333333335
NCc1cccc(NC(=O)[C@H](NC(=O)OCc2ccccc2)C2CCN(C(=O)[C@H]3C[C@H](O)C3)CC2)c1,0,-7.62,0.013333333333333334
NCc1cccc(NC(=O)[C@H](NC(=O)OCc2ccccc2)C2CCN(C(=O)c3ccccc3)CC2)c1,0,-7.83,0.023333333333333334
NCc1cccc(NC(=O)[C@H](NC(=O)OCc2ccccc2)C2CCN(C(=O)c3ccco3)CC2)c1,0,-7.337,0.0033333333333333335
NCc1cccc(NC(=O)[C@H](NC(=O)OCc2ccccc2)C2CCN(C3CCCC3)CC2)c1,0,-7.748,0.043333333333333335
NCc1cccc(NC(=O)[C@H](NC(=O)OCc2ccccc2)C2CCN(CCc3ccccc3)CC2)c1,0,-7.742,0.09666666666666666
NCc1cccc(NC(=O)[C@H](NC(=O)OCc2ccccc2)C2CCN(Cc3ccccc3)CC2)c1,0,-8.27,0.05
NCc1cccc(NC(=O)[C@H](NC(=O)OCc2ccccc2)C2CCN(Cc3ccccn3)CC2)c1,0,-7.804,0.0033333333333333335
NCc1cccc(NC(=O)[C@H](NC(=O)OCc2ccccc2)C2CCN(S(=O)(=O)c3ccccc3)CC2)c1,0,-7.3,0.04
NCc1cccc(NC(=O)[C@H](NC(=O)OCc2ccccc2)C2CCN(S(=O)(=O)c3cccnc3)CC2)c1,0,-8.403,0.0033333333333333335
NCc1cccc(NC(=O)[C@H](NC(=O)OCc2ccccc2)C2CCNCC2)c1,0,-6.97,0.0033333333333333335
NCc1cccc(NC(=O)[C@H](NC(=O)OCc2ccccc2)c2ccc(Br)c(Cl)c2)c1,1,-7.858,1.0
NCc1cccc(NC(=O)[C@H](NC(=O)OCc2ccccc2)c2ccc(Br)c(F)c2)c1,0,-7.567,0.056666666666666664
NCc1cccc(NC(=O)[C@H](NC(=O)OCc2ccccc2)c2ccc(Br)cc2F)c1,0,-7.374,0.04666666666666667
NCc1cccc(NC(=O)[C@H](NC(=O)OCc2ccccc2)c2ccc(CO)cc2)c1,0,-7.441,0.009333333333333332
NCc1cccc(NC(=O)[C@H](NC(=O)OCc2ccccc2)c2ccc(OCC3CCC3)cc2)c1,0,-7.598,0.0393939393939394
NCc1cccc(NC(=O)[C@H](NC(=O)OCc2ccccc2)c2ccc(OCCc3cscn3)cc2)c1,0,-7.772,0.028727272727272723
NCc1cccc(NC(=O)[C@H](NC(=O)OCc2ccccc2)c2ccc(OCc3ccccc3)c(Br)c2)c1,0,-7.847,0.24201058201058198
NCc1cccc(NC(=O)[C@H](NC(=O)OCc2ccccc2)c2ccc(OCc3ccccc3)cc2)c1,1,-7.571,0.9287119685869685
NCc1cccc(NC(=O)[C@H](NC(=O)OCc2ccccc2)c2ccc(OCc3ccncn3)cc2)c1,0,-8.021,0.0033333333333333335
NCc1cccc(NC(=O)[C@H](NC(=O)OCc2ccccc2)c2cccc(-c3ccc(S(N)(=O)=O)cc3)c2)c1,0,-8.166,0.12666666666666668
NCc1cccc(NC(=O)[C@H](NC(=O)OCc2ccccc2)c2cccc(-c3ccc4c(c3)CC(=O)N4)c2)c1,0,-7.837,0.09333333333333334
NCc1cccc(NC(=O)[C@H](NC(=O)OCc2ccccc2)c2cccc(-c3ccccn3)c2)c1,0,-8.09,0.07
NCc1cccc(NC(=O)[C@H](NC(=O)OCc2ccccc2)c2cccc(-c3ccnc(N)c3)c2)c1,0,-8.256,0.029375
NCc1cccc(NC(=O)[C@H](NC(=O)OCc2ccccc2)c2cccc(-c3cncc(F)c3)c2)c1,0,-7.68,0.06333333333333334
NCc1cccc(NC(=O)[C@H](NC(=O)OCc2ccccc2)c2cccc(C3=CCCOC3)c2)c1,0,-7.494,0.03
NCc1cccc(NC(=O)[C@H](NC(=O)OCc2ccccc2)c2cccc(OCC3CCOCC3)c2)c1,0,-7.766,0.0033333333333333335
NCc1cccc(NC(=O)[C@H](NC(=O)OCc2ccccc2)c2cccc(OCCn3cccn3)c2)c1,0,-8.417,0.006666666666666667
NCc1cccc(NC(=O)[C@H](NC(=O)OCc2ccccc2)c2cccc(OC[C@H]3COCCO3)c2)c1,0,-8.948,0.027685185185185184
NCc1cccc(NC(=O)[C@H](NC(=O)OCc2ccccc2)c2cccc(OCc3ccccn3)c2)c1,0,-7.628,0.006666666666666667
NCc1cccc(NC(=O)[C@H](NC(=O)OCc2ccccc2)c2cccc(OCc3ccncc3)c2)c1,0,-8.238,0.01
NCc1cccc(NC(=O)[C@H](NC(=O)OCc2ccccc2)c2cccc(OCc3ncccn3)c2)c1,0,-7.519,0.0033333333333333335
NCc1cccc(NC(=O)[C@H](NC(=O)[C@H]2CCOC2)c2ccc(OCc3ccccc3)cc2)c1,0,-7.277,0.006666666666666667
NCc1cccc(NC(=O)[C@H](NC(=O)c2ccccc2Cl)c2ccc(OCc3ccccc3)cc2)c1,0,-7.458,0.15156369556369556
NCc1cccc(NC(=O)[C@H](NC(=O)c2ccncc2)c2ccc(OCc3ccccc3)cc2)c1,0,-7.508,0.006666666666666667
NCc1cccc(NC(=O)[C@H](NC(=O)c2ccns2)c2ccc(OCc3ccccc3)cc2)c1,0,-7.153,0.02666666666666667
NCc1cccc(NC(=O)[C@H](NS(=O)(=O)C2CCCCC2)c2ccc(OCc3ccccc3)cc2)c1,0,-7.184,0.013333333333333334
NCc1cccc(NC(=O)[C@H](NS(=O)(=O)CC2CCC2)c2ccc(OCc3ccccc3)cc2)c1,0,-8.503,0.023333333333333334
NCc1cccc(NC(=O)[C@H](NS(=O)(=O)C[C@H]2COCCO2)c2ccc(OCc3ccccc3)cc2)c1,0,-7.977,0.0033333333333333335
NCc1cccc(NC(=O)[C@H](NS(=O)(=O)Cc2ccccc2)c2ccc(OCc3ccccc3)cc2)c1,0,-7.741,0.02
NCc1cccc(NC(=O)[C@H](NS(=O)(=O)c2ccc(Oc3ccccc3Cl)cc2)c2ccc(OCc3ccccc3)cc2)c1,0,-7.809,0.16055555555555556
NCc1cccc(NC(=O)[C@H](NS(=O)(=O)c2cccc(Cl)c2)c2ccc(OCc3ccccc3)cc2)c1,0,-7.22,0.0662962962962963
NCc1cccc(NC(=O)[C@H](NS(=O)(=O)c2cccnc2)c2ccc(OCc3ccccc3)cc2)c1,0,-8.45,0.01
NCc1cccc(NC(=O)[C@H]2CC(=O)Nc3ccc(Br)cc32)c1,0,-6.975,0.0
NCc1cccc(NC(=O)[C@H]2CCCN(C(=O)CC3CC3)C2)c1,0,-6.968,0.0
NCc1cccc(NC(=O)[C@H]2CCOC3(CCC3)C2)c1,0,-6.113,0.0
NCc1cccc(NC(=O)[C@H]2CCc3nnc(-c4ccc(F)cc4)n3C2)c1,0,-7.02,0.01
NCc1cccc(NC(=O)[C@H]2CCc3nnc(C4CC4)n3C2)c1,0,-6.556,0.0033333333333333335
NCc1cccc(NC(=O)[C@H]2COCC3(CCC3)O2)c1,0,-5.775,0.0033333333333333335
NCc1cccc(NC(=O)[C@H]2C[C@@H](C(F)(F)F)C[C@@H](C(F)(F)F)C2)c1,0,-7.199,0.02
NCc1cccc(NC(=O)[C@H]2[C@@H]3CC[C@@H](C3)[C@H]2NC(=O)OCc2ccccc2)c1,0,-7.609,0.01
NCc1cccc(NC(=O)[C@H]2[C@H]3CCCCC[C@H]3[C@H]2NC(=O)OCc2ccccc2)c1,0,-7.241,0.06
NCc1cccc(NC(=O)[C@H]2[C@H]3CCCC[C@H]3[C@@H]2NC(=O)OCc2ccccc2)c1,0,-7.341,0.03666666666666667
NCc1cccc(NC(=O)[C@H]2[C@H]3CCC[C@H]3[C@@H]2NC(=O)OCc2ccccc2)c1,0,-7.432,0.013333333333333334
NCc1cccc(NC(=O)[C@H]2c3ccc(Br)cc3CCN2C(=O)OCc2ccccc2)c1,0,-7.254,0.013333333333333334
NCc1cccc(NC(=O)[C@H]2c3ccc(Br)cc3OCCN2C(=O)OCc2ccccc2)c1,0,-8.229,0.02
NCc1cccc(NC(=O)[C@H]2c3ccc(OCc4ccccc4)cc3CCN2C(=O)OCc2ccccc2)c1,0,-8.723,0.03
NCc1cccc(NC(=O)[C@H]2c3ccccc3CCN2C(=O)OCc2ccccc2)c1,0,-6.867,0.0033333333333333335
NCc1cccc(NC(=O)[C@]2(NC(=O)OCc3ccccc3)CCOc3ccccc32)c1,0,-8.075,0.0
NCc1cccc(NC(=O)[C@]2(NC(=O)OCc3ccccc3)COc3cc(Br)ccc32)c1,0,-7.282,0.023333333333333334
NCc1cccc(NC(=O)c2c(C(F)(F)F)nc3n2CCCC3)c1,0,-6.821,0.0
NCc1cccc(NC(=O)c2c(C(F)F)nc3cnccn23)c1,0,-6.511,0.0
NCc1cccc(NC(=O)c2c(F)c(Cl)cc(NC(=O)OCc3ccccc3)c2F)c1,0,-7.123,0.03333333333333333
NCc1cccc(NC(=O)c2cc(Br)cc(-n3cnnn3)c2)c1,0,-6.939,0.006666666666666667
NCc1cccc(NC(=O)c2cc(Br)cc(NC(=O)OCc3ccccc3)c2)c1,0,-7.135,0.006666666666666667
NCc1cccc(NC(=O)c2cc(Br)cc3[nH]ccc23)c1,0,-6.446,0.0
NCc1cccc(NC(=O)c2cc(Br)cnc2OCC2CC2)c1,0,-6.794,0.0
NCc1cccc(NC(=O)c2cc(C(F)(F)F)ccc2SC2CCCC2)c1,0,-7.481,0.006666666666666667
NCc1cccc(NC(=O)c2cc(C(F)(F)F)cnc2N2CCOCC2)c1,0,-7.288,0.0
NCc1cccc(NC(=O)c2cc(C(F)(F)F)nn2CC2CCC2)c1,0,-6.822,0.0
NCc1cccc(NC(=O)c2cc(C3CC3)n3nc(C(F)(F)F)cc3n2)c1,0,-7.652,0.0033333333333333335
NCc1cccc(NC(=O)c2cc(C3CC3)n3nccc3n2)c1,0,-7.04,0.0
NCc1cccc(NC(=O)c2cc(C3CC3)nc3c(Cl)cnn23)c1,0,-6.662,0.0
NCc1cccc(NC(=O)c2cc(C3CC3)nc3ccc(Cl)cc23)c1,0,-7.236,0.006666666666666667
NCc1cccc(NC(=O)c2cc(C3CC3)nn2-c2ccccc2)c1,0,-6.795,0.006666666666666667
NCc1cccc(NC(=O)c2cc(C3CCCCC3)nc3ccc(F)cc23)c1,0,-7.174,0.006666666666666667
NCc1cccc(NC(=O)c2cc(CO)cc(NC(=O)OCc3ccccc3)c2)c1,0,-7.425,0.01
NCc1cccc(NC(=O)c2cc(Cl)cc(-n3cccc3)c2)c1,0,-6.207,0.01
NCc1cccc(NC(=O)c2cc(Cl)cc(C(N)=O)c2)c1,0,-6.128,0.01
NCc1cccc(NC(=O)c2cc(Cl)cc(C3CC3)c2)c1,0,-6.949,0.0033333333333333335
NCc1cccc(NC(=O)c2cc(Cl)cc(CN)c2)c1,0,-5.911,0.013333333333333334
NCc1cccc(NC(=O)c2cc(Cl)cc(CN3CCOCC3)c2)c1,0,-6.952,0.0033333333333333335
NCc1cccc(NC(=O)c2cc(Cl)cc(CNC(=O)OCc3ccccc3)c2)c1,0,-7.505,0.0
NCc1cccc(NC(=O)c2cc(Cl)cc(Cl)c2)c1,0,-6.017,0.0033333333333333335
NCc1cccc(NC(=O)c2cc(Cl)cc(Cl)c2O)c1,0,-6.79,0.07666666666666666
NCc1cccc(NC(=O)c2cc(Cl)cc(Cl)c2OCc2ccccc2)c1,0,-7.012,0.02666666666666667
NCc1cccc(NC(=O)c2cc(Cl)cc(F)c2F)c1,0,-6.562,0.01
NCc1cccc(NC(=O)c2cc(Cl)cc(N3CCCC3)c2)c1,0,-6.869,0.0
NCc1cccc(NC(=O)c2cc(Cl)cc(N3CCCC3=O)c2)c1,0,-7.211,0.0
NCc1cccc(NC(=O)c2cc(Cl)cc(NC(=O)NCc3ccccc3)c2)c1,0,-7.589,0.0
NCc1cccc(NC(=O)c2cc(Cl)cc(NC(=O)OCc3ccccc3)c2)c1,0,-6.72,0.0
NCc1cccc(NC(=O)c2cc(Cl)cc(OC3CC3)c2)c1,0,-6.628,0.0
NCc1cccc(NC(=O)c2cc(Cl)cc([C@H]3CCCCN3)c2)c1,0,-7.236,0.0033333333333333335
NCc1cccc(NC(=O)c2cc(Cl)cc3[nH]ncc23)c1,0,-7.273,0.0
NCc1cccc(NC(=O)c2cc(Cl)cc3c2CCC3)c1,0,-7.562,0.0
NCc1cccc(NC(=O)c2cc(Cl)cc3c2NCCC3)c1,0,-6.466,0.0
NCc1cccc(NC(=O)c2cc(Cl)cc3c2OCC3)c1,0,-6.496,0.0
NCc1cccc(NC(=O)c2cc(Cl)cc3c2OCCNC3)c1,0,-7.374,0.0
NCc1cccc(NC(=O)c2cc(Cl)cc3c2cnn3CC2CC2)c1,0,-6.883,0.0
NCc1cccc(NC(=O)c2cc(Cl)ccc2-n2cncn2)c1,0,-6.119,0.0
NCc1cccc(NC(=O)c2cc(Cl)ccc2NS(=O)(=O)c2ccc(Oc3ccccc3Cl)cc2)c1,0,-8.143,0.09
NCc1cccc(NC(=O)c2cc(Cl)ccc2NS(=O)(=O)c2ccccc2)c1,0,-7.394,0.023333333333333334
NCc1cccc(NC(=O)c2cc(Cl)ccc2OC2CCCC2)c1,0,-6.649,0.0
NCc1cccc(NC(=O)c2cc(Cl)ccc2OCC(F)(F)F)c1,0,-6.376,0.006666666666666667
NCc1cccc(NC(=O)c2cc(Cl)ccc2Oc2cccc(Cl)c2)c1,0,-6.824,0.02
NCc1cccc(NC(=O)c2cc(F)cc(NC(=O)OCc3ccccc3)c2F)c1,0,-8.463,0.013333333333333334
NCc1cccc(NC(=O)c2cc(N)cc(Cl)c2)c1,0,-5.781,0.006666666666666667
NCc1cccc(NC(=O)c2cc(N)cc(NC(=O)OCc3ccccc3)c2)c1,0,-7.504,0.0
NCc1cccc(NC(=O)c2cc(NC(=O)OCc3ccccc3)c(=O)n3c2CCCC3)c1,0,-7.622,0.016666666666666666
NCc1cccc(NC(=O)c2cc(NC(=O)OCc3ccccc3)cc(C(F)(F)F)c2)c1,0,-8.141,0.006666666666666667
NCc1cccc(NC(=O)c2cc(NC(=O)OCc3ccccc3)cc(C(F)(F)F)c2F)c1,0,-7.906,0.02
NCc1cccc(NC(=O)c2cc(NC(=O)OCc3ccccc3)cc(C(N)=O)c2)c1,0,-7.789,0.02666666666666667
NCc1cccc(NC(=O)c2cc(NC(=O)OCc3ccccc3)cc(C3CC3)c2)c1,0,-7.722,0.01
NCc1cccc(NC(=O)c2cc(NC(=O)OCc3ccccc3)cc(Cl)c2Cl)c1,0,-7.072,0.03333333333333333
NCc1cccc(NC(=O)c2cc(NC(=O)OCc3ccccc3)cc3c2OC(F)(F)O3)c1,0,-8.178,0.07
NCc1cccc(NC(=O)c2cc(NC(=O)OCc3ccccc3)cc3c2OCCO3)c1,0,-7.218,0.02666666666666667
NCc1cccc(NC(=O)c2cc(NC(=O)OCc3ccccc3)ccc2C(F)(F)F)c1,0,-8.482,0.0033333333333333335
NCc1cccc(NC(=O)c2cc(OCc3ccccc3)ccc2CNC(=O)OCc2ccccc2)c1,0,-7.332,0.2863800505050504
NCc1cccc(NC(=O)c2cc3c(F)cc(F)c(F)c3[nH]2)c1,0,-6.884,0.043333333333333335
NCc1cccc(NC(=O)c2cc3c(c(NC(=O)OCc4ccccc4)c2)OCC3)c1,0,-7.429,0.0033333333333333335
NCc1cccc(NC(=O)c2ccc(=O)n(Cc3ccccc3Cl)c2)c1,0,-7.197,0.0
NCc1cccc(NC(=O)c2ccc(F)c(NC(=O)OCc3ccccc3)c2F)c1,0,-7.959,0.013333333333333334
NCc1cccc(NC(=O)c2ccc(OCC(F)(F)F)c(NC(=O)OCc3ccccc3)c2)c1,0,-8.04,0.01
NCc1cccc(NC(=O)c2cccc(CN)c2)c1,0,-6.289,0.03333333333333333
NCc1cccc(NC(=O)c2cccc(Oc3ccc(Cl)c(Cl)c3)n2)c1,0,-7.082,0.03333333333333333
NCc1cccc(NC(=O)c2cccc3c2CC(=O)N3)c1,0,-6.681,0.006666666666666667
NCc1cccc(NC(=O)c2cccc3c2CCC3)c1,0,-6.676,0.006666666666666667
NCc1cccc(NC(=O)c2cccc3c2O[C@H](c2ccccc2)C(=O)N3)c1,0,-7.416,0.02
NCc1cccc(NC(=O)c2cccn3cc(CN4CCCC4)nc23)c1,0,-6.41,0.0033333333333333335
NCc1cccc(NC(=O)c2ccnc3[nH]c(C4CCOCC4)nc23)c1,0,-6.493,0.0033333333333333335
NCc1cccc(NC(=O)c2cncc(Cl)c2)c1,0,-6.187,0.0
NCc1cccc(NC(=O)c2nc(=O)cc(NC(=O)OCc3ccccc3)[nH]2)c1,0,-7.764,0.03666666666666667
NCc1cccc(NC(=O)c2nc(C3CC3)n(-c3ccccc3Cl)n2)c1,0,-7.715,0.013333333333333334
NCc1cccc(NC(=O)c2nn(-c3ccc(Cl)c(F)c3)c3c2CCC3)c1,0,-8.002,0.006666666666666667
NCc1cccc(NC(=O)c2nn(-c3ccccc3F)cc2Br)c1,0,-6.399,0.01
NCc1cccc(NS(=O)(=O)c2cc(Cl)cc(NC(=O)OCc3ccccc3)c2)c1,0,-7.337,0.02666666666666667
NCc1cccc(N[C@H](C#CCO)c2cc(Cl)cc(NC(=O)OCc3ccccc3)c2)c1,0,-7.982,0.06
NCc1cccc(Oc2ccc(S(=O)(=O)Nc3ccc(Cl)cc3C(=O)NCC(F)(F)F)cc2)c1,0,-7.151,0.06333333333333334
NCc1cccc(S(=O)(=O)Cc2cc(Cl)cc(NC(=O)OCc3ccccc3)c2)c1,0,-6.959,0.02
NCc1cccc(S(=O)(=O)Nc2cc(Cl)cc(NC(=O)OCc3ccccc3)c2)c1,0,-7.429,0.013333333333333334
NCc1cccc([C@@H]2C[C@H]2c2cc(Cl)cc(NC(=O)OCc3ccccc3)c2)c1,0,-7.527,0.0
NCc1cccc([C@@H]2[C@H](C(=O)O)[C@H]2c2cc(N)cc(Cl)c2)c1,0,-6.282,0.05333333333333334
NCc1cccc([C@H](C#CCO)Nc2cc(Cl)cc(NC(=O)OCc3ccccc3)c2)c1,0,-7.076,0.04666666666666667
NCc1cccc([C@H](CCCO)Nc2cc(Cl)cc(NC(=O)OCc3ccccc3)c2)c1,0,-7.414,0.04
NCc1cccc([C@H]2C[C@@H]2c2cc(Cl)cc(NC(=O)OCc3ccccc3)c2)c1,0,-7.742,0.0
NCc1ccccc1C(=O)Nc1ccc2c(c1)C(=O)OC2,0,-6.628,0.0033333333333333335
NCc1ccccc1C1CCN(C(=O)[C@@]23CNC[C@]2(C(F)(F)F)C3)CC1,0,-7.301,0.0
NCc1ccccc1C1CCN(C(=O)[C@H]2CCN3CC[C@H]2C3)CC1,0,-7.24,0.006666666666666667
NCc1ccccc1NC(=O)c1cc(Cl)cc(NC(=O)OCc2ccccc2)c1,0,-7.247,0.0
NCc1ccccc1Oc1ccc(S(=O)(=O)Nc2ccc(Cl)cc2C(=O)NCC(F)(F)F)cc1,0,-7.597,0.043333333333333335
NCc1ccccc1Oc1ccc(S(=O)(=O)Nc2ccc(Cl)cc2C(=O)O)cc1,0,-7.157,0.07333333333333333
NCc1cccnc1NS(=O)(=O)c1ccc(Oc2ccccc2Cl)cc1,0,-6.731,0.0033333333333333335
NCc1ccnc(CNC(=O)[C@@H](NC(=O)OCc2ccccc2)c2ccc(OCc3ccccc3)cc2)c1,0,-7.025,0.0425
NCc1ccncc1NS(=O)(=O)c1ccc(Oc2ccccc2Cl)cc1,0,-6.543,0.0033333333333333335
NCc1cn(CCNC(=O)c2cc(Cl)cc(NC(=O)OCc3ccccc3)c2)nn1,0,-6.983,0.01
NCc1csc2cc(C(=O)Nc3cc([C@H]4CCOC4)ccn3)ccc12,0,-7.165,0.0
NCc1csc2cc(C(=O)Nc3ccc4c(c3)CNC4)ccc12,0,-7.811,0.0033333333333333335
NCc1nc(-c2ccc(NC(=O)c3cc(Cl)cc(NC(=O)OCc4ccccc4)c3)cc2)n[nH]1,0,-7.613,0.13
NCc1nc(CNC(=O)c2cc(Cl)cc(NC(=O)OCc3ccccc3)c2)cs1,0,-7.277,0.0
NCc1nc2cc(Cl)ccc2n1Cc1ccc(-c2nn[nH]n2)cc1,0,-6.362,0.043333333333333335
NCc1nccc(NC(=O)c2cc(Cl)cc(NC(=O)OCc3ccccc3)c2)n1,0,-7.128,0.01
NS(=O)(=O)c1cc(Cl)cc(C(=O)Nc2ccc3c(c2)CNC3)c1,0,-7.616,0.006666666666666667
NS(=O)(=O)c1cc(F)c(Cl)cc1N1CCN(c2ccnc(O)c2)CC1,0,-6.724,0.02
NS(=O)(=O)c1cc(F)cc(C(=O)Nc2ccc3c(c2)CNC3)c1,0,-7.948,0.006666666666666667
NS(=O)(=O)c1ccc(C(F)F)cc1-c1ccc2[nH]c(C(=O)O)cc2c1,0,-7.514,0.08333333333333333
NS(=O)(=O)c1ccc(N2CCC=C(c3cccc(O)c3)C2)c2ncccc12,0,-7.135,0.07333333333333333
NS(=O)(=O)c1cccc(-c2ccc(S(=O)(=O)Nc3ccc(Cl)cc3C(=O)O)cc2)c1,0,-7.229,0.21
NS(=O)(=O)c1cccc(N2CCN(Cc3c[nH]c4ccccc34)CC2)c1,0,-7.52,0.0
NS(=O)(=O)c1ccccc1N1CCN(Cc2c[nH]c3ccccc23)CC1,0,-7.388,0.0033333333333333335
N[C@@H](CCO)c1cccc(NC(=O)c2cc(Cl)cc(NC(=O)OCc3ccccc3)c2)c1,0,-7.396,0.016666666666666666
N[C@@H](Cc1c[nH]cn1)C(=O)N1CCC2(CC1)OCCc1cc(O)ccc12,0,-7.201,0.02666666666666667
N[C@@H]1CC[C@H](CCNC(=O)c2cc(Cl)cc(NC(=O)OCc3ccccc3)c2)C1,0,-6.462,0.0
N[C@@H]1CC[C@H](NC(=O)c2cc(Cl)cc(NC(=O)OCc3ccccc3)c2)C1,0,-7.163,0.0
N[C@H](CO)c1cccc(NC(=O)c2cc(Cl)cc(NC(=O)OCc3ccccc3)c2)c1,0,-7.939,0.0033333333333333335
N[C@H]1CCCc2ccc(NC(=O)c3cc(Cl)cc(NC(=O)OCc4ccccc4)c3)cc21,0,-7.294,0.006666666666666667
N[C@H]1CCCc2ccc(NC(=O)c3cc(Cl)cc4[nH]ncc34)cc21,0,-8.035,0.0
N[C@H]1CCN(c2ccc(NC(=O)c3cc(Cl)cc(NC(=O)OCc4ccccc4)c3)cc2)C1,0,-7.954,0.0033333333333333335
N[C@H]1CCN(c2ccc(NS(=O)(=O)c3ccc(Oc4ccccc4Cl)cc3)cc2)C1,0,-7.059,0.05333333333333334
N[C@H]1CCOc2ccc(NC(=O)c3cc(Cl)cc(NC(=O)OCc4ccccc4)c3)cc21,0,-7.055,0.013333333333333334
N[C@H]1CC[C@H](CNC(=O)[C@@H](NC(=O)OCc2ccccc2)c2ccc(OCc3ccccc3)cc2)CC1,0,-7.357,0.016666666666666666
N[C@H]1CC[C@H](NC(=O)[C@@H](NC(=O)OCc2ccccc2)c2ccc(OCc3ccccc3)cc2)CC1,0,-7.556,0.023333333333333334
N[C@H]1CC[C@H](NC(=O)c2cc(Cl)cc(NC(=O)OCc3ccccc3)c2)C1,0,-6.697,0.0
N[C@H]1CC[C@H](c2ccc(NC(=O)c3cc(Cl)cc(NC(=O)OCc4ccccc4)c3)cc2)C1,0,-7.947,0.02
N[C@H]1CC[C@H](c2ccc(NC(=O)c3cc(Cl)cc4[nH]ncc34)cc2)C1,0,-7.822,0.006666666666666667
N[C@H]1CCc2cc(-c3ccn(-c4ccccc4)n3)ccc2C1,0,-7.912,0.03333333333333333
N[C@H]1CCc2cc(NC(=O)c3cc(Cl)cc(NC(=O)OCc4ccccc4)c3)ccc21,0,-7.321,0.0033333333333333335
N[C@H]1CCc2cc(NC(=O)c3cc(Cl)cc4[nH]ncc34)ccc21,0,-7.426,0.0
N[C@H]1CCc2ccc(NC(=O)c3cc(Cl)cc(NC(=O)OCc4ccccc4)c3)cc21,0,-8.209,0.006666666666666667
N[C@H]1CCc2ccc(NC(=O)c3cc(Cl)cc4[nH]ncc34)cc21,0,-6.722,0.0
N[C@H]1CCc2ncc(NS(=O)(=O)c3ccc(Oc4ccccc4Cl)cc3)cc2C1,0,-6.695,0.023333333333333334
N[C@H]1COC[C@H]1n1cc(C(=O)Nc2cc(-c3cccnc3)ccn2)cn1,0,-7.022,0.0033333333333333335
N[C@H]1Cc2ccc(NC(=O)c3cc(Cl)cc(NC(=O)OCc4ccccc4)c3)cc2C1,0,-7.911,0.0033333333333333335
N[C@H]1Cc2ccc(NC(=O)c3cc(Cl)cc4[nH]ncc34)cc2C1,0,-8.135,0.0
N[C@H]1Cc2ccc(NC(=O)c3cccc4c3CC(=O)N4)cc2C1,0,-7.799,0.0033333333333333335
N[C@]12CCC[C@](C(=O)NCc3ccc4c(c3)CCNCC4)(CC1)C2,0,-7.402,0.03666666666666667
Nc1cc(Cl)cc(C(=O)Nc2ccc3c(c2)CNC3)c1N,0,-7.376,0.013333333333333334
Nc1cc(N)c(/N=N/c2ccc(S(=O)(=O)Nc3nccs3)cc2)cc1/N=N/c1ccc(S(=O)(=O)Nc2nccs2)cc1,1,-8.145,1.0
Nc1cc(OC(=O)c2ccc(-c3ccccc3)cc2)nn1S(=O)(=O)c1ccccc1,1,-7.501,0.9966666666666667
Nc1ccc(/C=C/C(=O)C(=O)N2CCN(CCc3ccccc3)CC2)cc1,0,-7.213,0.03
Nc1ccc(C(=O)Nc2nc3ccccc3s2)nc1,0,-6.591,0.02
Nc1ccc(C(=O)Oc2cc(N)n(S(=O)(=O)c3ccc(Br)cc3)n2)cc1,1,-6.919,0.9966666666666667
Nc1ccc(C(=O)Oc2cc(N)n(S(=O)(=O)c3ccc(Oc4ccccc4)cc3)n2)cc1,1,-7.472,0.9966666666666667
Nc1ccc(CNC(=O)[C@@H](NC(=O)OCc2ccccc2)c2ccc(OCc3ccccc3)cc2)nc1,0,-7.298,0.03133333333333333
Nc1ccc(NC(=O)c2cc(Cl)cc3[nH]ncc23)cn1,0,-6.218,0.006666666666666667
Nc1ccc2ccc(B(O)O)cc2c1,0,-5.461,0.11666666666666667
Nc1cccc(NC(=O)c2cc(Cl)cc(NC(=O)OCc3ccccc3)c2)c1,0,-7.232,0.006666666666666667
Nc1cccc(NC(=O)c2cc(Cl)cc(NC(=O)OCc3ccccc3)c2)n1,0,-7.119,0.03666666666666667
Nc1ccncc1-c1cc(F)cc(C(=O)Nc2ccc3c(c2)CNC3)c1,0,-7.832,0.02
Nc1n[nH]c2cc(C(=O)Nc3ccc4c(c3)CNC4)ccc12,0,-7.047,0.02
Nc1nc(S(=O)(=O)c2ccccc2)c(Cl)s1,0,-5.137,0.09333333333333334
Nc1nc2c(Br)cc(C(=O)Nc3ccc4c(c3)CNC4)cc2s1,0,-6.645,0.006666666666666667
Nc1nc2ccc(NC(=O)c3cc(Cl)cc(NC(=O)OCc4ccccc4)c3)cc2[nH]1,0,-7.582,0.04666666666666667
Nc1nccc(C(=O)Nc2ccc3c(c2)CNC3)n1,0,-6.324,0.006666666666666667
Nc1noc2cccc(C(=O)Nc3ccc4c(c3)CNC4)c12,0,-6.57,0.01
O.O=C([O-])c1ccccc1-c1c2cc(I)c(=O)c(I)c-2oc2c(I)c([O-])c(I)cc12.[Na+].[Na+],0,-7.449,0.12
O=C(/C=C/c1ccc(N2CCNCC2)cc1)C(=O)N1CCOCC1,0,-6.152,0.05333333333333334
O=C(C(=O)N1CCOCC1)c1c[nH]c2ccccc12,0,-5.924,0.05333333333333334
O=C(CCCCCCCCc1ccc(O)cc1)c1c(O)cc(O)cc1O,1,-7.779,1.0
O=C(CN(CC1CC2C=CC1C2)C(=O)c1ccc(C2(C(F)(F)F)N=N2)cc1)Nc1nc2cc(O)c(O)cc2s1,0,-8.222,0.07944444444444446
O=C(CSc1cccc(Br)c1)Nc1ccc2c(c1)CNC2,0,-6.415,0.013333333333333334
O=C(C[C@H](NC(=O)c1ccccc1)C(=O)Nc1nc2cc(O)c(O)cc2s1)Nc1ccccc1,1,-7.598,1.0
O=C(Cc1ccc2ncsc2c1)Nc1ccc2c(c1)CNC2,0,-5.619,0.01
O=C(Cc1cccc2[nH]ncc12)Nc1ccc2c(c1)CNC2,0,-7.092,0.03
O=C(Cn1ccnc(N2CC[C@H](CO)C2)c1=O)N1CCOCC1,0,-6.271,0.0
O=C(Cn1ccnc(N2CC[C@H](CO)C2)c1=O)NCc1cc[nH]n1,0,-6.293,0.006666666666666667
O=C(Cn1ccnc(N2CC[C@H](CO)C2)c1=O)NCc1cccs1,0,-6.355,0.0
O=C(Cn1ccnc(N2CC[C@H](CO)C2)c1=O)NCc1ccsc1,0,-6.073,0.0
O=C(Cn1ccnc(N2CC[C@H](CO)C2)c1=O)NCc1nccs1,0,-5.486,0.006666666666666667
O=C(Cn1ccnc(N2CC[C@H](CO)C2)c1=O)N[C@H]1CCOC1,0,-5.958,0.0
O=C(Cn1ccnc(N2CC[C@H](CO)C2)c1=O)Nc1ccccc1,0,-6.375,0.0
O=C(NC1CCCCC1)c1cc(Cl)ccc1NS(=O)(=O)c1ccc(Oc2ccccc2Cl)cc1,0,-6.939,0.04666666666666667
O=C(NC1CCNCC1)c1c[nH]c2cc(-c3ccncc3)ccc12,1,-6.794,1.0
O=C(NC1CCOCC1)[C@H](Nc1ccc2c(c1)CNC2)c1cc(Cl)cc(C2CC2)c1,0,-7.891,0.013333333333333334
O=C(NC1CCOCC1)[C@H](Nc1ccc2c(c1)CNC2)c1cc(Cl)cc2[nH]ncc12,0,-7.271,0.0033333333333333335
O=C(NCC(F)(F)F)c1cc(Cl)c(F)cc1NS(=O)(=O)c1ccc(Oc2ccccc2Cl)cc1,1,-6.912,1.0
O=C(NCC(F)F)[C@H](Nc1cc2c(cc1Br)CNC2)c1cc(Cl)cc(C2CC2)c1,0,-8.028,0.006666666666666667
O=C(NCC(F)F)[C@H](Nc1ccc2c(c1)CNC2)c1cc(Br)cc2[nH]ccc12,0,-6.629,0.006666666666666667
O=C(NCC(F)F)[C@H](Nc1ccc2c(c1)CNC2)c1cc(Br)cc2ccccc12,0,-7.767,0.03
O=C(NCC(F)F)[C@H](Nc1ccc2c(c1)CNC2)c1cc(Br)cc2cn[nH]c12,0,-6.499,0.0
O=C(NCC(F)F)[C@H](Nc1ccc2c(c1)CNC2)c1cc(Br)cc2nc[nH]c12,0,-6.735,0.01
O=C(NCC(F)F)[C@H](Nc1ccc2c(c1)CNC2)c1cc(Br)ccc1C1CC1,0,-6.91,0.0
O=C(NCC(F)F)[C@H](Nc1ccc2c(c1)CNC2)c1cc(Br)ccc1OCc1ccccn1,0,-6.745,0.023333333333333334
O=C(NCC(F)F)[C@H](Nc1ccc2c(c1)CNC2)c1cc(Br)ccc1Oc1ccc(Cl)c(Cl)c1,0,-7.119,0.07333333333333333
O=C(NCC(F)F)[C@H](Nc1ccc2c(c1)CNC2)c1cc(Cl)cc(C2CC2)c1,0,-7.418,0.0
O=C(NCC(F)F)[C@H](Nc1ccc2c(c1)CNC2)c1cc(Cl)cc(Cl)c1Cl,0,-7.298,0.01
O=C(NCC(F)F)[C@H](Nc1ccc2c(c1)CNC2)c1cc(Cl)cc(Cl)c1OCCN1CCOCC1,0,-7.063,0.013333333333333334
O=C(NCC(F)F)[C@H](Nc1ccc2c(c1)CNC2)c1cc(Cl)cc2[nH]ncc12,0,-6.995,0.0
O=C(NCC(F)F)[C@H](Nc1ccc2c(c1)CNC2)c1cc(Cl)cc2c1CCC2,0,-7.244,0.0
O=C(NCC(F)F)[C@H](Nc1ccc2c(c1)CNC2)c1cc(Cl)cc2cccnc12,0,-7.266,0.0
O=C(NCC(F)F)[C@H](Nc1ccc2c(c1)CNC2)c1cc(Cl)cc2ccoc12,0,-7.043,0.02
O=C(NCC(F)F)[C@H](Nc1ccc2c(c1)CNC2)c1cc(Cl)ccc1Cl,0,-7.035,0.0
O=C(NCC(F)F)[C@H](Nc1ccc2c(c1)CNC2)c1cc(Cl)ccc1OC[C@H]1CCCO1,0,-6.494,0.0033333333333333335
O=C(NCC(F)F)[C@H](Nc1ccc2c(c1)CNC2)c1cc(Cl)ccc1Sc1ccccc1,0,-7.624,0.03
O=C(NCC(F)F)[C@H](Nc1ccc2c(c1)CNC2)c1cc(F)cc2[nH]ccc12,0,-7.397,0.0
O=C(NCC(F)F)[C@H](Nc1ccc2c(c1)CNC2)c1cc(F)cc2[nH]ncc12,0,-7.382,0.0
O=C(NCC(F)F)[C@H](Nc1ccc2c(c1)CNC2)c1cccc(Cl)c1,0,-6.213,0.0
O=C(NCC(F)F)[C@H](Nc1ccc2c(c1)CNC2)c1cccc2c1CCC2,0,-8.193,0.0033333333333333335
O=C(NCC(F)F)[C@H](Nc1ccc2c(n1)CNC2)c1cc(Cl)cc(C2CC2)c1,0,-7.035,0.0
O=C(NCC(F)F)[C@H](Nc1cnc2c(c1)CNC2)c1cc(Cl)cc(C2CC2)c1,0,-6.744,0.0
O=C(NCC(F)F)[C@H](Nc1ncc2c(n1)CNC2)c1cc(Cl)cc(C2CC2)c1,0,-7.638,0.006666666666666667
O=C(NCC1CC1)[C@H]1CCCC[C@H]1NS(=O)(=O)c1ccc(Oc2ccccc2Cl)cc1,0,-7.129,0.03333333333333333
O=C(NCC1CC1)c1cc(Cl)cc(NS(=O)(=O)c2ccc(Oc3ccccc3Cl)cc2)c1,0,-6.985,0.02
O=C(NCC1CC1)c1cc(Cl)ccc1NS(=O)(=O)c1ccc(Oc2ccccc2Cl)cc1,0,-6.911,0.016666666666666666
O=C(NCC1CCCCC1)[C@H]1CCCN1C(=O)Nc1ccc2c(c1)CNC2,0,-7.464,0.02666666666666667
O=C(NCC1CCNCC1)c1c[nH]c2cc(-c3ccc(CN4CCCCC4)cc3)ccc12,0,-8.59,0.30333333333333334
O=C(NCC1CCNCC1)c1c[nH]c2cc(-c3ccoc3)c(-c3ccoc3)cc12,1,-7.032,1.0
O=C(NCC1CCNCC1)c1c[nH]c2cc(-c3cn[nH]c3)ccc12,0,-6.635,0.14
O=C(NCC1CCNCC1)c1c[nH]c2nc(-c3ccc(CN4CCCCC4)cc3)ccc12,1,-8.348,1.0
O=C(NCC1CCNCC1)c1cc(Cl)cc2[nH]ncc12,0,-5.935,0.02666666666666667
O=C(NCC1CCNCC1)c1cc2cc(-c3ccc(N4CCCCC4)cc3)ccc2[nH]1,0,-7.949,0.14
O=C(NCC1CCNCC1)c1cc2ccc(-c3ccc(OC(F)(F)F)cc3)cc2[nH]1,0,-8.229,0.11333333333333333
O=C(NCC1CCNCC1)c1cc2ccc(-c3ccc(Oc4ccccc4)cc3)cc2[nH]1,1,-8.06,1.0
O=C(NCC1CCNCC1)c1cc2ccc(-c3ccoc3)cc2[nH]1,1,-7.187,0.9966666666666667
O=C(NCC1CCNCC1)c1cc2ccc(-c3cn[nH]c3)cc2[nH]1,0,-7.048,0.18666666666666668
O=C(NCC1CCOCC1)[C@H](Nc1ccc2c(c1)CNC2)c1cc(Cl)cc2[nH]ncc12,0,-7.069,0.01
O=C(NCCC1CC1)[C@H](Nc1ccc2c(c1)CNC2)c1cc(Cl)cc(C2CC2)c1,0,-7.746,0.023333333333333334
O=C(NCCCF)[C@H](Nc1ccc2c(c1)CNC2)c1cc(Cl)cc(C2CC2)c1,0,-7.915,0.0
O=C(NCCCn1ccnc1)[C@H](Nc1ccc2c(c1)CNC2)c1cc(Cl)cc(C2CC2)c1,0,-6.728,0.03666666666666667
O=C(NCCO)c1cc(Cl)ccc1NS(=O)(=O)c1ccc(Oc2ccccc2Cl)cc1,0,-6.34,0.013333333333333334
O=C(NCCOCC1CC1)[C@H](Nc1ccc2c(c1)CNC2)c1cc(Cl)cc(C2CC2)c1,0,-7.625,0.01
O=C(NCCc1nc2ccccc2[nH]1)c1cc2ccc(F)cc2s1,0,-7.241,0.04666666666666667
O=C(NC[C@H]1CCCO1)[C@H](Nc1ccc2c(c1)CNC2)c1cc(Cl)cc(C2CC2)c1,0,-7.119,0.0033333333333333335
O=C(NC[C@H]1CCCO1)[C@H](Nc1ccc2c(c1)CNC2)c1cc(Cl)cc2[nH]ncc12,0,-6.866,0.006666666666666667
O=C(NC[C@H]1CCCO1)c1cc(Cl)ccc1NS(=O)(=O)c1ccc(Oc2ccccc2Cl)cc1,0,-7.289,0.0033333333333333335
O=C(NC[C@H]1CCOC1)c1cc(Cl)ccc1NS(=O)(=O)c1ccc(Oc2ccccc2Cl)cc1,0,-7.376,0.0033333333333333335
O=C(NCc1c[nH]nn1)c1cc(Cl)ccc1NS(=O)(=O)c1ccc(Oc2ccccc2Cl)cc1,0,-7.165,0.06666666666666667
O=C(NCc1cc(Cl)ccc1NS(=O)(=O)c1ccc(Oc2ccccc2Cl)cc1)C1CC1,0,-7.665,0.02
O=C(NCc1ccc(F)cc1)[C@H](Nc1ccc2c(c1)CNC2)c1cc(Cl)cc2[nH]ncc12,0,-6.906,0.12
O=C(NCc1ccc2c(c1)CCNC2)c1cc(Cl)cc2[nH]ncc12,0,-6.795,0.02
O=C(NCc1ccc2c(c1)CNC2)c1cc(Cl)cc2[nH]ncc12,0,-6.577,0.01
O=C(NCc1ccccc1)c1cc(O)ccc1NS(=O)(=O)c1ccc(Oc2ccccc2Cl)cc1,0,-8.383,0.17333333333333334
O=C(NCc1cccnc1)[C@H](Nc1ccc2c(c1)CNC2)c1cc(Cl)cc2[nH]ncc12,0,-7.21,0.06
O=C(NCc1ccco1)c1csc(Br)c1,0,-4.856,0.006666666666666667
O=C(NCc1cnn(CCO)c1)c1cccc2c1NC(=O)[C@]1(CCCN1)C2,0,-6.991,0.006666666666666667
O=C(NCc1cocn1)c1cc(Cl)ccc1NS(=O)(=O)c1ccc(Oc2ccccc2Cl)cc1,0,-7.307,0.05333333333333334
O=C(NCc1nccs1)c1sccc1Cl,0,-4.386,0.016666666666666666
O=C(NCc1nnn[nH]1)c1cc(Cl)ccc1NS(=O)(=O)c1ccc(Oc2ccccc2Cl)cc1,0,-6.861,0.11
O=C(NS(=O)(=O)C1CC1)c1cc(Cl)ccc1NS(=O)(=O)c1ccc(Oc2ccccc2Cl)cc1,1,-6.538,1.0
O=C(N[C@@H](C(=O)NC1CCCCC1)c1ccc(OCc2ccccc2)cc1)OCc1ccccc1,0,-7.696,0.06
O=C(N[C@@H](C(=O)NC1CNC1)c1ccc(OCc2ccccc2)cc1)OCc1ccccc1,0,-7.432,0.03333333333333333
O=C(N[C@@H](C(=O)NCC1CCNCC1)c1ccc(OCc2ccccc2)cc1)OCc1ccccc1,0,-7.997,0.006666666666666667
O=C(N[C@@H](C(=O)NCc1c[nH]cn1)c1ccc(OCc2ccccc2)cc1)OCc1ccccc1,0,-7.611,0.02
O=C(N[C@@H](C(=O)NCc1ccc(CN2CCCC2)cc1)c1ccc(OCc2ccccc2)cc1)OCc1ccccc1,0,-8.079,0.02
O=C(N[C@@H](C(=O)NCc1cccc(CN2CCCCC2)c1)c1ccc(OCc2ccccc2)cc1)OCc1ccccc1,0,-7.256,0.02
O=C(N[C@@H](C(=O)NCc1cccc2c1CCNC2)c1ccc(OCc2ccccc2)cc1)OCc1ccccc1,0,-8.395,0.02
O=C(N[C@@H](C(=O)NCc1ccccn1)c1ccc(OCc2ccccc2)cc1)OCc1ccccc1,0,-7.455,0.02
O=C(N[C@@H](C(=O)NCc1cccnc1)c1ccc(OCc2ccccc2)cc1)OCc1ccccc1,0,-7.607,0.013333333333333334
O=C(N[C@@H](C(=O)NCc1ccncc1)c1ccc(OCc2ccccc2)cc1)OCc1ccccc1,0,-8.61,0.02238095238095238
O=C(N[C@@H](C(=O)NCc1cn[nH]c1)c1ccc(OCc2ccccc2)cc1)OCc1ccccc1,0,-7.549,0.03305555555555556
O=C(N[C@@H](C(=O)NCc1cnccn1)c1ccc(OCc2ccccc2)cc1)OCc1ccccc1,0,-7.171,0.006666666666666667
O=C(N[C@@H](C(=O)N[C@H]1CCCNC1)c1ccc(OCc2ccccc2)cc1)OCc1ccccc1,0,-7.982,0.02666666666666667
O=C(N[C@@H](C(=O)Nc1ccc2c(n1)CNC2)c1ccc(OCc2ccccc2)cc1)OCc1ccccc1,0,-8.077,0.03333333333333333
O=C(N[C@@H](C(=O)Nc1ccccn1)c1ccc(OCc2ccccc2)cc1)OCc1ccccc1,0,-7.515,0.03518518518518519
O=C(N[C@@H](C(=O)Nc1cccnc1)c1ccc(OCc2ccccc2)cc1)OCc1ccccc1,0,-6.921,0.03666666666666667
O=C(N[C@@H](C(=O)Nc1ccncc1)c1ccc(OCc2ccccc2)cc1)OCc1ccccc1,0,-7.751,0.03
O=C(N[C@@H](C(=O)Nc1n[nH]c2c1CNC21CC1)c1ccc(OCc2ccccc2)cc1)OCc1ccccc1,0,-7.424,0.08
O=C(N[C@@H](C(=O)Nc1nc2c(s1)CNC2)c1ccc(OCc2ccccc2)cc1)OCc1ccccc1,0,-7.509,0.023333333333333334
O=C(N[C@@H](C(=O)Nc1ncc([C@H]2CCCN2)s1)c1ccc(OCc2ccccc2)cc1)OCc1ccccc1,0,-7.365,0.043333333333333335
O=C(N[C@@H](Cc1ccc(O)cc1)C(=O)O)c1cc(-c2ccccc2)c(=O)n2c1sc1ccc(OC3CCCCC3)cc12,1,-8.165,1.0
O=C(N[C@@H]1CCc2cn[nH]c2C1)c1cccc2c1NC(=O)[C@]1(CCCN1)C2,0,-7.751,0.0033333333333333335
O=C(N[C@H](C(=O)NCc1ccc(F)cc1)c1ccc(OCc2ccccc2)cc1)OCc1ccccc1,0,-7.378,0.1802431457431457
O=C(N[C@H](C(=O)NCc1cccc(CC(F)(F)F)c1)c1ccc(OCc2ccccc2)cc1)OCc1ccccc1,0,-8.174,0.02
O=C(N[C@H](C(=O)NCc1cccc(CO)c1)c1ccc(OCc2ccccc2)cc1)OCc1ccccc1,0,-9.144,0.08
O=C(N[C@H](C(=O)NCc1cccc(CO)n1)c1ccc(OCc2ccccc2)cc1)OCc1ccccc1,0,-7.762,0.023333333333333334
O=C(N[C@H](C(=O)NCc1ccccc1CO)c1ccc(OCc2ccccc2)cc1)OCc1ccccc1,0,-7.359,0.06666666666666667
O=C(N[C@H](CS)C(=O)Nc1nc2cc(O)c(O)cc2s1)c1ccc(C2(C(F)(F)F)N=N2)cc1,0,-7.339,0.16
O=C(N[C@H]1CCNC1=O)c1cc(Cl)ccc1NS(=O)(=O)c1ccc(Oc2ccccc2Cl)cc1,0,-7.012,0.05
O=C(N[C@H]1CCOC1)c1cc(Cl)ccc1NS(=O)(=O)c1ccc(Oc2ccccc2Cl)cc1,0,-7.141,0.02
O=C(N[C@H]1[C@H]2CCCCC[C@H]2[C@H]1C(=O)Nc1cccc(-n2nn[nH]c2=O)c1)OCc1ccccc1,0,-8.075,0.14333333333333334
O=C(N[C@H]1[C@H]2CCCCC[C@H]2[C@H]1C(=O)Nc1cccc(C2CCNCC2)c1)OCc1ccccc1,0,-7.682,0.22
O=C(Nc1cc(-c2cccnc2)ccn1)c1c[nH]c2ncccc12,0,-7.647,0.04
O=C(Nc1cc(-c2cccnc2)ccn1)c1cc(C2CC2)[nH]c(=O)c1,0,-6.681,0.05333333333333334
O=C(Nc1cc(-c2cccnc2)ccn1)c1cc(C2CC2)[nH]n1,0,-6.933,0.01
O=C(Nc1cc(-c2cccnc2)ccn1)c1cc(C2CC2)no1,0,-7.107,0.0033333333333333335
O=C(Nc1cc(-c2cccnc2)ccn1)c1cc(C2CC2)oc1C1CC1,0,-6.763,0.12666666666666668
O=C(Nc1cc(-c2cccnc2)ccn1)c1cc(C2CC2)on1,0,-6.426,0.0
O=C(Nc1cc(-c2cccnc2)ccn1)c1cc2n(c1)CCC2,0,-6.638,0.07333333333333333
O=C(Nc1cc(-c2cccnc2)ccn1)c1cc2n(n1)CC(F)(F)C2,0,-7.561,0.013333333333333334
O=C(Nc1cc(-c2cccnc2)ccn1)c1cc2n(n1)CC1(CC1)C2,0,-7.341,0.02
O=C(Nc1cc(-c2cccnc2)ccn1)c1cc2n(n1)CCC2,0,-6.412,0.0
O=C(Nc1cc(-c2cccnc2)ccn1)c1cc2n(n1)CCO2,0,-6.346,0.0033333333333333335
O=C(Nc1cc(-c2cccnc2)ccn1)c1cc2n(n1)CCS2(=O)=O,0,-6.548,0.02
O=C(Nc1cc(-c2cccnc2)ccn1)c1ccc(C2CC2)cc1,0,-6.688,0.05333333333333334
O=C(Nc1cc(-c2cccnc2)ccn1)c1cccc(C2CC2)c1,0,-7.294,0.06
O=C(Nc1cc(-c2cccnc2)ccn1)c1cn([C@H]2CCCNC2)nn1,0,-6.534,0.02666666666666667
O=C(Nc1cc(-c2cccnc2)ccn1)c1cn2c(n1)CCC2,0,-6.391,0.006666666666666667
O=C(Nc1cc(-c2cccnc2)ccn1)c1cnc(C2CC2)s1,0,-6.413,0.0033333333333333335
O=C(Nc1cc(-c2cccnc2)ccn1)c1cnn2c1CCC2,0,-6.464,0.0033333333333333335
O=C(Nc1cc(-c2cccnc2)ccn1)c1cnn2c1CCCC2,0,-7.226,0.006666666666666667
O=C(Nc1cc(-c2cccnc2)ccn1)c1coc(C2CC2)n1,0,-6.749,0.0
O=C(Nc1cc(-c2cccnc2)ccn1)c1csc(C2CC2)n1,0,-6.693,0.0033333333333333335
O=C(Nc1cc(-c2cccnc2)ccn1)c1csc(C[C@H]2CCCNC2)n1,0,-7.121,0.013333333333333334
O=C(Nc1cc(-c2cccnc2)ccn1)c1csc(C[C@H]2CCNC2)n1,0,-6.996,0.0033333333333333335
O=C(Nc1cc(-c2cccnc2)ccn1)c1nc(Br)n2c1CNCC2,0,-6.308,0.006666666666666667
O=C(Nc1cc(-c2cccnc2)ccn1)c1nc(C2CC2)co1,0,-5.892,0.0
O=C(Nc1cc(-c2cccnc2)ccn1)c1nnc(C2CC2)s1,0,-6.961,0.0
O=C(Nc1cc(-c2cccnc2)ccn1)c1sc2c(c1Br)CNC2,0,-6.272,0.02
O=C(Nc1cc(Br)c2c(c1)CNC2)c1cc(F)cc2[nH]ncc12,0,-6.983,0.0
O=C(Nc1cc(Cl)cc(-c2cc(C(=O)O)n(-c3ccc(F)cc3)n2)c1)OCc1ccccc1,0,-7.799,0.2866666666666667
O=C(Nc1cc(Cl)cc(-c2cc(NCc3ccccc3)c(C(=O)O)cn2)c1)OCc1ccccc1,1,-7.241,0.9966666666666667
O=C(Nc1cc(Cl)cc(-c2cc3cc(C(=O)O)ncn3c2)c1)OCc1ccccc1,0,-7.099,0.20666666666666667
O=C(Nc1cc(Cl)cc(-c2ccc(C3(C(=O)O)CCNCC3)cc2)c1)OCc1ccccc1,0,-7.452,0.09
O=C(Nc1cc(Cl)cc(-c2ccc3[nH]c(C(=O)O)cc3c2)c1)OCc1ccccc1,1,-7.961,1.0
O=C(Nc1cc(Cl)cc(-c2ccc3[nH]nc(C(=O)O)c3c2)c1)OCc1ccccc1,1,-7.0,1.0
O=C(Nc1cc(Cl)cc(-c2ccc3cc(C(=O)O)[nH]c3c2)c1)OCc1ccccc1,1,-7.764,1.0
O=C(Nc1cc(Cl)cc(-c2ccc3nc(C(=O)O)ncc3c2)c1)OCc1ccccc1,0,-7.989,0.26666666666666666
O=C(Nc1cc(Cl)cc(-c2cccc3c(C(=O)O)cccc23)c1)OCc1ccccc1,1,-7.103,1.0
O=C(Nc1cc(Cl)cc(-c2ccn3c(C(=O)O)cnc3c2)c1)OCc1ccccc1,0,-6.894,0.18666666666666668
O=C(Nc1cc(Cl)cc(-c2cn(C3CCCC3)nc2C(=O)O)c1)OCc1ccccc1,0,-7.542,0.12666666666666668
O=C(Nc1cc(Cl)cc(-c2cnn(Cc3ccc(C(=O)O)cc3)c2)c1)OCc1ccccc1,0,-7.288,0.33
O=C(Nc1cc(Cl)cc(-c2cnn3ccc(C(=O)O)cc23)c1)OCc1ccccc1,0,-7.468,0.22666666666666666
O=C(Nc1cc(Cl)cc(/C=C/c2cccc(-n3nn[nH]c3=O)c2)c1)OCc1ccccc1,1,-7.4,1.0
O=C(Nc1cc(Cl)cc(C(=O)N2CCC(C(=O)O)CC2)c1)OCc1ccccc1,0,-7.338,0.023333333333333334
O=C(Nc1cc(Cl)cc(C(=O)N2CCC(c3nn[nH]n3)CC2)c1)OCc1ccccc1,0,-7.277,0.01
O=C(Nc1cc(Cl)cc(C(=O)N2CCC[C@H](c3nnn[nH]3)C2)c1)OCc1ccccc1,0,-7.147,0.0
O=C(Nc1cc(Cl)cc(C(=O)N2CCC[C@H]2C(=O)O)c1)OCc1ccccc1,0,-6.717,0.0033333333333333335
O=C(Nc1cc(Cl)cc(C(=O)N2CCC[C@H]2c2nnn[nH]2)c1)OCc1ccccc1,0,-7.881,0.0033333333333333335
O=C(Nc1cc(Cl)cc(C(=O)N2CC[C@H](C(=O)O)C2)c1)OCc1ccccc1,0,-7.192,0.013333333333333334
O=C(Nc1cc(Cl)cc(C(=O)NC2([C@H]3CCNC3)CC2)c1)OCc1ccccc1,0,-6.639,0.0
O=C(Nc1cc(Cl)cc(C(=O)NC2(c3nn[nH]n3)CCCC2)c1)OCc1ccccc1,0,-7.189,0.03
O=C(Nc1cc(Cl)cc(C(=O)NC2(c3nnn[nH]3)CC2)c1)OCc1ccccc1,0,-7.622,0.023333333333333334
O=C(Nc1cc(Cl)cc(C(=O)NCC2(CO)CCNCC2)c1)OCc1ccccc1,0,-7.129,0.013333333333333334
O=C(Nc1cc(Cl)cc(C(=O)NCCCc2nnn[nH]2)c1)OCc1ccccc1,0,-8.112,0.013333333333333334
O=C(Nc1cc(Cl)cc(C(=O)NCC[C@H]2COCCN2)c1)OCc1ccccc1,0,-7.349,0.0033333333333333335
O=C(Nc1cc(Cl)cc(C(=O)NCC[C@H]2C[C@@H]2C(=O)O)c1)OCc1ccccc1,0,-7.245,0.013333333333333334
O=C(Nc1cc(Cl)cc(C(=O)NCCc2nnn[nH]2)c1)OCc1ccccc1,0,-6.937,0.0033333333333333335
O=C(Nc1cc(Cl)cc(C(=O)NC[C@@H]2CNCCC2(F)F)c1)OCc1ccccc1,0,-7.353,0.0
O=C(Nc1cc(Cl)cc(C(=O)NC[C@@]23CC[C@H](CNC2)C3)c1)OCc1ccccc1,0,0.0,0.0033333333333333335
O=C(Nc1cc(Cl)cc(C(=O)NC[C@@]23CN[C@H](CCO2)C3)c1)OCc1ccccc1,0,0.0,0.0
O=C(Nc1cc(Cl)cc(C(=O)NC[C@H]2CC3(CNC3)CO2)c1)OCc1ccccc1,0,-7.137,0.0033333333333333335
O=C(Nc1cc(Cl)cc(C(=O)NC[C@H]2CCNC3(CC3)C2)c1)OCc1ccccc1,0,-7.354,0.0
O=C(Nc1cc(Cl)cc(C(=O)NC[C@H]2CNC3(CC3)CO2)c1)OCc1ccccc1,0,-7.012,0.0
O=C(Nc1cc(Cl)cc(C(=O)NC[C@H]2C[C@@H]2C(=O)O)c1)OCc1ccccc1,0,-6.92,0.016666666666666666
O=C(Nc1cc(Cl)cc(C(=O)NCc2ccc(-c3nnn[nH]3)cc2)c1)OCc1ccccc1,0,-7.381,0.16666666666666666
O=C(Nc1cc(Cl)cc(C(=O)NCc2n[nH]c3c2CNCC3)c1)OCc1ccccc1,0,-7.529,0.01
O=C(Nc1cc(Cl)cc(C(=O)N[C@@]23CCCCC[C@@H]2NCC3)c1)OCc1ccccc1,0,-7.216,0.006666666666666667
O=C(Nc1cc(Cl)cc(C(=O)N[C@H](c2nn[nH]n2)C2CCNCC2)c1)OCc1ccccc1,0,-7.609,0.04666666666666667
O=C(Nc1cc(Cl)cc(C(=O)N[C@H](c2nn[nH]n2)C2CNC2)c1)OCc1ccccc1,0,-7.0,0.013333333333333334
O=C(Nc1cc(Cl)cc(C(=O)N[C@H]2CCCC[C@@H]2C(=O)O)c1)OCc1ccccc1,0,-7.49,0.04
O=C(Nc1cc(Cl)cc(C(=O)N[C@]2(c3nnn[nH]3)CCOC2)c1)OCc1ccccc1,0,-7.473,0.006666666666666667
O=C(Nc1cc(Cl)cc(C(=O)Nc2cc(-c3nnn[nH]3)ccc2F)c1)OCc1ccccc1,0,-7.552,0.21666666666666667
O=C(Nc1cc(Cl)cc(C(=O)Nc2cc(Br)cc(-c3nnn[nH]3)c2)c1)OCc1ccccc1,1,-7.811,1.0
O=C(Nc1cc(Cl)cc(C(=O)Nc2cc(C(=O)O)ccn2)c1)OCc1ccccc1,0,-7.338,0.01
O=C(Nc1cc(Cl)cc(C(=O)Nc2cc3n(n2)CCNC3)c1)OCc1ccccc1,0,-7.353,0.0
O=C(Nc1cc(Cl)cc(C(=O)Nc2ccc(-n3nn[nH]c3=O)cc2)c1)OCc1ccccc1,0,-7.432,0.08
O=C(Nc1cc(Cl)cc(C(=O)Nc2ccc(C3CCNCC3)cc2)c1)OCc1ccccc1,0,-8.275,0.0
O=C(Nc1cc(Cl)cc(C(=O)Nc2ccc(C3CNC3)cc2)c1)OCc1ccccc1,0,-7.208,0.0
O=C(Nc1cc(Cl)cc(C(=O)Nc2ccc(CC3CCNCC3)cc2)c1)OCc1ccccc1,0,-7.602,0.04
O=C(Nc1cc(Cl)cc(C(=O)Nc2ccc(CCN3CCOCC3)cc2)c1)OCc1ccccc1,0,-7.278,0.0162962962962963
O=C(Nc1cc(Cl)cc(C(=O)Nc2ccc(N3CCCNCC3)cc2)c1)OCc1ccccc1,0,-6.862,0.006666666666666667
O=C(Nc1cc(Cl)cc(C(=O)Nc2ccc(N3CCNCC3)c(F)c2)c1)OCc1ccccc1,0,-7.658,0.02
O=C(Nc1cc(Cl)cc(C(=O)Nc2ccc(OC3CNC3)cc2)c1)OCc1ccccc1,0,-7.028,0.0033333333333333335
O=C(Nc1cc(Cl)cc(C(=O)Nc2ccc(S(=O)(=O)N3CCNCC3)cc2)c1)OCc1ccccc1,0,-7.49,0.016666666666666666
O=C(Nc1cc(Cl)cc(C(=O)Nc2ccc([C@@H]3C[C@H]3C(=O)O)cc2)c1)OCc1ccccc1,1,-7.15,1.0
O=C(Nc1cc(Cl)cc(C(=O)Nc2ccc([C@H]3CCCNC3)cc2)c1)OCc1ccccc1,0,-7.97,0.006666666666666667
O=C(Nc1cc(Cl)cc(C(=O)Nc2ccc([C@H]3CCNC3)cc2)c1)OCc1ccccc1,0,-7.61,0.02
O=C(Nc1cc(Cl)cc(C(=O)Nc2ccc([C@H]3CNCCO3)cc2)c1)OCc1ccccc1,0,-7.903,0.013333333333333334
O=C(Nc1cc(Cl)cc(C(=O)Nc2ccc([C@]34CNC[C@H]3C4)cc2)c1)OCc1ccccc1,0,-7.571,0.056666666666666664
O=C(Nc1cc(Cl)cc(C(=O)Nc2ccc3c(c2)C(=O)NC3)c1)OCc1ccccc1,0,-7.093,0.013333333333333334
O=C(Nc1cc(Cl)cc(C(=O)Nc2ccc3c(c2)C(=O)OC3)c1)OCc1ccccc1,0,-7.332,0.04666666666666667
O=C(Nc1cc(Cl)cc(C(=O)Nc2ccc3c(c2)CCNC3)c1)OCc1ccccc1,0,-7.674,0.0033333333333333335
O=C(Nc1cc(Cl)cc(C(=O)Nc2ccc3c(c2)CNC3)c1)OCc1ccccc1,0,-7.197,0.006666666666666667
O=C(Nc1cc(Cl)cc(C(=O)Nc2ccc3c(c2)CNC3=O)c1)OCc1ccccc1,0,-6.996,0.01
O=C(Nc1cc(Cl)cc(C(=O)Nc2ccc3c(c2)CNCC3)c1)OCc1ccccc1,0,-7.662,0.0
O=C(Nc1cc(Cl)cc(C(=O)Nc2ccc3c(c2)CNCCO3)c1)OCc1ccccc1,0,-7.699,0.013333333333333334
O=C(Nc1cc(Cl)cc(C(=O)Nc2ccc3c(c2)COC3)c1)OCc1ccccc1,0,-7.16,0.013333333333333334
O=C(Nc1cc(Cl)cc(C(=O)Nc2ccc3c(c2)C[C@H](F)C3)c1)OCc1ccccc1,0,-7.168,0.006666666666666667
O=C(Nc1cc(Cl)cc(C(=O)Nc2ccc3c(c2)C[C@H](O)C3)c1)OCc1ccccc1,0,-7.643,0.02666666666666667
O=C(Nc1cc(Cl)cc(C(=O)Nc2ccc3c(c2)OCCNC3)c1)OCc1ccccc1,0,-7.411,0.01
O=C(Nc1cc(Cl)cc(C(=O)Nc2ccc3c(c2)OCO3)c1)OCc1ccccc1,0,-6.88,0.05
O=C(Nc1cc(Cl)cc(C(=O)Nc2ccc3c(c2)[C@H]2CC[C@H]3N2)c1)OCc1ccccc1,0,0.0,0.03666666666666667
O=C(Nc1cc(Cl)cc(C(=O)Nc2cccc(-c3cc[nH]n3)c2)c1)OCc1ccccc1,0,-7.4,0.24333333333333335
O=C(Nc1cc(Cl)cc(C(=O)Nc2cccc(-c3cn[nH]n3)c2)c1)OCc1ccccc1,0,-7.792,0.24
O=C(Nc1cc(Cl)cc(C(=O)Nc2cccc(-c3nnn[nH]3)c2)c1)OCc1ccccc1,0,-7.856,0.21333333333333335
O=C(Nc1cc(Cl)cc(C(=O)Nc2cccc(-n3nn[nH]c3=O)c2)c1)OCc1ccccc1,0,-7.738,0.07
O=C(Nc1cc(Cl)cc(C(=O)Nc2cccc(C(=O)O)c2)c1)OCc1ccccc1,0,-7.875,0.03
O=C(Nc1cc(Cl)cc(C(=O)Nc2cccc(C3(C(=O)O)CCC3)c2)c1)OCc1ccccc1,0,-7.711,0.1061904761904762
O=C(Nc1cc(Cl)cc(C(=O)Nc2cccc(C3CCNCC3)c2)c1)OCc1ccccc1,0,-7.815,0.0033333333333333335
O=C(Nc1cc(Cl)cc(C(=O)Nc2cccc(CC3CCNCC3)c2)c1)OCc1ccccc1,0,-8.357,0.03333333333333333
O=C(Nc1cc(Cl)cc(C(=O)Nc2cccc(CN3CCCC3=O)c2)c1)OCc1ccccc1,0,-7.965,0.016190476190476193
O=C(Nc1cc(Cl)cc(C(=O)Nc2cccc(CO)c2)c1)OCc1ccccc1,0,-7.907,0.006666666666666667
O=C(Nc1cc(Cl)cc(C(=O)Nc2cccc(Cc3nn[nH]n3)c2)c1)OCc1ccccc1,0,-7.876,0.19666666666666666
O=C(Nc1cc(Cl)cc(C(=O)Nc2cccc([C@H]3CCCCN3)c2)c1)OCc1ccccc1,0,-7.194,0.0033333333333333335
O=C(Nc1cc(Cl)cc(C(=O)Nc2cccc([C@H]3CCCN3)c2)c1)OCc1ccccc1,0,-7.909,0.006666666666666667
O=C(Nc1cc(Cl)cc(C(=O)Nc2cccc([C@H]3CCNC3)c2)c1)OCc1ccccc1,0,-8.141,0.013333333333333334
O=C(Nc1cc(Cl)cc(C(=O)Nc2cccc([C@H]3CNCCO3)c2)c1)OCc1ccccc1,0,-7.139,0.006666666666666667
O=C(Nc1cc(Cl)cc(C(=O)Nc2cccc([C@H]3C[C@H]3C(=O)O)c2)c1)OCc1ccccc1,0,-7.789,0.43333333333333335
O=C(Nc1cc(Cl)cc(C(=O)Nc2cccc3c2CNC3)c1)OCc1ccccc1,0,-7.441,0.016666666666666666
O=C(Nc1cc(Cl)cc(C(=O)Nc2cccc3c2OC[C@H](C(=O)O)C3)c1)OCc1ccccc1,0,-7.668,0.09333333333333334
O=C(Nc1cc(Cl)cc(C(=O)Nc2ccccc2[C@@H]2C[C@H]2C(=O)O)c1)OCc1ccccc1,0,-7.653,0.22333333333333333
O=C(Nc1cc(Cl)cc(C(=O)Nc2ccnc(C(=O)O)c2)c1)OCc1ccccc1,0,-7.39,0.0033333333333333335
O=C(Nc1cc(Cl)cc(C(=O)Nc2ccnc(OC3CNC3)c2)c1)OCc1ccccc1,0,-7.325,0.013333333333333334
O=C(Nc1cc(Cl)cc(C(=O)Nc2ccnc([C@H]3CCCN3)n2)c1)OCc1ccccc1,0,-7.524,0.0033333333333333335
O=C(Nc1cc(Cl)cc(C(=O)Nc2cnc3n2CCNC3)c1)OCc1ccccc1,0,-7.223,0.0033333333333333335
O=C(Nc1cc(Cl)cc(C(=O)Nc2cncc(C(=O)O)c2)c1)OCc1ccccc1,0,-7.294,0.016666666666666666
O=C(Nc1cc(Cl)cc(C(=O)Nc2n[nH]c3c2CNC3)c1)OCc1ccccc1,0,-6.888,0.02666666666666667
O=C(Nc1cc(Cl)cc(C(=O)Nc2n[nH]c3c2CNC32CC2)c1)OCc1ccccc1,0,-7.743,0.02666666666666667
O=C(Nc1cc(Cl)cc(C(=O)Nc2nc([C@H]3CCCN3)cc(=O)[nH]2)c1)OCc1ccccc1,0,-7.451,0.03666666666666667
O=C(Nc1cc(Cl)cc(C(=O)Nc2nc3c(s2)CCNC3)c1)OCc1ccccc1,0,-6.577,0.0
O=C(Nc1cc(Cl)cc(C(=O)Nc2nc3c(s2)CNC3)c1)OCc1ccccc1,0,-7.274,0.0
O=C(Nc1cc(Cl)cc(C(=O)Nc2ncc(C3CNC3)s2)c1)OCc1ccccc1,0,-7.397,0.01
O=C(Nc1cc(Cl)cc(C(=O)Nc2ncc([C@H]3CCCN3)s2)c1)OCc1ccccc1,0,-7.228,0.013333333333333334
O=C(Nc1cc(Cl)cc(C(=O)Nc2ncc3n2CCNC3)c1)OCc1ccccc1,0,-7.017,0.0
O=C(Nc1cc(Cl)cc(C(=O)Nc2nccc([C@H]3CCCCN3)n2)c1)OCc1ccccc1,0,-7.234,0.016666666666666666
O=C(Nc1cc(Cl)cc(C(=O)Nc2nccn2C2CNC2)c1)OCc1ccccc1,0,-7.254,0.0
O=C(Nc1cc(Cl)cc(CNc2cccc(-c3nn[nH]n3)c2)c1)OCc1ccccc1,1,-7.674,1.0
O=C(Nc1cc(Cl)cc(N[C@H](C#CCO)c2ccc(-c3nn[nH]n3)cc2)c1)OCc1ccccc1,0,-7.623,0.45666666666666667
O=C(Nc1cc(Cl)cc(S(=O)(=O)Nc2cccc(-c3nn[nH]n3)c2)c1)OCc1ccccc1,0,-8.001,0.18333333333333332
O=C(Nc1cc(Cl)cc(S(=O)(=O)Nc2cccc(-n3nn[nH]c3=O)c2)c1)OCc1ccccc1,0,-7.847,0.14
O=C(Nc1cc(Cl)cc([C@H](C#CCO)Nc2ccc(-c3nn[nH]n3)cc2)c1)OCc1ccccc1,1,-8.304,1.0
O=C(Nc1cc(Cl)cc([C@H](C#CCO)Nc2cccc(-c3nn[nH]n3)c2)c1)OCc1ccccc1,0,-7.274,0.5366666666666666
O=C(Nc1cc(Cl)cc([C@H](Nc2cccc(-c3nn[nH]n3)c2)C(=O)NC2CCOCC2)c1)OCc1ccccc1,0,-7.529,0.16
O=C(Nc1cc(Cl)cc([C@H](Nc2cccc(-c3nn[nH]n3)c2)C(=O)NC[C@H]2CCCO2)c1)OCc1ccccc1,0,-7.634,0.13333333333333333
O=C(Nc1cc(Cl)cc([C@H](Nc2cccc(-c3nn[nH]n3)c2)C(=O)NCc2ccccc2)c1)OCc1ccccc1,1,-7.715,1.0
O=C(Nc1cc(Cl)cc([C@H](Nc2cccc(-c3nn[nH]n3)c2)C(=O)N[C@H]2CCOC2)c1)OCc1ccccc1,0,-7.436,0.15333333333333332
O=C(Nc1cc(Cl)cc([C@H]2CN(Cc3ccccc3)C[C@@H]2c2cccc(-c3nn[nH]n3)c2)c1)OCc1ccccc1,1,-7.97,1.0
O=C(Nc1cc(Cl)cc([C@H]2C[C@@H]2c2ccc3c(c2)CNC3)c1)OCc1ccccc1,0,-7.706,0.02
O=C(Nc1cc(Cl)cc([C@H]2C[C@@H]2c2cccc(-c3nnn[nH]3)c2)c1)OCc1ccccc1,0,-7.57,0.3566666666666667
O=C(Nc1cc(Cl)cc([C@H]2C[C@@H]2c2cccc(C3CCNCC3)c2)c1)OCc1ccccc1,0,-9.066,0.08333333333333333
O=C(Nc1cc(Cl)cc([C@H]2Nc3ccc(-c4nn[nH]n4)cc3[C@H]3OCCC[C@@H]23)c1)OCc1ccccc1,0,-7.863,0.12
O=C(Nc1cc(Cl)cc([C@H]2[C@H](CO)[C@@H]2c2cccc(-c3nn[nH]n3)c2)c1)OCc1ccccc1,0,-8.616,0.33
O=C(Nc1cc([C@H]2CCOC2)ccn1)c1cc(Br)cc2[nH]ccc12,0,-6.397,0.006666666666666667
O=C(Nc1cc([C@H]2CCOC2)ccn1)c1cc(Cl)cc2[nH]ncc12,0,-6.468,0.0
O=C(Nc1cc([C@H]2CCOC2)ccn1)c1cc(Cl)cc2c1CCC2,0,-6.587,0.0033333333333333335
O=C(Nc1cc([C@H]2CCOC2)ccn1)c1cc(F)c2[nH]ccc2c1,0,-7.183,0.0
O=C(Nc1cc([C@H]2CCOC2)ccn1)c1cc(F)cc2[nH]ccc12,0,-6.455,0.0
O=C(Nc1cc([C@H]2CCOC2)ccn1)c1cc(F)cc2[nH]ncc12,0,-6.666,0.0
O=C(Nc1cc([C@H]2CCOC2)ccn1)c1ccc2ncsc2c1,0,-6.448,0.0
O=C(Nc1cc([C@H]2CCOC2)ccn1)c1ccc2scnc2c1,0,-6.459,0.0
O=C(Nc1cc2c(c(-c3c[nH]c(=O)c(F)c3)c1)CNC2)c1cc(F)cc2[nH]ncc12,0,-7.552,0.08
O=C(Nc1cc2c(c(-c3ccnnc3)c1)CNC2)c1cc(Cl)cc2[nH]ncc12,0,-6.676,0.07666666666666666
O=C(Nc1cc2c(c(C3=CCOCC3)c1)CNC2)c1cc(F)cc2[nH]ncc12,0,-6.779,0.0
O=C(Nc1cc2c(c(C3=CCS(=O)(=O)CC3)c1)CNC2)c1cc(F)cc2[nH]ncc12,0,-7.772,0.01
O=C(Nc1cc2c(c(C3=CC[C@H](O)CC3)c1)CNC2)c1cc(Cl)cc2[nH]ncc12,0,-7.103,0.02666666666666667
O=C(Nc1cc2c(cc1Br)CNC2)c1cc(Cl)cc2[nH]ncc12,0,-6.358,0.01
O=C(Nc1cc2c(cc1Br)CNC2)c1cc(F)cc2[nH]ncc12,0,-6.753,0.0
O=C(Nc1cc2c(cc1C1CC1)CNC2)c1cc(F)cc2[nH]ncc12,0,-6.958,0.0
O=C(Nc1cc2c(cn1)CNC2)c1cc(F)cc2[nH]ncc12,0,-6.795,0.0
O=C(Nc1ccc(-c2nnn[nH]2)cc1)c1cc(Cl)cc(C2CC2)c1,0,-7.412,0.006666666666666667
O=C(Nc1ccc(-n2nn[nH]c2=O)cc1)c1cc(Cl)cc(C2CC2)c1,0,-7.021,0.0
O=C(Nc1ccc(C2CCNCC2)cc1)c1cc(Cl)cc2[nH]ncc12,0,-7.46,0.016666666666666666
O=C(Nc1ccc(C2CNC2)cc1)c1cc(Cl)cc2[nH]ncc12,0,-6.57,0.0033333333333333335
O=C(Nc1ccc(Cl)cc1C(=O)Nc1cccc(C2CCNCC2)c1)OCc1ccccc1,0,-7.769,0.023333333333333334
O=C(Nc1ccc(Cl)cc1C(=O)O)c1ccc(Oc2ccccc2Cl)cc1,0,-6.893,0.08666666666666667
O=C(Nc1ccc(F)nc1)Oc1ccccc1,0,-6.007,0.023333333333333334
O=C(Nc1ccc(I)cc1)c1nc2cc(O)c(O)cc2s1,1,-6.509,1.0
O=C(Nc1ccc(NS(=O)(=O)c2ccc(Cl)cc2C(=O)O)cc1)c1ccccc1,0,-7.698,0.08
O=C(Nc1ccc([C@H]2CCNC2)cc1)c1cc(Cl)cc2[nH]ncc12,0,-6.979,0.0033333333333333335
O=C(Nc1ccc2[nH]c(=O)[nH]c2c1)c1cc(F)cc2[nH]ncc12,0,-7.255,0.03333333333333333
O=C(Nc1ccc2c(c1)B(O)OC2)c1cccc(OCc2c(Cl)cccc2Cl)c1,0,-7.51,0.03333333333333333
O=C(Nc1ccc2c(c1)C(=O)OC2)c1cc(CC2CCNCC2)ccc1F,0,-7.252,0.0033333333333333335
O=C(Nc1ccc2c(c1)C(=O)OC2)c1ccc2c(c1)CNC2,0,-7.337,0.10666666666666667
O=C(Nc1ccc2c(c1)C(=O)OC2)c1cccc(CC2CNC2)c1,0,-7.186,0.0
O=C(Nc1ccc2c(c1)CCCN2)c1cc(Cl)cc2[nH]ncc12,0,-6.705,0.0
O=C(Nc1ccc2c(c1)CCNCC2)c1cc(Cl)cc2[nH]ncc12,0,-7.108,0.0033333333333333335
O=C(Nc1ccc2c(c1)CN(C(=O)C(F)(F)F)C2)c1cc(Cl)cc2[nH]ncc12,0,-7.838,0.02
O=C(Nc1ccc2c(c1)CN(CC(F)F)C2)c1cc(Cl)cc2[nH]ncc12,0,-6.917,0.0
O=C(Nc1ccc2c(c1)CNC2)C1(c2ccc(Cl)cc2)CCCC1,0,-6.609,0.016666666666666666
O=C(Nc1ccc2c(c1)CNC2)C1CCCCC1,0,-6.489,0.01
O=C(Nc1ccc2c(c1)CNC2)N1CC(F)(F)CC2(CCC2)C1,0,-7.609,0.0033333333333333335
O=C(Nc1ccc2c(c1)CNC2)N1CCC2(C1)CC(F)(F)C2,0,-6.793,0.0033333333333333335
O=C(Nc1ccc2c(c1)CNC2)N1CCC[C@@H]1COCc1ccccc1,0,-7.451,0.0
O=C(Nc1ccc2c(c1)CNC2)N1CCC[C@H](CC2CCC2)C1,0,-6.974,0.0033333333333333335
O=C(Nc1ccc2c(c1)CNC2)N1CCC[C@H](Cc2nccs2)C1,0,-6.37,0.0
O=C(Nc1ccc2c(c1)CNC2)N1CCC[C@H]1Cc1cc2ccccc2o1,0,-7.475,0.04
O=C(Nc1ccc2c(c1)CNC2)N1CCC[C@H]1c1cc(C(F)(F)F)no1,0,-7.205,0.0
O=C(Nc1ccc2c(c1)CNC2)N1CCC[C@H]1c1nc2ncccc2[nH]1,0,-6.733,0.01
O=C(Nc1ccc2c(c1)CNC2)N1CCC[C@](O)(c2ccccc2)C1,0,-7.682,0.0
O=C(Nc1ccc2c(c1)CNC2)N1CC[C@H](CC(F)(F)F)C1,0,-6.919,0.0033333333333333335
O=C(Nc1ccc2c(c1)CNC2)N1CC[C@H](Oc2ccc(C3CC3)cn2)C1,0,-6.477,0.0033333333333333335
O=C(Nc1ccc2c(c1)CNC2)N1C[C@H](C(F)F)C2(CC2)C1,0,-6.924,0.013333333333333334
O=C(Nc1ccc2c(c1)CNC2)N1C[C@H](C2CC2)C[C@@H]1C1CC1,0,-6.802,0.0033333333333333335
O=C(Nc1ccc2c(c1)CNC2)[C@H]1CCCc2[nH]ncc21,0,-6.21,0.0033333333333333335
O=C(Nc1ccc2c(c1)CNC2)[C@H]1CCc2ccccc21,0,-7.329,0.02666666666666667
O=C(Nc1ccc2c(c1)CNC2)[C@H]1C[C@@H]1c1ccccc1,0,-7.052,0.03
O=C(Nc1ccc2c(c1)CNC2)c1c(Br)cc(Cl)c2[nH]ncc12,0,-6.579,0.01
O=C(Nc1ccc2c(c1)CNC2)c1c(Br)ccc2[nH]ncc12,0,-6.611,0.0
O=C(Nc1ccc2c(c1)CNC2)c1c(Cl)ccc2c1OCO2,0,-7.017,0.0033333333333333335
O=C(Nc1ccc2c(c1)CNC2)c1c[nH]c2ncc(F)cc12,0,-7.286,0.0033333333333333335
O=C(Nc1ccc2c(c1)CNC2)c1cc(=O)[nH]c2c(F)cccc12,0,-7.497,0.006666666666666667
O=C(Nc1ccc2c(c1)CNC2)c1cc(Br)cc2[nH]c(-c3ccccc3)nc12,1,-7.066,1.0
O=C(Nc1ccc2c(c1)CNC2)c1cc(Br)cc2[nH]c(=O)[nH]c12,0,-7.612,0.016666666666666666
O=C(Nc1ccc2c(c1)CNC2)c1cc(Br)cc2[nH]c(C3CCOCC3)nc12,0,-6.622,0.01
O=C(Nc1ccc2c(c1)CNC2)c1cc(Br)cc2[nH]c(Cc3ccccc3)nc12,0,-8.198,0.18333333333333332
O=C(Nc1ccc2c(c1)CNC2)c1cc(Br)cc2[nH]c([C@H]3CCCO3)nc12,0,-7.185,0.0
O=C(Nc1ccc2c(c1)CNC2)c1cc(Br)cc2[nH]c([C@H]3CCOC3)nc12,0,-7.073,0.0
O=C(Nc1ccc2c(c1)CNC2)c1cc(Br)cc2[nH]ccc12,0,-6.405,0.01
O=C(Nc1ccc2c(c1)CNC2)c1cc(Br)cc2[nH]ncc12,0,-6.633,0.0
O=C(Nc1ccc2c(c1)CNC2)c1cc(Br)cc2c1OCO2,0,-6.186,0.0033333333333333335
O=C(Nc1ccc2c(c1)CNC2)c1cc(Br)cc2c1nc1n2CCCC1,0,-7.022,0.01
O=C(Nc1ccc2c(c1)CNC2)c1cc(Br)cc2ccccc12,0,-7.704,0.043333333333333335
O=C(Nc1ccc2c(c1)CNC2)c1cc(Br)cc2cccnc12,0,-6.374,0.0
O=C(Nc1ccc2c(c1)CNC2)c1cc(C(F)(F)F)c2cn[nH]c2n1,0,-7.887,0.006666666666666667
O=C(Nc1ccc2c(c1)CNC2)c1cc(C(F)(F)F)cc2[nH]ccc12,0,-7.425,0.006666666666666667
O=C(Nc1ccc2c(c1)CNC2)c1cc(C(F)(F)F)nc2[nH]ccc12,0,-6.92,0.006666666666666667
O=C(Nc1ccc2c(c1)CNC2)c1cc(Cl)cc(-n2cccc2)c1,0,-7.05,0.016666666666666666
O=C(Nc1ccc2c(c1)CNC2)c1cc(Cl)cc(C(F)(F)F)n1,0,-6.66,0.006666666666666667
O=C(Nc1ccc2c(c1)CNC2)c1cc(Cl)cc(C2CC2)c1,0,-7.142,0.0033333333333333335
O=C(Nc1ccc2c(c1)CNC2)c1cc(Cl)cc(N2CCCC2)c1,0,-6.858,0.0
O=C(Nc1ccc2c(c1)CNC2)c1cc(Cl)cc(N2CCCC2=O)c1,0,-7.016,0.0
O=C(Nc1ccc2c(c1)CNC2)c1cc(Cl)cc2[nH]c(-c3c[nH]c(=O)c(Br)c3)nc12,0,-6.975,0.16333333333333333
O=C(Nc1ccc2c(c1)CNC2)c1cc(Cl)cc2[nH]c(-c3cc(C4CC4)[nH]n3)nc12,1,-7.059,0.9966666666666667
O=C(Nc1ccc2c(c1)CNC2)c1cc(Cl)cc2[nH]c(-c3ccc(F)cc3O)nc12,0,-7.183,0.2633333333333333
O=C(Nc1ccc2c(c1)CNC2)c1cc(Cl)cc2[nH]c(-c3cccc(F)c3)nc12,0,-7.783,0.36666666666666664
O=C(Nc1ccc2c(c1)CNC2)c1cc(Cl)cc2[nH]c(-c3ccccc3)nc12,0,-7.114,0.5266666666666666
O=C(Nc1ccc2c(c1)CNC2)c1cc(Cl)cc2[nH]c(-c3ccnn3C3CC3)nc12,0,-6.99,0.18666666666666668
O=C(Nc1ccc2c(c1)CNC2)c1cc(Cl)cc2[nH]c(-c3cn[nH]c3)cc12,0,-7.473,0.03666666666666667
O=C(Nc1ccc2c(c1)CNC2)c1cc(Cl)cc2[nH]c(-c3cnc(C4CC4)o3)nc12,0,-7.16,0.06666666666666667
O=C(Nc1ccc2c(c1)CNC2)c1cc(Cl)cc2[nH]c(-c3cnccc3O)nc12,0,-7.005,0.08
O=C(Nc1ccc2c(c1)CNC2)c1cc(Cl)cc2[nH]c(-c3nc4c(s3)CCC4)nc12,0,-7.242,0.08333333333333333
O=C(Nc1ccc2c(c1)CNC2)c1cc(Cl)cc2[nH]c(-c3ncnn3C3CC3)nc12,0,-6.968,0.11
O=C(Nc1ccc2c(c1)CNC2)c1cc(Cl)cc2[nH]c(C3(n4ccnn4)CC3)nc12,0,-7.479,0.03
O=C(Nc1ccc2c(c1)CNC2)c1cc(Cl)cc2[nH]c(CCc3cccnc3)nc12,0,-7.208,0.02666666666666667
O=C(Nc1ccc2c(c1)CNC2)c1cc(Cl)cc2[nH]c(CN3CCCC3=O)cc12,0,-7.297,0.0
O=C(Nc1ccc2c(c1)CNC2)c1cc(Cl)cc2[nH]c(COc3ccccn3)nc12,0,-7.201,0.07
O=C(Nc1ccc2c(c1)CNC2)c1cc(Cl)cc2[nH]ncc12,0,-6.813,0.0
O=C(Nc1ccc2c(c1)CNC2)c1cc(Cl)cc2c1CCC2,0,-6.713,0.0
O=C(Nc1ccc2c(c1)CNC2)c1cc(Cl)cc2c1NCCC2,0,-6.631,0.0
O=C(Nc1ccc2c(c1)CNC2)c1cc(Cl)cc2c1cnn2C1CCC1,0,-7.32,0.0
O=C(Nc1ccc2c(c1)CNC2)c1cc(Cl)cc2c1cnn2C1CCOCC1,0,-6.958,0.0033333333333333335
O=C(Nc1ccc2c(c1)CNC2)c1cc(Cl)cc2c1cnn2C[C@H]1CCCO1,0,-7.197,0.0
O=C(Nc1ccc2c(c1)CNC2)c1cc(Cl)cc2cc[nH]c12,0,-6.707,0.0033333333333333335
O=C(Nc1ccc2c(c1)CNC2)c1cc(Cl)cc2ccccc12,0,-7.691,0.02666666666666667
O=C(Nc1ccc2c(c1)CNC2)c1cc(Cl)cc2ccncc12,0,-7.725,0.0
O=C(Nc1ccc2c(c1)CNC2)c1cc(Cl)cc2cn[nH]c12,0,-6.714,0.0
O=C(Nc1ccc2c(c1)CNC2)c1cc(Cl)cc2nccnc12,0,-6.301,0.006666666666666667
O=C(Nc1ccc2c(c1)CNC2)c1cc(Cl)cc2nn(-c3ccccc3)nc12,1,-7.09,1.0
O=C(Nc1ccc2c(c1)CNC2)c1cc(Cl)cc2nn(C3CCC3)cc12,0,-7.196,0.0
O=C(Nc1ccc2c(c1)CNC2)c1cc(Cl)cc2nn(C3CCOCC3)cc12,0,-7.72,0.0
O=C(Nc1ccc2c(c1)CNC2)c1cc(Cl)cc2nn(C3COC3)cc12,0,-7.077,0.006666666666666667
O=C(Nc1ccc2c(c1)CNC2)c1cc(Cl)cc2nn[nH]c12,0,-6.568,0.0
O=C(Nc1ccc2c(c1)CNC2)c1cc(Cl)ccc1-n1ccnc1,0,-6.946,0.0033333333333333335
O=C(Nc1ccc2c(c1)CNC2)c1cc(Cl)ccc1-n1cncn1,0,-6.477,0.0033333333333333335
O=C(Nc1ccc2c(c1)CNC2)c1cc(Cl)ccc1-n1cnnn1,0,-6.954,0.0033333333333333335
O=C(Nc1ccc2c(c1)CNC2)c1cc(Cl)ccc1OC1CCCC1,0,-6.679,0.0
O=C(Nc1ccc2c(c1)CNC2)c1cc(Cl)ccc1OCC(F)(F)F,0,-7.001,0.0033333333333333335
O=C(Nc1ccc2c(c1)CNC2)c1cc(Cl)ccc1SC1CCCC1,0,-6.485,0.006666666666666667
O=C(Nc1ccc2c(c1)CNC2)c1cc(Cl)nc2[nH]ccc12,0,-7.668,0.0
O=C(Nc1ccc2c(c1)CNC2)c1cc(Cl)nc2[nH]ncc12,0,-6.695,0.0
O=C(Nc1ccc2c(c1)CNC2)c1cc(F)c2[nH]c(=O)[nH]c2c1,0,-7.52,0.03
O=C(Nc1ccc2c(c1)CNC2)c1cc(F)c2[nH]ccc2c1,0,-7.206,0.01
O=C(Nc1ccc2c(c1)CNC2)c1cc(F)c2[nH]nnc2c1,0,-6.773,0.0
O=C(Nc1ccc2c(c1)CNC2)c1cc(F)cc(-c2c[nH]c(=O)c(F)c2)c1,0,-7.777,0.043333333333333335
O=C(Nc1ccc2c(c1)CNC2)c1cc(F)cc(-c2ccc3c(=O)[nH]ncc3c2)c1,0,-7.622,0.25333333333333335
O=C(Nc1ccc2c(c1)CNC2)c1cc(F)cc(-c2cccnc2)c1,0,-6.717,0.006666666666666667
O=C(Nc1ccc2c(c1)CNC2)c1cc(F)cc(-c2ccnc3c2CCO3)c1,0,-7.858,0.016666666666666666
O=C(Nc1ccc2c(c1)CNC2)c1cc(F)cc(-c2ccncc2)c1,0,-7.31,0.023333333333333334
O=C(Nc1ccc2c(c1)CNC2)c1cc(F)cc(-c2ccnn2CC2CC2)c1,0,-7.569,0.006666666666666667
O=C(Nc1ccc2c(c1)CNC2)c1cc(F)cc(-c2cn[nH]c2)c1,0,-7.196,0.02
O=C(Nc1ccc2c(c1)CNC2)c1cc(F)cc(-c2cnc(C3CC3)s2)c1,0,-7.736,0.0
O=C(Nc1ccc2c(c1)CNC2)c1cc(F)cc(-c2cnc3n2CCC3)c1,0,-7.758,0.02
O=C(Nc1ccc2c(c1)CNC2)c1cc(F)cc(/C=C/c2ccccc2)c1,0,-7.712,0.04
O=C(Nc1ccc2c(c1)CNC2)c1cc(F)cc(C2=CCCOC2)c1,0,-7.727,0.0
O=C(Nc1ccc2c(c1)CNC2)c1cc(F)cc(C2=CCOCC2)c1,0,-7.691,0.0
O=C(Nc1ccc2c(c1)CNC2)c1cc(F)cc(C=C2CCS(=O)(=O)CC2)c1,0,-7.663,0.0033333333333333335
O=C(Nc1ccc2c(c1)CNC2)c1cc(F)cc2[nH]c(-c3ccc(F)cc3)nc12,1,-7.19,1.0
O=C(Nc1ccc2c(c1)CNC2)c1cc(F)cc2[nH]c(-c3ccc(F)cc3O)nc12,0,-7.34,0.2733333333333333
O=C(Nc1ccc2c(c1)CNC2)c1cc(F)cc2[nH]c(-c3cccc(F)c3)nc12,0,-7.796,0.47333333333333333
O=C(Nc1ccc2c(c1)CNC2)c1cc(F)cc2[nH]c(-c3ccccc3)nc12,1,-7.615,1.0
O=C(Nc1ccc2c(c1)CNC2)c1cc(F)cc2[nH]c(-c3ccccc3F)nc12,0,-7.506,0.36333333333333334
O=C(Nc1ccc2c(c1)CNC2)c1cc(F)cc2[nH]c(-c3cnc(C4CC4)o3)nc12,0,-7.859,0.056666666666666664
O=C(Nc1ccc2c(c1)CNC2)c1cc(F)cc2[nH]c(-c3cnccc3O)nc12,0,-7.575,0.09
O=C(Nc1ccc2c(c1)CNC2)c1cc(F)cc2[nH]c(CC[C@H]3CCCOC3)nc12,0,-7.488,0.006666666666666667
O=C(Nc1ccc2c(c1)CNC2)c1cc(F)cc2[nH]c(CCc3cccnc3)nc12,0,-7.187,0.03666666666666667
O=C(Nc1ccc2c(c1)CNC2)c1cc(F)cc2[nH]cnc12,0,-6.314,0.0
O=C(Nc1ccc2c(c1)CNC2)c1cc(F)cc2[nH]ncc12,0,-6.731,0.0
O=C(Nc1ccc2c(c1)CNC2)c1cc(F)cc2[nH]nnc12,0,-6.414,0.0
O=C(Nc1ccc2c(c1)CNC2)c1cc(F)cc2c1CCC2,0,-7.4,0.0033333333333333335
O=C(Nc1ccc2c(c1)CNC2)c1cc(F)cc2c1CCNC2,0,-7.421,0.03666666666666667
O=C(Nc1ccc2c(c1)CNC2)c1cc(F)cc2nn(-c3ccccn3)nc12,1,-7.183,1.0
O=C(Nc1ccc2c(c1)CNC2)c1cc(O)nc(C2CC2)c1,0,-7.375,0.0033333333333333335
O=C(Nc1ccc2c(c1)CNC2)c1cc2ccccc2[nH]1,0,-7.405,0.03333333333333333
O=C(Nc1ccc2c(c1)CNC2)c1cc2ncccc2s1,0,-6.357,0.006666666666666667
O=C(Nc1ccc2c(c1)CNC2)c1ccc(-c2cncs2)cc1,0,-7.134,0.01
O=C(Nc1ccc2c(c1)CNC2)c1ccc(F)c2[nH]ncc12,0,-7.692,0.0
O=C(Nc1ccc2c(c1)CNC2)c1ccc(OC(F)(F)F)cc1,0,-7.669,0.05333333333333334
O=C(Nc1ccc2c(c1)CNC2)c1ccc(OCC(F)(F)F)nc1,0,-7.79,0.0033333333333333335
O=C(Nc1ccc2c(c1)CNC2)c1ccc2[nH]cc(C3CCNCC3)c2c1,0,-7.1,0.03333333333333333
O=C(Nc1ccc2c(c1)CNC2)c1ccc2[nH]ccc2c1,0,-6.403,0.02
O=C(Nc1ccc2c(c1)CNC2)c1ccc2[nH]cnc2c1,0,-6.372,0.01
O=C(Nc1ccc2c(c1)CNC2)c1ccc2[nH]ncc2c1,0,-6.759,0.01
O=C(Nc1ccc2c(c1)CNC2)c1ccc2c(Br)csc2c1,0,-6.621,0.0033333333333333335
O=C(Nc1ccc2c(c1)CNC2)c1ccc2c(C3=CCNCC3)csc2c1,0,-7.745,0.02
O=C(Nc1ccc2c(c1)CNC2)c1ccc2c(c1)C1(CC1)C(=O)N2,0,-7.168,0.06333333333333334
O=C(Nc1ccc2c(c1)CNC2)c1ccc2c(c1)CCC2,0,-6.897,0.06333333333333334
O=C(Nc1ccc2c(c1)CNC2)c1ccc2c(c1)NCCO2,0,-7.478,0.013333333333333334
O=C(Nc1ccc2c(c1)CNC2)c1ccc2cc[nH]c2c1,0,-6.951,0.01
O=C(Nc1ccc2c(c1)CNC2)c1ccc2ccncc2c1,0,-7.709,0.02666666666666667
O=C(Nc1ccc2c(c1)CNC2)c1ccc2nc(O)sc2c1,0,-7.072,0.006666666666666667
O=C(Nc1ccc2c(c1)CNC2)c1ccc2ncccc2c1,0,-7.154,0.006666666666666667
O=C(Nc1ccc2c(c1)CNC2)c1ccc2ncsc2c1,0,-6.596,0.0033333333333333335
O=C(Nc1ccc2c(c1)CNC2)c1ccc2ncsc2n1,0,-6.159,0.0
O=C(Nc1ccc2c(c1)CNC2)c1ccc2scnc2c1,0,-7.096,0.0033333333333333335
O=C(Nc1ccc2c(c1)CNC2)c1ccc2sncc2c1,0,-7.136,0.0033333333333333335
O=C(Nc1ccc2c(c1)CNC2)c1cccc(-c2cnco2)c1,0,-6.678,0.006666666666666667
O=C(Nc1ccc2c(c1)CNC2)c1cccc(O)c1,0,-6.567,0.09666666666666666
O=C(Nc1ccc2c(c1)CNC2)c1cccc2[nH]c(=O)[nH]c12,0,-7.042,0.043333333333333335
O=C(Nc1ccc2c(c1)CNC2)c1cccc2[nH]c(C(F)(F)F)cc12,0,-7.883,0.02
O=C(Nc1ccc2c(c1)CNC2)c1cccc2[nH]ccc12,0,-6.371,0.0033333333333333335
O=C(Nc1ccc2c(c1)CNC2)c1cccc2[nH]cnc12,0,-6.303,0.0
O=C(Nc1ccc2c(c1)CNC2)c1cccc2[nH]ncc12,0,-6.48,0.0
O=C(Nc1ccc2c(c1)CNC2)c1cccc2c(C3CNC3)n[nH]c12,0,-8.704,0.023333333333333334
O=C(Nc1ccc2c(c1)CNC2)c1cccc2c1OCCN2,0,-5.923,0.0033333333333333335
O=C(Nc1ccc2c(c1)CNC2)c1cccc2c1OCO2,0,-6.111,0.013333333333333334
O=C(Nc1ccc2c(c1)CNC2)c1cccc2c1[C@]1(CCN(C(=O)OCc3ccccc3)C1)C(=O)N2,0,-7.52,0.03
O=C(Nc1ccc2c(c1)CNC2)c1cccc2c1[C@]1(CCNC1)C(=O)N2,0,-6.897,0.006666666666666667
O=C(Nc1ccc2c(c1)CNC2)c1cccc2c3c([nH]c12)CCC3,0,-7.207,0.016666666666666666
O=C(Nc1ccc2c(c1)CNC2)c1cccc2ccncc12,0,-7.449,0.0
O=C(Nc1ccc2c(c1)CNC2)c1cccc2cn[nH]c12,0,-6.423,0.0
O=C(Nc1ccc2c(c1)CNC2)c1cccc2nc(C(F)(F)F)[nH]c12,0,-7.552,0.016666666666666666
O=C(Nc1ccc2c(c1)CNC2)c1cccc2nc(O)ccc12,0,-6.859,0.016666666666666666
O=C(Nc1ccc2c(c1)CNC2)c1cccc2ncccc12,0,-6.71,0.0
O=C(Nc1ccc2c(c1)CNC2)c1cccc2sccc12,0,-6.822,0.0033333333333333335
O=C(Nc1ccc2c(c1)CNC2)c1ccccc1-n1cccc1,0,-6.523,0.013333333333333334
O=C(Nc1ccc2c(c1)CNC2)c1ccccn1,0,-6.013,0.0
O=C(Nc1ccc2c(c1)CNC2)c1cccnc1,0,-5.991,0.0
O=C(Nc1ccc2c(c1)CNC2)c1ccn[nH]1,0,-5.948,0.006666666666666667
O=C(Nc1ccc2c(c1)CNC2)c1ccnc(CO)c1,0,-6.222,0.0
O=C(Nc1ccc2c(c1)CNC2)c1ccnc2[nH]ccc12,0,-7.066,0.0
O=C(Nc1ccc2c(c1)CNC2)c1ccncc1,0,-5.946,0.013333333333333334
O=C(Nc1ccc2c(c1)CNC2)c1cncc(-c2ccccc2)c1,0,-6.764,0.02
O=C(Nc1ccc2c(c1)CNC2)c1cncc(N2CCOCC2)c1,0,-6.074,0.0033333333333333335
O=C(Nc1ccc2c(c1)CNC2)c1cncc2[nH]ncc12,0,-6.32,0.0
O=C(Nc1ccc2c(c1)CNC2)c1cnnc2ccccc12,0,-7.387,0.02
O=C(Nc1ccc2c(c1)CNC2)c1n[nH]c(=O)c2ccccc12,0,-7.724,0.02
O=C(Nc1ccc2c(c1)CNC2)c1n[nH]c2ccc(F)cc12,0,-7.366,0.0
O=C(Nc1ccc2c(c1)CNC2)c1n[nH]c2ncc(Br)cc12,0,-7.269,0.0033333333333333335
O=C(Nc1ccc2c(c1)CNC2)c1nc(-c2ccccc2)cs1,0,-6.754,0.03333333333333333
O=C(Nc1ccc2c(c1)CNC2)c1nc(C(F)(F)F)cs1,0,-6.51,0.0033333333333333335
O=C(Nc1ccc2c(c1)CNC2)c1nc(Cl)nc2[nH]ccc12,0,-6.506,0.0
O=C(Nc1ccc2c(c1)CNC2)c1nc2ccccc2s1,0,-6.746,0.006666666666666667
O=C(Nc1ccc2c(c1)CNC2)c1ncc(Br)s1,0,-5.735,0.0033333333333333335
O=C(Nc1ccc2c(c1)CNC2)c1ncc(Cc2ccccc2)s1,0,-7.265,0.013333333333333334
O=C(Nc1ccc2c(c1)CNC2)c1nccc2[nH]ncc12,0,-6.737,0.0033333333333333335
O=C(Nc1ccc2c(c1)CNC2)c1ncnc2[nH]ccc12,0,-6.664,0.0033333333333333335
O=C(Nc1ccc2c(c1)CNC2)c1ncnc2ccsc12,0,-6.234,0.0
O=C(Nc1ccc2c(c1)CNC2)c1ncnc2sccc12,0,-6.223,0.0
O=C(Nc1ccc2c(c1)CNCC2)c1cc(Cl)cc2[nH]ncc12,0,-7.837,0.0
O=C(Nc1ccc2c(c1)CNCCC2)c1cc(Cl)cc2[nH]ncc12,0,-7.491,0.0
O=C(Nc1ccc2c(c1)CNCCO2)c1cc(Cl)cc2[nH]ncc12,0,-6.696,0.0
O=C(Nc1ccc2c(c1)CN[C@H]2C(=O)O)c1cc(F)cc2[nH]ncc12,0,-7.991,0.0033333333333333335
O=C(Nc1ccc2c(c1)CN[C@H]2C1CC1)c1cc(F)cc2[nH]ncc12,0,-7.796,0.0033333333333333335
O=C(Nc1ccc2c(c1)CN[C@H]2CC1CC1)c1cc(F)cc2[nH]ncc12,0,-7.886,0.0033333333333333335
O=C(Nc1ccc2c(c1)CN[C@H]2CCO)c1cc(F)cc2[nH]ncc12,0,-7.708,0.0033333333333333335
O=C(Nc1ccc2c(c1)CN[C@H]2CO)c1cc(F)cc2[nH]ncc12,0,-8.09,0.0
O=C(Nc1ccc2c(c1)CN[C@H]2C[C@H](O)CO)c1cc(Cl)cc2[nH]ncc12,0,-7.023,0.0033333333333333335
O=C(Nc1ccc2c(c1)CN[C@H]2C[C@H](O)CO)c1cc(F)cc2[nH]ncc12,0,-7.377,0.006666666666666667
O=C(Nc1ccc2c(c1)CN[C@H]2[C@H](O)CO)c1cc(F)cc2[nH]ncc12,0,-7.022,0.0033333333333333335
O=C(Nc1ccc2c(c1)CN[C@H]2c1ccccc1)c1cc(F)cc2[nH]ncc12,0,-7.392,0.14666666666666667
O=C(Nc1ccc2c(c1)COC2)c1cc(Cl)cc2[nH]ncc12,0,-6.855,0.0
O=C(Nc1ccc2c(c1)CS(=O)(=O)C2)c1cc(Cl)cc2[nH]ncc12,0,-6.687,0.006666666666666667
O=C(Nc1ccc2c(c1)C[C@H](O)C2)c1cc(Cl)cc2[nH]ncc12,0,-6.451,0.0
O=C(Nc1ccc2c(c1)OCCNC2)c1cc(Cl)cc2[nH]ncc12,0,-6.948,0.0
O=C(Nc1ccc2c(c1)OCO2)c1cc(Cl)cc2[nH]ncc12,0,-7.103,0.0
O=C(Nc1ccc2c(c1)S(=O)(=O)NC2)c1cc(Cl)cc2[nH]ncc12,0,-6.615,0.0
O=C(Nc1ccc2c(c1)[C@H]1CC[C@H]2N1)c1cc(Cl)cc2[nH]ncc12,0,0.0,0.016666666666666666
O=C(Nc1ccc2c(n1)CNC2)c1cc(Cl)cc2[nH]ncc12,0,-6.452,0.0
O=C(Nc1ccc2c[nH]nc2c1)c1cc(Cl)cc2[nH]ncc12,0,-6.608,0.013333333333333334
O=C(Nc1ccc2nc[nH]c2c1)c1cc(F)cc2[nH]ncc12,0,-7.232,0.006666666666666667
O=C(Nc1cccc(-c2nnn[nH]2)c1)c1cc(Cl)cc(C2CC2)c1,0,-7.127,0.006666666666666667
O=C(Nc1cccc(-c2nnn[nH]2)c1)c1cc(Cl)cc2[nH]ncc12,0,-6.681,0.01
O=C(Nc1cccc(-c2nnn[nH]2)c1)c1ccc(-c2cccnc2)s1,0,-7.748,0.09
O=C(Nc1cccc(-n2nn[nH]c2=O)c1)c1cc(Cl)cc(C2CC2)c1,0,-6.853,0.0
O=C(Nc1cccc(-n2nn[nH]c2=O)c1)c1cc(Cl)cc(N2CCCC2=O)c1,0,-7.16,0.013333333333333334
O=C(Nc1cccc(-n2nn[nH]c2=O)c1)c1cc(Cl)cc2c1CCC2,0,-7.129,0.0
O=C(Nc1cccc([C@@H]2C[C@H]2C(=O)O)c1)c1cc(Cl)cc2[nH]ncc12,0,-6.476,0.0
O=C(Nc1cccc2c1CNC2)c1cc(Cl)cc2[nH]ncc12,0,-6.647,0.0
O=C(Nc1ccccc1)OCc1ccccc1,0,-6.56,0.04
O=C(Nc1ccccc1)Oc1ccccc1,0,-6.039,0.07666666666666666
O=C(Nc1ccccc1)[C@@H]1CCCCN1C(=O)c1cc2cc(O)c(O)cc2o1,1,-7.751,1.0
O=C(Nc1ccccc1)[C@@H]1CCCN1C(=O)c1cc2c(O)cc(O)cc2o1,0,-7.249,0.31666666666666665
O=C(Nc1ccccc1)[C@@H]1CCCN1C(=O)c1cc2cc(O)c(O)cc2o1,1,-7.1,1.0
O=C(Nc1ccccc1)[C@@H]1CCCN1C(=O)c1cc2cc(O)c(O)cc2s1,1,-7.609,1.0
O=C(Nc1ccccc1)[C@@H]1CCCN1C(=O)c1nc2cc(O)c(O)cc2s1,0,-7.128,0.38333333333333336
O=C(Nc1ccccc1)c1cc2cc(O)c(O)cc2[nH]1,1,-7.083,1.0
O=C(Nc1ccccc1)c1cc2cc(O)c(O)cc2o1,1,-7.034,1.0
O=C(Nc1ccccc1)c1cc2cc(O)c(O)cc2s1,1,-6.839,1.0
O=C(Nc1ccccc1)c1cnc2cc(O)c(O)cc2c1,1,-7.078,1.0
O=C(Nc1ccccc1)c1nc2cc(O)c(O)cc2s1,0,-6.669,0.4766666666666667
O=C(Nc1cccnc1)C1CCN(Cc2c[nH]c3ccccc23)CC1,0,-6.517,0.0
O=C(Nc1cccs1)c1ccccc1Sc1ccc([N+](=O)[O-])cc1,0,-5.857,0.15333333333333332
O=C(Nc1cnc2c(c1)CNC2)c1cc(F)cc2[nH]ncc12,0,-6.816,0.0
O=C(Nc1cnc2c(c1)CNCC2)c1cc(Cl)cc2[nH]ncc12,0,-6.371,0.0
O=C(Nc1nc(O)c2c(n1)CNC2)c1cc(Cl)cc2[nH]ncc12,0,-6.916,0.013333333333333334
O=C(Nc1nc2cc(O)c(O)cc2s1)C(c1ccccc1)c1ccccc1,0,-8.421,0.38666666666666666
O=C(Nc1nc2cc(O)c(O)cc2s1)c1ccc(-c2ccccc2)cc1,1,-7.756,1.0
O=C(Nc1nc2cc(O)c(O)cc2s1)c1ccc(C2(C(F)(F)F)N=N2)cc1,1,-8.2,1.0
O=C(Nc1nc2cc(O)c(O)cc2s1)c1ccc(Cl)c(Cl)c1,1,-7.734,1.0
O=C(Nc1nc2cc(O)c(O)cc2s1)c1ccc(Cl)cc1,1,-7.626,1.0
O=C(Nc1nc2cc(O)c(O)cc2s1)c1ccc(I)cc1,1,-7.4,1.0
O=C(Nc1nc2cc(O)c(O)cc2s1)c1ccccc1,0,-7.051,0.41333333333333333
O=C(Nc1nc2cc(O)c(O)cc2s1)c1ccccc1Oc1ccc2cc(O)ccc2c1,1,-7.364,1.0
O=C(Nc1nc2cc(O)c(O)cc2s1)c1ccccc1Sc1ccc(C(F)(F)F)cc1,1,-7.15,1.0
O=C(Nc1nc2ccc([N+](=O)[O-])cc2s1)c1cccc(Sc2ccc([N+](=O)[O-])cc2)c1,0,-7.855,0.09333333333333334
O=C(Nc1nc2ccc([N+](=O)[O-])cc2s1)c1ccccc1Sc1ccc(C(F)(F)F)cc1,0,-7.583,0.16666666666666666
O=C(Nc1nc2ccc([N+](=O)[O-])cc2s1)c1ccccc1Sc1ccc([N+](=O)[O-])cc1,0,-7.391,0.08333333333333333
O=C(O)C1CCC2(CC1)CC(Cc1c[nH]c3ccc(Cl)cc13)C2,0,-6.77,0.043333333333333335
O=C(O)CCCc1cc(NC(=O)c2cc(F)cc3[nH]ncc23)cc2c1CNC2,0,-7.639,0.0
O=C(O)CCCc1ccc(NC(=O)c2cc(Cl)cc(NC(=O)OCc3ccccc3)c2)cc1,0,-7.545,0.07333333333333333
O=C(O)CCCc1cccc(NC(=O)c2cc(Cl)cc(NC(=O)OCc3ccccc3)c2)c1,0,-7.568,0.03333333333333333
O=C(O)CCCn1cnc(-c2cc(Cl)cc(NC(=O)OCc3ccccc3)c2)n1,0,-7.297,0.02666666666666667
O=C(O)CCc1ccc(NC(=O)c2cc(Cl)cc(C3CC3)c2)cc1,0,-6.656,0.016666666666666666
O=C(O)CCc1ccc(NC(=O)c2cc(Cl)cc(NC(=O)OCc3ccccc3)c2)cc1,0,-8.091,0.03666666666666667
O=C(O)CCc1cccc(NC(=O)c2cc(Cl)cc(NC(=O)OCc3ccccc3)c2)c1,0,-8.193,0.01
O=C(O)CN(c1ccc(Cl)cc1)S(=O)(=O)c1ccc(Oc2ccccc2Cl)cc1,0,-7.96,0.1
O=C(O)COc1cc2c(cc1Cc1c[nH]c3ccc(Cl)cc13)OCO2,0,-6.19,0.02
O=C(O)COc1ccc(Cl)cc1[C@H](Nc1ccc2c(c1)CNC2)C(=O)NCC(F)F,0,-7.43,0.02666666666666667
O=C(O)COc1cccc(NC(=O)c2cc(Cl)cc(NC(=O)OCc3ccccc3)c2)c1,0,-6.666,0.03333333333333333
O=C(O)C[C@H](NC(=O)OCc1ccccc1)c1ccc(OCc2ccccc2)c(Br)c1,0,-7.665,0.09
O=C(O)C[C@H]1CCCN1C(=O)c1cc(Cl)cc(NC(=O)OCc2ccccc2)c1,0,-7.295,0.0033333333333333335
O=C(O)C[C@H]1CN(c2ccc(-c3cc(Cl)cc(NC(=O)OCc4ccccc4)c3)cn2)CCO1,0,-7.134,0.02666666666666667
O=C(O)C[C@H]1NCc2cc(NC(=O)c3cc(Cl)cc4[nH]ncc34)ccc21,0,-6.81,0.0033333333333333335
O=C(O)Cc1c[nH]c2cc(-c3cc(Cl)cc(NC(=O)OCc4ccccc4)c3)ccc12,0,-7.236,0.25666666666666665
O=C(O)Cc1cc(NS(=O)(=O)c2ccc(Oc3ccccc3Cl)cc2)ccc1Cl,0,-7.274,0.07333333333333333
O=C(O)Cc1cc2c(c(Cc3c[nH]c4ccc(Cl)cc34)c1)OCC2,0,-6.223,0.01
O=C(O)Cc1cccc(NC(=O)c2cc(Cl)cc(NC(=O)OCc3ccccc3)c2)c1,0,-8.352,0.013333333333333334
O=C(O)Cc1cn2nc(-c3cc(Cl)cc(NC(=O)OCc4ccccc4)c3)ccc2n1,0,-7.582,0.09
O=C(O)Cn1ccnc(N2CC[C@@H](CO)C2)c1=O,0,-5.539,0.0033333333333333335
O=C(O)Cn1nc2ccc(-c3cc(Cl)cc(NC(=O)OCc4ccccc4)c3)nn2c1=O,0,-7.544,0.09333333333333334
O=C(O)Cn1ncc2cc(-c3cc(Cl)cc(NC(=O)OCc4ccccc4)c3)ccc21,0,-7.119,0.23333333333333334
O=C(O)[C@@H]1CC2(CC[C@@H]1NS(=O)(=O)c1ccc(Oc3ccccc3Cl)cc1)CC2,0,-7.005,0.02666666666666667
O=C(O)[C@@H]1CCCC[C@@H]1NS(=O)(=O)c1ccc(Oc2ccccc2Cl)cc1,0,-7.046,0.01
O=C(O)[C@@H]1CCCC[C@H]1NS(=O)(=O)c1ccc(Oc2ccccc2Cl)cc1,0,-7.273,0.01
O=C(O)[C@H]1CCCC[C@@H]1NS(=O)(=O)c1ccc(Oc2ccccc2Cl)cc1,0,-7.214,0.01
O=C(O)[C@H]1C[C@H](n2ccc(Cc3c[nH]c4ccc(Cl)cc34)n2)C1,0,-6.034,0.0033333333333333335
O=C(O)c1c(Br)sc2nnsc12,0,-4.455,0.07333333333333333
O=C(O)c1c(F)cc(F)cc1NS(=O)(=O)c1ccc(Oc2ccccc2Cl)cc1,0,-7.087,0.09
O=C(O)c1c(NS(=O)(=O)c2ccc(Oc3ccccc3Cl)cc2)ccc(Cl)c1F,0,-6.794,0.3566666666666667
O=C(O)c1cc(Cc2c[nH]c3ccc(Cl)cc23)cc(C2CC2)n1,0,-6.584,0.0
O=C(O)c1cc(Cl)c(Cl)cc1NS(=O)(=O)c1ccc(Oc2ccccc2Cl)cc1,1,-6.583,0.9966666666666667
O=C(O)c1cc(Cl)c(F)cc1NS(=O)(=O)c1ccc(Oc2ccccc2)cc1,0,-6.69,0.2
O=C(O)c1cc(Cl)c(F)cc1NS(=O)(=O)c1ccc(Oc2ccccc2Cl)cc1,1,-6.869,1.0
O=C(O)c1cc(Cl)c(F)cc1S(=O)(=O)Nc1ccc(Oc2ccccc2Cl)cc1,0,-7.569,0.26
O=C(O)c1cc(Cl)cc(Cl)c1S(=O)(=O)Nc1ccc(Oc2ccccc2Cl)cc1,0,-6.929,0.2633333333333333
O=C(O)c1cc(Cl)cc(F)c1NS(=O)(=O)c1ccc(Oc2ccccc2Cl)cc1,0,-7.484,0.31
O=C(O)c1cc(Cl)cc(NS(=O)(=O)c2ccc(-c3ccc(F)cc3)cc2)c1,0,-7.604,0.07666666666666666
O=C(O)c1cc(Cl)cc(NS(=O)(=O)c2ccc(Oc3ccccc3Cl)cc2)c1,0,-6.91,0.03666666666666667
O=C(O)c1cc(Cl)ccc1CNS(=O)(=O)c1ccc(Oc2ccccc2Cl)cc1,0,-8.18,0.11333333333333333
O=C(O)c1cc(Cl)ccc1CS(=O)(=O)c1ccc(Oc2ccccc2Cl)cc1,0,-7.839,0.09666666666666666
O=C(O)c1cc(Cl)ccc1NS(=O)(=O)c1ccc(-c2ccc(F)cc2)cc1,0,-7.365,0.10333333333333333
O=C(O)c1cc(Cl)ccc1NS(=O)(=O)c1ccc(-c2cccc(F)c2F)cc1,1,-6.8,1.0
O=C(O)c1cc(Cl)ccc1NS(=O)(=O)c1ccc(-c2ccccc2Cl)cc1,1,-6.788,1.0
O=C(O)c1cc(Cl)ccc1NS(=O)(=O)c1ccc(-c2ccccc2F)cc1,0,-6.67,0.19
O=C(O)c1cc(Cl)ccc1NS(=O)(=O)c1ccc(-c2cccnc2)cc1,0,-6.298,0.07666666666666666
O=C(O)c1cc(Cl)ccc1NS(=O)(=O)c1ccc(-c2ccncc2)cc1,0,-6.425,0.07
O=C(O)c1cc(Cl)ccc1NS(=O)(=O)c1ccc(-c2cn[nH]c2)cc1,0,-6.622,0.05333333333333334
O=C(O)c1cc(Cl)ccc1NS(=O)(=O)c1ccc(-c2cncs2)cc1,0,-6.519,0.03666666666666667
O=C(O)c1cc(Cl)ccc1NS(=O)(=O)c1ccc(-c2cscn2)cc1,0,-6.295,0.05
O=C(O)c1cc(Cl)ccc1NS(=O)(=O)c1ccc(Br)cc1,0,-5.662,0.043333333333333335
O=C(O)c1cc(Cl)ccc1NS(=O)(=O)c1ccc(NC2CCNCC2)nc1,0,-6.668,0.006666666666666667
O=C(O)c1cc(Cl)ccc1NS(=O)(=O)c1ccc(N[C@H]2CCCOC2)nc1,0,-6.655,0.0
O=C(O)c1cc(Cl)ccc1NS(=O)(=O)c1ccc(N[C@H]2CCOC2)nc1,0,-6.183,0.0
O=C(O)c1cc(Cl)ccc1NS(=O)(=O)c1ccc(Nc2ccccc2F)nc1,0,-7.362,0.04666666666666667
O=C(O)c1cc(Cl)ccc1NS(=O)(=O)c1ccc(OCc2ccccn2)cc1,0,-6.486,0.016666666666666666
O=C(O)c1cc(Cl)ccc1NS(=O)(=O)c1ccc(OCc2cccnc2)cc1,0,-6.386,0.016666666666666666
O=C(O)c1cc(Cl)ccc1NS(=O)(=O)c1ccc(OCc2ccncc2)cc1,0,-6.443,0.03666666666666667
O=C(O)c1cc(Cl)ccc1NS(=O)(=O)c1ccc(OCc2cncnc2)cc1,0,-6.499,0.016666666666666666
O=C(O)c1cc(Cl)ccc1NS(=O)(=O)c1ccc(OCc2ncccn2)cc1,0,-6.348,0.01
O=C(O)c1cc(Cl)ccc1NS(=O)(=O)c1ccc(OCc2nnnn2C2CCC2)cc1,0,-6.542,0.043333333333333335
O=C(O)c1cc(Cl)ccc1NS(=O)(=O)c1ccc(Oc2ccccc2)cc1,0,-7.141,0.03333333333333333
O=C(O)c1cc(Cl)ccc1NS(=O)(=O)c1ccc(Oc2ccccc2Cl)cc1,0,-6.755,0.14666666666666667
O=C(O)c1cc(Cl)ccc1NS(=O)(=O)c1ccc(Oc2ccccc2Cl)nc1,0,-7.307,0.10666666666666667
O=C(O)c1cc(Cl)ccc1S(=O)(=O)NC1CCC(N2CCCCC2=O)CC1,0,-7.139,0.01
O=C(O)c1cc(Cl)ccc1S(=O)(=O)NC1CCN(C(=O)c2ccccc2C(F)(F)F)CC1,0,-7.256,0.02
O=C(O)c1cc(Cl)ccc1S(=O)(=O)NC1CCN(CC2CCOCC2)CC1,0,-6.579,0.0
O=C(O)c1cc(Cl)ccc1S(=O)(=O)NC1CCN(Cc2ccc(F)c(F)c2)CC1,0,-7.209,0.006666666666666667
O=C(O)c1cc(Cl)ccc1S(=O)(=O)NC1CCN(Cc2ccccn2)CC1,0,-7.391,0.0
O=C(O)c1cc(Cl)ccc1S(=O)(=O)NC1CCN(S(=O)(=O)Cc2ccccc2)CC1,0,-7.341,0.0033333333333333335
O=C(O)c1cc(Cl)ccc1S(=O)(=O)NC1CCN(S(=O)(=O)c2ccc(I)cc2)CC1,0,-6.68,0.05333333333333334
O=C(O)c1cc(Cl)ccc1S(=O)(=O)NC1CCN(S(=O)(=O)c2cccs2)CC1,0,-6.297,0.01
O=C(O)c1cc(Cl)ccc1S(=O)(=O)NC1CCN(c2ccc(C(F)(F)F)cn2)CC1,0,-7.681,0.0033333333333333335
O=C(O)c1cc(Cl)ccc1S(=O)(=O)NC1CCN(c2nc(C3CC3)cc(C(F)(F)F)n2)CC1,0,-7.848,0.02
O=C(O)c1cc(Cl)ccc1S(=O)(=O)NC1CCN(c2ncnc3c2CCC3)CC1,0,-6.662,0.01
O=C(O)c1cc(Cl)ccc1S(=O)(=O)N[C@H]1CCN(Cc2ccccc2)C(=O)C1,0,-7.642,0.006666666666666667
O=C(O)c1cc(Cl)ccc1S(=O)(=O)N[C@H]1CCN(Cc2ccccc2)C2(CC2)C1,0,-6.42,0.013333333333333334
O=C(O)c1cc(Cl)ccc1S(=O)(=O)N[C@H]1CC[C@@H](Oc2ccccc2)CC1,0,-6.997,0.02666666666666667
O=C(O)c1cc(Cl)ccc1S(=O)(=O)N[C@H]1CC[C@@H](Oc2cnccn2)CC1,0,-6.366,0.0033333333333333335
O=C(O)c1cc(Cl)ccc1S(=O)(=O)N[C@H]1CC[C@H](Oc2cnccn2)CC1,0,-6.667,0.0033333333333333335
O=C(O)c1cc(Cl)ccc1S(=O)(=O)N[C@H]1CC[C@H]2CN(Cc3ccccc3)C[C@H]2C1,0,-7.027,0.02
O=C(O)c1cc(Cl)ccc1S(=O)(=O)N[C@H]1CCn2c(nnc2C(F)(F)F)C1,0,-6.878,0.01
O=C(O)c1cc(Cl)ccc1S(=O)(=O)Nc1ccc(-c2cccc(F)c2)cc1,0,-7.718,0.12
O=C(O)c1cc(Cl)ccc1S(=O)(=O)Nc1ccc(-c2n[nH]c3c2CCCC3)cc1,0,-6.839,0.05333333333333334
O=C(O)c1cc(Cl)ccc1S(=O)(=O)Nc1ccc(C(=O)N2CCCCC2)cc1,0,-6.943,0.016666666666666666
O=C(O)c1cc(Cl)ccc1S(=O)(=O)Nc1ccc(CCN2CCCC2)cc1,0,-6.567,0.0
O=C(O)c1cc(Cl)ccc1S(=O)(=O)Nc1ccc(CN2CCCCC2)cc1,0,-6.866,0.01
O=C(O)c1cc(Cl)ccc1S(=O)(=O)Nc1ccc(F)c(N2CCNC2=O)c1,0,-7.289,0.016666666666666666
O=C(O)c1cc(Cl)ccc1S(=O)(=O)Nc1ccc(F)c(NC(=O)C2CC2)c1,0,-7.069,0.013333333333333334
O=C(O)c1cc(Cl)ccc1S(=O)(=O)Nc1ccc(N2CCCCC2)c(Cl)c1,0,-6.5,0.023333333333333334
O=C(O)c1cc(Cl)ccc1S(=O)(=O)Nc1ccc(N2CCCCC2)c(F)c1,0,-6.377,0.013333333333333334
O=C(O)c1cc(Cl)ccc1S(=O)(=O)Nc1ccc(N2CCCCCC2)cc1,0,-6.978,0.02
O=C(O)c1cc(Cl)ccc1S(=O)(=O)Nc1ccc(N2CCCS2(=O)=O)cc1,0,-6.953,0.013333333333333334
O=C(O)c1cc(Cl)ccc1S(=O)(=O)Nc1ccc(Oc2ccccc2Cl)cc1,0,-7.39,0.06333333333333334
O=C(O)c1cc(Cl)ccc1S(=O)(=O)Nc1ccc(Oc2ccccn2)cc1,0,-6.425,0.04666666666666667
O=C(O)c1cc(Cl)ccc1S(=O)(=O)Nc1ccc(S(=O)(=O)N2CCCCC2)cc1,0,-6.499,0.02
O=C(O)c1cc(Cl)ccc1S(=O)(=O)Nc1ccc(S(=O)(=O)Nc2ccccc2)cc1,0,-6.791,0.11
O=C(O)c1cc(Cl)ccc1S(=O)(=O)Nc1nn(Cc2ccccc2)cc1Cl,0,-7.154,0.04666666666666667
O=C(O)c1cc(F)c(F)c(F)c1NS(=O)(=O)c1ccc(Oc2ccccc2Cl)cc1,0,-7.527,0.15333333333333332
O=C(O)c1cc(F)c(F)cc1NS(=O)(=O)c1ccc(Oc2ccccc2Cl)cc1,0,-7.138,0.15333333333333332
O=C(O)c1cc(NS(=O)(=O)c2ccc(Oc3ccccc3Cl)cc2)ccc1Cl,0,-6.288,0.10333333333333333
O=C(O)c1cc(OC2CCOCC2)c(F)cc1NS(=O)(=O)c1ccc(Oc2ccccc2Cl)cc1,0,-7.35,0.11666666666666667
O=C(O)c1cc(Oc2ccc(F)cc2)c(F)cc1NS(=O)(=O)c1ccc(Oc2ccccc2Cl)cc1,1,-8.23,0.9966666666666667
O=C(O)c1cc2c(cc1NS(=O)(=O)c1ccc(F)cc1)CCC2,0,-6.786,0.05
O=C(O)c1cc2c(cc1NS(=O)(=O)c1ccc(Oc3ccccc3Cl)cc1)CCC2,1,-6.858,1.0
O=C(O)c1cc2cc(-c3cc(Cl)c4[nH]c(=O)oc4c3)ccc2[nH]1,0,-6.667,0.10666666666666667
O=C(O)c1cc2cc(-c3cc(Cl)cc(C4CC4)c3)ccc2[nH]1,0,-7.046,0.07333333333333333
O=C(O)c1cc2cc(-c3cc(Cl)cc4c3CCNC4=O)ccc2[nH]1,0,-7.083,0.013333333333333334
O=C(O)c1cc2cc(-c3cc(Cl)cc4c3O[C@H](CO)C4)ccc2[nH]1,0,-6.829,0.03
O=C(O)c1cc2cc(-c3cc(Cl)cc4ncccc34)ccc2[nH]1,0,-6.548,0.043333333333333335
O=C(O)c1cc2cc(-c3cc(Cl)cn4ncnc34)ccc2[nH]1,0,-6.618,0.023333333333333334
O=C(O)c1cc2cc(-c3cccc([C@H]4CCOC4)n3)ccc2[nH]1,0,-6.913,0.01
O=C(O)c1cc2cc(-c3cccc([C@H]4CNCCO4)c3)ccc2[nH]1,0,-7.357,0.043333333333333335
O=C(O)c1cc2cc(-c3cccc([C@H]4COCCN4)c3)ccc2[nH]1,0,-7.318,0.043333333333333335
O=C(O)c1cc2cc(-c3nccc(C(F)F)n3)ccc2[nH]1,0,-6.242,0.006666666666666667
O=C(O)c1cc2cccc(Cc3c[nH]c4ccc(Cl)cc34)c2[nH]1,0,-6.435,0.006666666666666667
O=C(O)c1cc2sc(NC(=O)c3ccccc3Sc3ccc(C(F)(F)F)cc3)nc2cc1O,0,-7.157,0.31666666666666665
O=C(O)c1ccc(-c2cc(NC(=O)c3cc(F)cc4[nH]ncc34)cc3c2CNC3)cc1,0,-7.159,0.3
O=C(O)c1ccc(Cc2c[nH]c3ccc(Cl)cc23)cc1,0,-6.26,0.02
O=C(O)c1ccc(F)c(F)c1NS(=O)(=O)c1ccc(Oc2ccccc2Cl)cc1,0,-7.653,0.11333333333333333
O=C(O)c1ccc(NC(=O)c2cc(Cl)cc3[nH]ncc23)cc1,0,-6.298,0.02666666666666667
O=C(O)c1ccc2nc(Cc3c[nH]c4ccc(Cl)cc34)cn2c1,0,-6.411,0.0033333333333333335
O=C(O)c1cccc(CCc2cc(Cl)cc3[nH]ncc23)c1,0,-6.971,0.006666666666666667
O=C(O)c1cccc(NC(=O)c2cc(Cl)cc3[nH]ncc23)c1,0,-6.595,0.01
O=C(O)c1cccc(NC(=O)c2ccc3[nH]ccc3c2)c1,0,-7.181,0.09333333333333334
O=C(O)c1cccc(NC(=O)c2cccc(OCc3c(Cl)cccc3Cl)c2)c1,0,-7.404,0.08
O=C(O)c1ccsc1NS(=O)(=O)c1ccc(Oc2ccccc2Cl)cc1,0,-6.226,0.06
O=C(O)c1cscc1NS(=O)(=O)c1ccc(Oc2ccccc2Cl)cc1,0,-6.488,0.056666666666666664
O=C(O)c1nc(Cc2c[nH]c3ccc(Cl)cc23)c2ccccn12,0,-6.808,0.0
O=C(O)c1ncc(F)cc1NS(=O)(=O)c1ccc(Oc2ccccc2Cl)cc1,0,-7.119,0.06666666666666667
O=C(O)c1nccn2ncc(Cc3c[nH]c4ccc(Cl)cc34)c12,0,-6.332,0.0
O=C(O)c1nn(-c2ccccc2)cc1Cc1c[nH]c2ccc(Cl)cc12,0,-6.67,0.04
O=C(O)c1nscc1NS(=O)(=O)c1ccc(Oc2ccccc2Cl)cc1,0,-6.318,0.04
O=C(O)c1sc2cccnc2c1Br,0,-4.681,0.07
O=C(OC[C@H]1O[C@@H](OC(=O)c2cc(O)c(O)c(OC(=O)c3cc(O)c(O)c(O)c3)c2)[C@H](OC(=O)c2cc(O)c(O)c(OC(=O)c3cc(O)c(O)c(O)c3)c2)[C@@H](OC(=O)c2cc(O)c(O)c(OC(=O)c3cc(O)c(O)c(O)c3)c2)[C@@H]1OC(=O)c1cc(O)c(O)c(OC(=O)c2cc(O)c(O)c(O)c2)c1)c1cc(O)c(O)c(OC(=O)c2cc(O)c(O)c(O)c2)c1,1,0.0,0.9966666666666667
O=C([C@H](Nc1ccc2c(c1)CNC2)c1cc(Cl)cc(C2CC2)c1)N1CCOCC1,0,-6.706,0.0
O=C(c1cc(Cl)cc2[nH]ncc12)N1CCC(C2CCNCC2)CC1,0,-6.687,0.03666666666666667
O=C(c1cc(Cl)cc2[nH]ncc12)N1CCC[C@H]1C1CCNCC1,0,-5.774,0.023333333333333334
O=C(c1cc(Cl)cc2[nH]ncc12)N1CC[C@]2(CCNC2)C1,0,-6.032,0.023333333333333334
O=C(c1cc(Cl)cc2[nH]ncc12)N1C[C@H]2CNC[C@H]2C1,0,-5.628,0.02
O=C(c1cc(Cl)ccc1NS(=O)(=O)c1ccc(Oc2ccccc2Cl)cc1)N1CCCC1,0,-6.613,0.04666666666666667
O=C(c1cc(Cl)ccc1NS(=O)(=O)c1ccc(Oc2ccccc2Cl)cc1)N1CCC[C@@H]1CO,0,-7.41,0.03
O=C(c1cc(Cl)ccc1NS(=O)(=O)c1ccc(Oc2ccccc2Cl)cc1)N1CCC[C@H](O)C1,0,-7.578,0.01
O=C(c1cc(Cl)ccc1NS(=O)(=O)c1ccc(Oc2ccccc2Cl)cc1)N1CC[C@H](CO)C1,0,-7.174,0.016666666666666666
O=C(c1cccnc1)N1CCN(Cc2c[nH]c3ccccc23)CC1,0,-7.255,0.023333333333333334
O=C1/C(=C\c2ccc([N+](=O)[O-])cc2)CN(CC(=O)c2ccc(F)cc2)C/C1=C/c1ccc([N+](=O)[O-])cc1,0,-7.924,0.10333333333333333
O=C1C=C/C(=N/Nc2ccc([N+](=O)[O-])cc2Cl)C=C1C(=O)Nc1cccc(Cl)c1,1,-7.232,1.0
O=C1CCCc2cc(C(=O)Nc3ccc4c(c3)CNC4)ccc2N1,0,-6.799,0.08333333333333333
O=C1CCN(c2cc(Cl)cc(C(=O)Nc3ccc4c(c3)CNC4)c2)C(=O)N1,0,-7.766,0.0033333333333333335
O=C1CC[C@H]2[C@H](CCN2C(=O)c2ccc3c(c2)CNC3)N1,0,-6.348,0.013333333333333334
O=C1CCc2c(cc(Cl)cc2-c2ccc3[nH]c(C(=O)O)cc3c2)N1,0,-7.172,0.016666666666666666
O=C1CCc2c(cccc2C(=O)Nc2ccc3c(c2)CNC3)N1,0,-6.878,0.023333333333333334
O=C1CCc2cc(C(=O)Nc3ccc4c(c3)CNC4)cc(F)c2N1,0,-7.508,0.03666666666666667
O=C1CCc2cc(NC(=O)c3cc(Cl)cc4[nH]ncc34)ccc2N1,0,-7.19,0.0033333333333333335
O=C1CN(C(=O)Nc2ccc3c(c2)CNC3)[C@H]2CCCC[C@H]2N1,0,-7.147,0.0
O=C1CN(Cc2c[nH]c3ccccc23)CCN1c1cccnc1,0,-6.553,0.006666666666666667
O=C1COc2c(cccc2C(=O)Nc2ccc3c(c2)CNC3)N1,0,-6.324,0.0033333333333333335
O=C1COc2c(cccc2N2CCN(Cc3c[nH]c4ccccc34)CC2)N1,0,-7.388,0.02666666666666667
O=C1COc2cc(C(=O)Nc3ccc4c(c3)CNC4)ccc2N1,0,-7.138,0.02
O=C1C[C@@H](CNC(=O)c2cc(Cl)ccc2NS(=O)(=O)c2ccc(Oc3ccccc3Cl)cc2)CN1,0,-6.893,0.03666666666666667
O=C1C[C@H](c2cccc(-c3cc(F)cc(C(=O)Nc4ccc5c(c4)CNC5)c3)c2)N1,0,-8.283,0.09
O=C1C[C@H]2CN(C(=O)Nc3ccc4c(c3)CNC4)CC[C@H]2N1,0,-6.605,0.01
O=C1C[C@H]2[C@H](CCCN2C(=O)Nc2ccc3c(c2)CNC3)N1,0,-6.816,0.013333333333333334
O=C1Cc2c(C(=O)Nc3ccc4c(c3)CNC4)ccnc2N1,0,-6.552,0.03
O=C1Cc2c(cc(Br)cc2C(=O)Nc2ccc3c(c2)C(=O)OC3)N1,0,-6.537,0.013333333333333334
O=C1Cc2c(cc(Br)cc2C(=O)Nc2ccc3c(c2)CNC3)N1,0,-6.58,0.0033333333333333335
O=C1Cc2c(cc(F)cc2C(=O)Nc2cc([C@H]3CCOC3)ccn2)N1,0,-6.703,0.0
O=C1Cc2c(cc(F)cc2C(=O)Nc2ccc3c(c2)CNC3)N1,0,-6.89,0.013333333333333334
O=C1Cc2c(cccc2C(=O)NC2(c3ccc(O)nc3)CC2)N1,0,-6.597,0.006666666666666667
O=C1Cc2c(cccc2C(=O)NC2(c3ncccc3F)CC2)N1,0,-6.415,0.0033333333333333335
O=C1Cc2c(cccc2C(=O)NC2CC3(CCOCC3)C2)N1,0,-6.675,0.0
O=C1Cc2c(cccc2C(=O)NC2CCC3(CC2)COC3)N1,0,-6.45,0.0
O=C1Cc2c(cccc2C(=O)NC2CCN(c3nccs3)CC2)N1,0,-6.069,0.0
O=C1Cc2c(cccc2C(=O)NCC2(F)CC3(CCOCC3)C2)N1,0,-7.016,0.006666666666666667
O=C1Cc2c(cccc2C(=O)NC[C@H]2CCCN(c3nccs3)C2)N1,0,-6.867,0.0
O=C1Cc2c(cccc2C(=O)NC[C@H]2C[C@@H](n3cccn3)C2)N1,0,-6.467,0.006666666666666667
O=C1Cc2c(cccc2C(=O)N[C@H]2CCC23CCOCC3)N1,0,-6.61,0.0
O=C1Cc2c(cccc2C(=O)N[C@H]2CCC[C@@H](C(=O)NC3CC3)C2)N1,0,-7.139,0.03
O=C1Cc2c(cccc2C(=O)N[C@H]2CCSC3(CCOCC3)C2)N1,0,-6.345,0.0033333333333333335
O=C1Cc2c(cccc2C(=O)N[C@H]2CC[C@@H](n3ccnn3)CC2)N1,0,-5.883,0.0
O=C1Cc2c(cccc2C(=O)N[C@H]2CC[C@H](OC3CCCC3)CC2)N1,0,-7.484,0.01
O=C1Cc2c(cccc2C(=O)N[C@H]2CCc3cnccc32)N1,0,-6.785,0.013333333333333334
O=C1Cc2c(cccc2C(=O)N[C@H]2CCc3ncsc3C2)N1,0,-6.67,0.0
O=C1Cc2c(cccc2C(=O)N[C@H]2COc3cc(Br)cnc32)N1,0,-6.069,0.006666666666666667
O=C1Cc2c(cccc2C(=O)N[C@H]2C[C@@H](c3ncc[nH]3)C2)N1,0,-6.126,0.006666666666666667
O=C1Cc2c(cccc2C(=O)N[C@H]2C[C@H](Cn3ccnc3)C2)N1,0,-6.276,0.0
O=C1Cc2c(cccc2C(=O)N[C@H]2C[C@H](OC(F)F)C2)N1,0,-6.501,0.006666666666666667
O=C1Cc2c(cccc2C(=O)N[C@H]2C[C@H](c3ccon3)C2)N1,0,-5.98,0.0
O=C1Cc2c(cccc2C(=O)Nc2cc(Br)c3ncnn3c2)N1,0,-6.302,0.0033333333333333335
O=C1Cc2c(cccc2C(=O)Nc2cc([C@H]3CCOC3)ccn2)N1,0,-6.758,0.0
O=C1Cc2c(cccc2C(=O)Nc2cc3c(cn2)OCCO3)N1,0,-6.601,0.016666666666666666
O=C1Cc2c(cccc2C(=O)Nc2ccc(-c3cccnc3)cn2)N1,0,-7.303,0.013333333333333334
O=C1Cc2c(cccc2C(=O)Nc2ccc(Cl)c(CO)n2)N1,0,-7.057,0.0
O=C1Cc2c(cccc2C(=O)Nc2ccc(N3CCOC3=O)nc2)N1,0,-7.24,0.01
O=C1Cc2c(cccc2C(=O)Nc2ccc(O[C@H]3CCOC3)nc2)N1,0,-6.96,0.0
O=C1Cc2c(cccc2C(=O)Nc2ccc3[nH]nnc3c2)N1,0,-6.496,0.01
O=C1Cc2c(cccc2C(=O)Nc2ccc3c(c2)C(=O)OC3)N1,0,-6.809,0.03333333333333333
O=C1Cc2c(cccc2C(=O)Nc2ccc3c(c2)CCNCC3)N1,0,-7.244,0.02
O=C1Cc2c(cccc2C(=O)Nc2ccc3c(c2)CNC3)N1,0,-6.745,0.13
O=C1Cc2c(cccc2C(=O)Nc2ccc3c(c2)CNCC3)N1,0,-7.065,0.0033333333333333335
O=C1Cc2c(cccc2C(=O)Nc2ccc3c(c2)CNCCC3)N1,0,-7.706,0.0
O=C1Cc2c(cccc2C(=O)Nc2ccc3c(c2)CNCCO3)N1,0,-7.042,0.0033333333333333335
O=C1Cc2c(cccc2C(=O)Nc2ccc3c(c2)[C@H](O)CCO3)N1,0,-7.153,0.0
O=C1Cc2c(cccc2C(=O)Nc2ccc3c(n2)CNC3)N1,0,-6.524,0.016666666666666666
O=C1Cc2c(cccc2C(=O)Nc2cccc(-c3cn[nH]c3)c2)N1,0,-7.277,0.016666666666666666
O=C1Cc2c(cccc2C(=O)Nc2cccc(Cc3nn[nH]n3)c2)N1,0,-7.38,0.006666666666666667
O=C1Cc2c(cccc2C(=O)Nc2ccn(C[C@H]3CCOC3)n2)N1,0,-6.517,0.0
O=C1Cc2c(cccc2C(=O)Nc2ccnn2Cc2ccncc2)N1,0,-6.515,0.006666666666666667
O=C1Cc2c(cccc2C(=O)Nc2cnc(OC3CCC3)nc2)N1,0,-6.887,0.0
O=C1Cc2c(cccc2C(=O)Nc2cnn(Cc3ccncc3)c2)N1,0,-7.315,0.006666666666666667
O=C1Cc2c(cccc2C(=O)Nc2nc([C@H]3CCCOC3)cs2)N1,0,-6.894,0.0
O=C1Cc2c(cccc2C(=O)Nc2nnc3n2CCCS3)N1,0,-6.706,0.013333333333333334
O=C1Cc2cc(C(=O)Nc3ccc4c(c3)CNC4)c(Cl)cc2N1,0,-6.534,0.023333333333333334
O=C1Cc2cc(C(=O)Nc3ccc4c(c3)CNC4)ccc2N1,1,-7.14,0.9966666666666667
O=C1Cc2cc(NC(=O)c3cc(Cl)cc(NC(=O)OCc4ccccc4)c3)ccc2N1,0,-7.281,0.02666666666666667
O=C1Cc2cc(NC(=O)c3cc(Cl)cc4[nH]ncc34)ccc2N1,0,-7.265,0.0033333333333333335
O=C1Cc2ccc(NC(=O)c3cc(F)cc4[nH]ncc34)cc2N1,0,-7.778,0.0
O=C1NC[C@H](c2ccc(OCc3ccccc3)c(Br)c2)N1C(=O)OCc1ccccc1,0,-7.365,0.07333333333333333
O=C1NCc2c1cccc2C(=O)Nc1ccc2c(c1)CNC2,0,-7.936,0.03333333333333333
O=C1NCc2ccc(NC(=O)c3cc(Cl)cc4[nH]ncc34)cc21,0,-6.597,0.0
O=C1NS(=O)(=O)c2ccc(NC(=O)c3cc(Cl)cc4[nH]ncc34)cc21,0,-7.287,0.04666666666666667
O=C1Nc2ccc(C(=O)Nc3ccc4c(c3)CNC4)cc2C1=O,1,-7.116,1.0
O=C1Nc2ccccc2[C@H]1N1CCC(c2nc3ccccc3s2)CC1,0,-7.153,0.03666666666666667
O=C1Nc2ncccc2C[C@H]1NCc1n[nH]c2ccccc12,0,-6.746,0.013333333333333334
O=C1OCc2ccc(NC(=O)[C@H]3CCNC3)cc21,0,-5.69,0.0033333333333333335
O=C1OCc2ccc(NC(=O)[C@H]3CCNC34CCCC4)cc21,0,-6.737,0.0
O=C1OCc2ccc(NC(=O)[C@H]3CNC4(CCCC4)C3)cc21,0,-6.27,0.0033333333333333335
O=C1OCc2ccc(NC(=O)[C@H]3CNCc4[nH]ncc43)cc21,0,-6.855,0.0033333333333333335
O=C1OCc2ccc(NC(=O)c3cc(Cl)cc4[nH]ncc34)cc21,0,-7.63,0.0
O=C1OCc2ccc(NC(=O)c3cc(F)cc4[nH]ncc34)cc21,0,-7.662,0.0033333333333333335
O=C1OCc2ccc(NC(=O)c3cc(F)cc4c3CCNC4)cc21,0,-7.738,0.0033333333333333335
O=C1OCc2ccc(NC(=O)c3cccc4c3CNC4)cc21,0,-7.311,0.01
O=C1O[C@H]2CCN(Cc3ccc(OCc4ccccc4)cc3)C[C@H]12,0,-6.564,0.013333333333333334
O=C1c2c(O)ccc([N+](=O)[O-])c2C(=O)c2c([N+](=O)[O-])ccc(O)c21,0,4.451,0.34
O=C1c2ccccc2C(=O)N1CCCCSc1nnc(-c2ccc(NS(=O)(=O)c3ccc(C(F)(F)F)cc3)cc2)o1,0,-7.659,0.10666666666666667
O=C1c2ccccc2C(=O)N1CCCSc1nnc(-c2ccc(NS(=O)(=O)c3ccc(C(F)(F)F)cc3)cc2)o1,0,-7.247,0.09333333333333334
O=C1c2ccccc2C(=O)N1c1ccc(S(=O)(=O)Nc2cccc3ccccc23)cc1,0,-7.245,0.08333333333333333
O=Cc1cc(Cl)cc(NC(=O)OCc2ccccc2)c1,0,-6.604,0.01
O=Cc1ccc(CC(=O)N2C[C@@H](O)[C@H](N3CCOCC3)C2)cc1,0,-6.526,0.0
O=Cc1ccc(F)c(C(=O)N2CCN(C3=NCCCN3)CC2)c1,0,-6.722,0.0033333333333333335
O=Cc1ccc(N2CCC(C(=O)N3CCC(CCN4CCCC4)CC3)CC2)cc1,0,-7.638,0.01
O=Cc1ccc(N2CCC(C(=O)N3CCC(N4CCc5ccccc5C4)CC3)CC2)cc1,0,-7.375,0.07333333333333333
O=Cc1ccc(N2CCC(C(=O)N3CCN(CCc4ccccc4)CC3)CC2)cc1,0,-6.87,0.006666666666666667
O=Cc1ccc(N2CCC(C(=O)N3CCN(c4ccc([N+](=O)[O-])cc4C(F)(F)F)CC3)CC2)cc1,0,-7.608,0.07
O=Cc1ccc(N2CCC(C(=O)N3CCN(c4cccc(O)c4)CC3)CC2)cc1,0,-7.596,0.03333333333333333
O=Cc1ccc(N2CCC(C(=O)NCC(=O)c3ccc(O)cc3)CC2)cc1,0,-6.966,0.08
O=Cc1ccc(N2CCC(C(=O)NCCC3CCN(Cc4ccccc4)CC3)CC2)cc1,0,-7.494,0.07
O=Cc1ccc(N2CCC(C(=O)NCCN3CCc4ccccc43)CC2)cc1,0,-7.271,0.006666666666666667
O=Cc1ccc(N2CCC(C(=O)NCCc3ccc(O)c(O)c3)CC2)cc1,0,-7.472,0.18
O=Cc1ccc(N2CCC(C(=O)NCCc3ccccc3[N+](=O)[O-])CC2)cc1,0,-7.042,0.023333333333333334
O=Cc1ccc(N2CCC(C(=O)NC[C@@H]3CCCN4CCCC[C@H]34)CC2)cc1,0,-7.738,0.016666666666666666
O=Cc1ccc(N2CCC(C(=O)NC[C@H](O)c3ccc(O)c(O)c3)CC2)cc1,0,-7.653,0.13333333333333333
O=Cc1ccc(N2CCC(C(=O)NCc3cccc(-c4ccccc4)c3)CC2)cc1,0,-7.81,0.06
O=Cc1ccc(N2CCC(C(=O)Nc3ccc(Br)cc3O)CC2)cc1,0,-7.016,0.07666666666666666
O=Cc1ccc(N2CCC(C(=O)Nc3cccc(Br)n3)CC2)cc1,0,-6.742,0.016666666666666666
O=Cc1ccc(N2CCC(C(=O)Nc3ncc(Br)cc3O)CC2)cc1,0,-7.211,0.02666666666666667
O=S(=O)(CCOc1ccccc1)c1nccs1,0,-5.343,0.02
O=S(=O)(Cc1nnc(Cc2ccccc2)o1)c1ccc(O)cc1,0,-6.784,0.11666666666666667
O=S(=O)(Nc1ccc(Cl)cc1)c1ccc(Oc2ccccc2Cl)cc1,0,-6.829,0.05
O=S(=O)(Nc1ccc(Cl)cc1CN(CC1CC1)CC1CC1)c1ccc(Oc2ccccc2Cl)cc1,0,-7.097,0.1
O=S(=O)(Nc1ccc(Cl)cc1CO)c1ccc(Oc2ccccc2Cl)cc1,0,-6.975,0.02666666666666667
O=S(=O)(Nc1ccc(Oc2ccccc2Cl)cc1)c1c[nH]c2ccc(Cl)cc12,0,-7.545,0.06
O=S(=O)(Nc1ccc2c(c1)CNC2)c1cccc2[nH]ncc12,0,-5.906,0.023333333333333334
O=S(=O)(Nc1cccc(-c2nnn[nH]2)c1)c1cc(Cl)cc(-c2ccccc2)c1,0,-6.567,0.24666666666666667
O=S(=O)(Nc1cccc(-c2nnn[nH]2)c1)c1cc(Cl)cc(C(F)(F)F)c1,0,-7.165,0.02666666666666667
O=S(=O)(Nc1cccc(-c2nnn[nH]2)c1)c1cc(Cl)cc2c1OCC2,0,-6.056,0.0033333333333333335
O=S(=O)(Nc1cccc(-c2nnn[nH]2)c1)c1cc(F)cc(Cl)c1,0,-6.335,0.04
O=S(=O)(c1ccc(Oc2ccccc2Cl)cc1)n1ccc2cc(Cl)ccc21,0,-6.412,0.1
O=S(=O)(c1cccnc1)N1CCN(Cc2c[nH]c3ccccc23)CC1,0,-5.979,0.013333333333333334
O=S(=O)(c1cccs1)N1CCN(CC=Cc2ccccc2)CC1,0,-6.462,0.023333333333333334
O=S1(=O)CCN(CC#Cc2ccc3sncc3c2)CC1,0,-5.425,0.02
O=[N+]([O-])c1ccc2nc(NC(=S)Nc3ccc(I)cc3)sc2c1,0,-7.69,0.16666666666666666
O=c1[nH]c(CSc2ccccc2Cl)nc2ccsc12,0,-6.176,0.03333333333333333
O=c1[nH]c2cc(Cl)ccc2n1Cc1ccc(-c2nn[nH]n2)cc1,0,-6.118,0.03333333333333333
O=c1[nH]c2cccc(N3CCN(Cc4c[nH]c5ccccc45)CC3)c2[nH]1,0,-6.795,0.02666666666666667
O=c1[nH]c2cccc(N3CCN(Cc4c[nH]c5ccccc45)CC3)c2o1,0,-7.834,0.04
O=c1[nH]ncn1C1CCN(Cc2c[nH]c3ccccc23)CC1,0,-7.349,0.0
O=c1c(N2CC[C@H](CO)C2)nccn1C1CC1,0,-5.572,0.013333333333333334
O=c1c(O)c(-c2cc(O)c(O)c(O)c2)oc2cc(O)cc(O)c12,1,-7.758,1.0
O=c1c2ccccc2ncn1CCCn1cnc2ccccc2c1=O,0,-6.916,0.06666666666666667
O=c1c2ccccc2nnn1CSc1nnc(-c2ccccc2)o1,0,-6.025,0.10666666666666667
O=c1c2ccccc2sn1-c1c(Cl)cccc1Cl,1,-5.733,1.0
O=c1c2ccccc2sn1-c1ccc(Br)cc1,1,-5.182,1.0
O=c1c2ccccc2sn1-c1ccc([N+](=O)[O-])cc1,0,-5.479,0.4266666666666667
O=c1c2ccccc2sn1-c1ccccc1Cl,1,-5.353,1.0
O=c1c2ccccc2sn1-c1ccccc1O,1,-5.589,0.9966666666666667
O=c1c2ccccc2sn1-c1ccccc1[N+](=O)[O-],0,-5.479,0.37333333333333335
O=c1c2cccn2cnn1Cc1cnc(Cl)s1,0,-4.935,0.04
O=c1ccc(-n2cncn2)nn1CC=Cc1ccccc1,0,-5.681,0.05333333333333334
O=c1ccc(N2CCN(Cc3c[nH]c4ccccc34)CC2)c[nH]1,0,-7.087,0.013333333333333334
O=c1ccc(N2CCN(Cc3c[nH]c4ccccc34)CC2)n[nH]1,0,-6.46,0.01
O=c1ccccn1-c1ncc(Br)cn1,0,-4.551,0.12333333333333334
O=c1ccn(Cc2cc(=O)n3ccccc3n2)c2ccsc12,0,-6.339,0.04666666666666667
O=c1oc2cccnc2n1CC=Cc1ccccc1,0,-6.197,0.03333333333333333
OCC#C[C@H](Nc1ccc(-c2nnn[nH]2)cc1)c1cc(Cl)cc(C2CC2)c1,0,-6.997,0.05
OCC#C[C@H](Nc1ccc2c(c1)CNC2)c1cc(Cl)cc2[nH]ncc12,0,-7.106,0.013333333333333334
OCCCCCc1nc(-c2ccc(Br)o2)no1,0,-5.53,0.04666666666666667
OC[C@H](Cc1cccnc1)NCc1c[nH]c2ccccc12,0,-6.854,0.016666666666666666
OC[C@H]1CCN(c2ccnc(C(F)F)c2)C1,0,-5.273,0.0033333333333333335
OC[C@H]1CCN(c2cnc3ccccc3n2)C1,0,-5.806,0.006666666666666667
OC[C@H]1CCN(c2cncc(N3CCOCC3)n2)C1,0,-5.132,0.023333333333333334
OCc1ccc(Cl)c(N2CCN(c3ccc4[nH]cnc4c3)CC2)n1,0,-6.404,0.02666666666666667
ONCc1ccc(-c2ncc(OCCC3CCNCC3)nc2-c2ccc(CNO)cc2)cc1,1,-7.044,1.0
O[C@@H]1CN(Cc2c[nH]c3ccccc23)C[C@H]1c1c[nH]c2ccccc12,0,-7.576,0.02666666666666667
Oc1cc(N2CCN(Cc3c[nH]c4ccccc34)CC2)ccn1,0,-6.301,0.013333333333333334
[O-][S@@+](Cc1nc(-c2cccs2)no1)c1cccs1,0,-5.331,0.043333333333333335
[O-][S@@+](Cc1ncccn1)c1ncccc1Br,0,-4.852,0.06333333333333334
c1cc(-c2cc(CN3CCC(c4cscn4)CC3)n[nH]2)ccn1,0,-5.778,0.0033333333333333335
c1cc(-c2ccc(-c3ncc(OCC4CCNCC4)nc3-c3ccc(-c4ccsc4)cc3)cc2)cs1,1,-7.254,0.9966666666666667
c1cc(-c2nnc(NCc3nnn[nH]3)s2)no1,0,-5.413,0.023333333333333334
c1cc(C2CCN(Cc3c[nH]c4ccccc34)CC2)c2ccncc2c1,0,-8.186,0.03333333333333333
c1cc(CN2CCC(c3cscn3)CC2)[nH]n1,0,-4.987,0.006666666666666667
c1cc(Cc2noc(CCc3cscn3)n2)no1,0,-4.804,0.006666666666666667
c1cc([C@@H]2C[C@H]2c2ccc3c(c2)CNC3)c2cn[nH]c2c1,0,-7.071,0.06666666666666667
c1cc2sccc2c(N2CCN(Cc3ccc4cn[nH]c4c3)CC2)n1,0,-7.208,0.0033333333333333335
c1ccc(-c2[nH]c3ccccc3c2CN2CCC(c3cscn3)CC2)cc1,0,-7.536,0.056666666666666664
c1ccc(-c2c[nH]nc2CN2CCC(c3cscn3)CC2)cc1,0,-6.474,0.01
c1ccc(-c2ncc(CN3CCC(c4nc5ccccc5s4)CC3)[nH]2)cc1,0,-7.011,0.05
c1ccc(C2CCN(Cc3ccc4nccnc4c3)CC2)nc1,0,-6.55,0.016666666666666666
c1ccc(CC2CCN(Cc3c[nH]c4ccccc34)CC2)cc1,0,-7.837,0.043333333333333335
c1ccc(COc2ccc3[nH]cc(CN4CCC(c5cscn5)CC4)c3c2)cc1,0,-6.788,0.02
c1ccc(COc2ccc3c(CN4CCC(c5cscn5)CC4)c[nH]c3c2)cc1,0,-7.417,0.013333333333333334
c1ccc(COc2cccc3[nH]cc(CN4CCC(c5cscn5)CC4)c23)cc1,0,-6.357,0.04
c1ccc(N2CCN(Cc3c[nH]c4ccccc34)CC2)nc1,0,-6.894,0.0033333333333333335
c1ccc(NC2CCN(Cc3c[nH]c4ccccc34)CC2)cc1,0,-7.045,0.01
c1ccc(OC2CCN(Cc3c[nH]c4ccccc34)CC2)cc1,0,-7.0,0.023333333333333334
c1ccc([C@@H]2C[C@H]3C[C@@H]2C[C@H]3NCc2n[nH]c3ccccc23)cc1,0,-7.202,0.11666666666666667
c1ccc([C@H](NCc2c[nH]c3ccccc23)c2cccnc2)cc1,0,-6.408,0.023333333333333334
c1ccc2[nH]c(CC3CCN(Cc4nccs4)CC3)nc2c1,0,-6.818,0.0033333333333333335
c1ccc2c(CN3CC(c4cscn4)C3)c[nH]c2c1,0,-6.562,0.0
c1ccc2c(CN3CCC(c4nn[nH]n4)CC3)c[nH]c2c1,0,-6.59,0.006666666666666667
c1ccc2c(CN3CCCc4cnccc4C3)n[nH]c2c1,0,-6.509,0.0033333333333333335
c1ccc2c(CN3CCN(c4ccncc4)CC3)c[nH]c2c1,0,-7.097,0.0033333333333333335
c1ccc2c(CNC3CCN(Cc4cscn4)CC3)c[nH]c2c1,0,-7.46,0.0
c1ccc2c(CNCc3ccc(-c4cscn4)cc3)c[nH]c2c1,0,-6.254,0.056666666666666664
c1ccc2c(CN[C@H]3CCc4c([nH]c5ccccc45)C3)n[nH]c2c1,0,-7.44,0.04666666666666667
c1ccc2c(CN[C@H]3CCc4ncsc4C3)n[nH]c2c1,0,-5.884,0.0
c1ccc2c(Cc3ccc(-c4nnn[nH]4)cc3)c[nH]c2c1,0,-6.401,0.09
c1ccc2nc(SCc3cn4ccccc4n3)cnc2c1,0,-7.143,0.1
c1ccc2sc(C3CCN(CCc4c[nH]c5ccccc45)CC3)nc2c1,0,-6.979,0.013333333333333334
c1ccc2sc(C3CCN(Cc4n[nH]c5c4CCCC5)CC3)nc2c1,0,-6.763,0.03333333333333333
c1ccc2sc(C3CCN([C@H]4Cc5[nH]c6ccccc6c5C4)CC3)nc2c1,0,-7.679,0.04
c1cnc2[nH]cc(C3CCN(Cc4c[nH]c5ccncc45)CC3)c2c1,0,-6.464,0.023333333333333334
c1cnc2[nH]cc(C3CCN(Cc4c[nH]c5cnccc45)CC3)c2c1,0,-6.548,0.023333333333333334
c1cnc2c(c1)CC[C@@H]2NCc1n[nH]c2ccccc12,0,-6.136,0.01
c1cncc(-c2cc(CN3CCC(c4cscn4)CC3)n[nH]2)c1,0,-5.939,0.0033333333333333335
c1cncc(-c2cccc(NCc3c[nH]c4ccccc34)c2)c1,0,-7.325,0.06
c1cncc(C2CC(NCc3n[nH]c4ccccc34)C2)c1,0,-6.544,0.01
c1cncc(CC2CN(Cc3n[nH]c4ccccc34)C2)c1,0,-6.706,0.01
c1cncc(CN2CC[C@H](NCc3c[nH]c4ccccc34)C2)c1,0,-6.414,0.0033333333333333335
c1cncc(N2CCCN(Cc3c[nH]c4ccccc34)CC2)c1,0,-6.969,0.006666666666666667
c1cncc([C@@H]2CN(Cc3c[nH]c4ccccc34)CCO2)c1,0,-6.519,0.0033333333333333335
c1coc(CSCc2nc(-c3nc[nH]n3)no2)c1,0,-6.094,0.023333333333333334
c1csc(-c2nnc(Sc3ncnc4sccc34)o2)c1,0,-5.476,0.07
c1csc(CSc2nnc(Cn3cncn3)o2)c1,0,-4.423,0.01
c1nc(C2CCN(Cc3cc(C4CCOCC4)[nH]n3)CC2)cs1,0,-5.982,0.006666666666666667
c1nc(C2CCN(Cc3n[nH]c4c3CCC4)CC2)cs1,0,-6.161,0.0033333333333333335
c1nc(C2CCN(Cc3n[nH]c4c3COCC4)CC2)cs1,0,-5.707,0.006666666666666667
c1nnc(SCCCSc2nncs2)s1,0,-4.248,0.11333333333333333
